book,chapter,verse,text
Матеј,1,1,"Родослов Исуса Христа, сина Давидова, Авраамова сина."
Матеј,1,2,Авраам роди Исака. А Исак роди Јакова. А Јаков роди Јуду и браћу његову.
Матеј,1,3,А Јуда роди Фареса и Зару с Тамаром. А Фарес роди Есрома. А Есром роди Арама.
Матеј,1,4,А Арам роди Аминадава. А Аминадав роди Наасона. А Наасон роди Салмона.
Матеј,1,5,А Салмон роди Вооза с Рахавом. А Вооз роди Овида с Рутом. А Овид роди Јесеја.
Матеј,1,6,А Јесеј роди Давида цара. А Давид цар роди Соломона са Уријиницом.
Матеј,1,7,А Соломон роди Ровоама. А Ровоам роди Авију. А Авија роди Асу.
Матеј,1,8,А Аса роди Јосафата. А Јосафат роди Јорама. А Јорам роди Озију.
Матеј,1,9,А Озија роди Јоатама. А Јоатам роди Ахаза. А Ахаз роди Језекију.
Матеј,1,10,А Језекија роди Манасију. А Манасија роди Амона. А Амон роди Јосију.
Матеј,1,11,"А Јосија роди Јехонију и браћу његову, у сеоби вавилонској."
Матеј,1,12,"А по сеоби вавилонској, Јехонија роди Салатила. А Салатил роди Зоровавеља."
Матеј,1,13,А Зоровавељ роди Авиуда. А Авиуд роди Елиакима. А Елиаким роди Азора.
Матеј,1,14,А Азор роди Садока. А Садок роди Ахима. А Ахим роди Елиуда.
Матеј,1,15,А Елиуд роди Елеазара. А Елеазар роди Матана. А Матан роди Јакова.
Матеј,1,16,"А Јаков роди Јосифа, мужа Марије, од које се роди Исус звани Христос."
Матеј,1,17,"Свега, дакле, кољена од Авраама до Давида, кољена четрнаест, а од Давида до сеобе вавилонске кољена четрнаест, и од сеобе вавилонске до Христа, кољена четрнаест."
Матеј,1,18,"А рођење Исуса Христа овако би: Кад је мати његова Марија била обручена Јосифу, а прије него што се бјеху састали, нађе се да је затруднила од Духа Светога."
Матеј,1,19,"А Јосиф муж њезин, будући праведан и не хотећи је јавно изобличити, намисли је тајно отпустити."
Матеј,1,20,"Но кад он тако помисли, гле, јави му се у сну анђео Господњи говорећи: Јосифе, сине Давидов, не бој се узети Марију жену своју; јер оно што се у њој зачело од Духа је Светога."
Матеј,1,21,"Па ће родити сина, и надјени му име Исус: јер ће он спасти народ свој од гријеха њихових."
Матеј,1,22,А све се ово догодило да се испуни што је Господ казао преко пророка који говори:
Матеј,1,23,"Ето, дјевојка ће зачети, и родиће сина, и надјенуће му име Емануил, што ће рећи: С нама Бог."
Матеј,1,24,"Уставши Јосиф од сна, учини како му заповједи анђео Господњи и узе жену своју."
Матеј,1,25,"И не знадијаше за њу док не роди сина својега првенца, и надјену му име Исус."
Матеј,2,1,"А када се Исус роди у Витлејему јудејскоме у дане Ирода цара, гле, дођоше мудраци од Истока у Јерусалим и рекоше:"
Матеј,2,2,Гдје је цар јудејски који се роди? Јер видјесмо његову звијезду на Истоку и дођосмо да му се поклонимо.
Матеј,2,3,"Када то чу цар Ирод, уплаши се, и сав Јерусалим са њим."
Матеј,2,4,"И сабравши све првосвештенике и књижевнике народне, питаше их гдје ће се Христос родити."
Матеј,2,5,А они рекоше: У Витлејему јудејскоме; јер је тако пророк написао:
Матеј,2,6,"И ти Витлејеме, земљо Јудина, ни по чем ниси најмањи међу кнежевима Јудиним; јер ће из тебе изићи Вођа који ће напасати народ мој Израиља."
Матеј,2,7,"Онда Ирод, тајно дозвавши мудраце, сазнаде од њих када се појавила звијезда."
Матеј,2,8,"И пославши их у Витлејем, рече: Идите и распитајте се добро за дијете, па када га нађете, јавите ми, да и ја дођем да му се поклоним,"
Матеј,2,9,"А они, саслушавши цара, пођоше, и гле, звијезда, коју су видјели на Истоку, иђаше пред њима док не дође и стаде одозго гдје бјеше дијете."
Матеј,2,10,"А кад видјеше звијезду, обрадоваше се веома великом радости."
Матеј,2,11,"И ушавши у кућу, видјеше дијете са Маријом матером његовом, и падоше и поклонише му се, па отворивши ризнице своје принесоше му даре: злато, тамјан и смирну."
Матеј,2,12,"И примивши у сну заповјест да се не враћају Ироду, другим путем отидоше у земљу своју."
Матеј,2,13,"А кад они отидоше, а то анђео Господњи јави се Јосифу у сну и рече: Устани, узми дијете и матер његову, па бјежи у Египат, и буди ондје док ти не кажем: јер ће Ирод тражити дијете да га погуби."
Матеј,2,14,"И он уставши, узе дијете и матер његову ноћу и отиде у Египат."
Матеј,2,15,И би тамо до смрти Иродове - да се испуни што је Господ рекао преко пророка који говори: Из Египта дозвах сина својега.
Матеј,2,16,"Тада Ирод, видјев да су га мудраци преварили, разгњеви се веома и посла те погуби сву дјецу по Витлејему и по свој околини његовој од двије године и ниже, по времену које је тачно дознао од мудраца."
Матеј,2,17,Тада се испуни што је рекао пророк Јеремија говорећи:
Матеј,2,18,"Глас у Рами чу се, плач и ридање и нарицање много, Рахиља оплакује дјецу своју, и неће да се утјеши, јер их нема."
Матеј,2,19,"А по смрти Иродовој, гле, анђео Господњи јави се у сну Јосифу у Египту."
Матеј,2,20,"И рече: Устани, узми дијете и матер његову и иди у земљу Израиљеву; јер су помрли они који су тражили душу дјетета."
Матеј,2,21,"А он уставши, узе дијете и матер његову, и дође у земљу Израиљеву."
Матеј,2,22,"Али чувши да Архелај царује у Јудеји умјесто Ирода, оца својега, побоја се онамо ићи, него, примивши у сну заповијест, отиде у крајеве галилејске."
Матеј,2,23,"И дошавши настани се у граду званом Назарет, да се испуни што су рекли пророци да ће се Назарећанин назвати."
Матеј,3,1,У оне пак дане дође Јован Крститељ и проповиједаше у пустињи Јудејској.
Матеј,3,2,"И говораше: Покајте се, јер се приближило Царство небеско."
Матеј,3,3,"Јер то је онај за кога је рекао пророк Исаија говорећи: Глас вапијућег у пустињи: припремите пут Господњи, поравните стазе његове."
Матеј,3,4,"А сам Јован имаше хаљину од камиље длаке и појас кожни око бедара својих, а храна му бијаше биље и дивљи мед."
Матеј,3,5,"Тада излажаше к њему Јерусалим и сва Јудеја, и сва околина јорданска."
Матеј,3,6,"И он их крштаваше у Јордану, и исповиједаху гријехе своје."
Матеј,3,7,"А кад видје многе фарисеје и садукеје гдје долазе да их крсти, рече им: Породи аспидини, ко вам каза да бјежите од гњева који иде?"
Матеј,3,8,"Родите, дакле, род достојан покајања."
Матеј,3,9,И не мислите и не говорите у себи: Имамо оца Авраама; јер вам кажем да може Бог и од камења овога подигнуги дјецу Аврааму.
Матеј,3,10,"А већ и сјекира код коријена дрвећу стоји; свако, дакле, дрво које не рађа добра рода, сијече се и у огањ баца."
Матеј,3,11,Ја вас крштавам водом за покајање; а онај што долази за мном јачи је од мене: ја нисам достојан њему обуће понијети; он ће вас крстити Духом Светим и огњем.
Матеј,3,12,"Њему је лопата у руци па ће отријебити гумно своје, и скупиће пшеницу своју у житницу, а пљеву ће сажећи огњем неугасивим."
Матеј,3,13,Тада дође Исус из Галилеје на Јордан Јовану да га овај крсти.
Матеј,3,14,"А Јован му брањаше говорећи: Ти треба мене да крстиш, а ти ли долазиш мени?"
Матеј,3,15,"А Исус одговори и рече му: Остави сада, јер тако нам треба испунити сваку правду. Тада га остави."
Матеј,3,16,"И крстивши се Исус изиђе одмах из воде; и гле, отворише му се небеса, и видје Духа Божијега гдје силази као голуб и долази на њега."
Матеј,3,17,"И гле, глас са небеса који говори: Ово је Син мој љубљени који је по мојој вољи."
Матеј,4,1,Тада Исуса одведе Дух у пустињу да га ђаво куша.
Матеј,4,2,"И постивши дана четрдесет и ноћи четрдесет, напосљетку огладње."
Матеј,4,3,"И приступи к њему кушач и рече: Ако си Син Божији, реци да камење ово постану хљебови."
Матеј,4,4,"А он одговори и рече: Писано је: Не живи човјек о самом хљебу, но о свакој ријечи која излази из уста Божијих."
Матеј,4,5,"Тада га ђаво одведе у Свети град и постави га на крило храма,"
Матеј,4,6,"Па му рече: Ако си Син Божији, скочи доље, јер је писано: Анђелима својим заповиједиће за тебе, и узеће те на руке, да како не запнеш за камен ногом својом."
Матеј,4,7,А Исус му рече: И ово је написано: Немој кушати Господа Бога својега.
Матеј,4,8,"Опет га узе ђаво и одведе на гору врло високу, и показа му сва царства овога свијета и славу њихову,"
Матеј,4,9,И рече му: Све ово даћу теби ако паднеш и поклониш ми се.
Матеј,4,10,"Тада му Исус рече: Иди од мене, Сатано, јер је написано: Господу Богу своме клањај се и њему јединоме служи!"
Матеј,4,11,"Тада га ђаво остави, и гле, анђели приступише и служаху му."
Матеј,4,12,"А када чу Исус да је Јован предан, отиде у Галилеју."
Матеј,4,13,"И оставивши Назарет, дође и настани се у Капернауму приморскоме, у крајевима Завулоновим и Нефталимовим,"
Матеј,4,14,Да се испуни што је рекао пророк Исаија говорећи:
Матеј,4,15,"Земља Завулонова и земља Нефталимова, на путу к мору с оне стране Јордана, Галилеја незнабожачка;"
Матеј,4,16,"Народ који сједи у тами видје свјетлост велику, и онима који сједе у области и сјени смрти, свјетлост засија."
Матеј,4,17,"Од тада поче Исус проповиједати и говорити: Покајте се, јер се приближило Царство небеско."
Матеј,4,18,"А идући покрај мора Галилејског видје два брата. Симона, званога Петар, и Андреја, брата његова, гдје бацају мрежу у море, јер бијаху рибари."
Матеј,4,19,И рече им: Хајдете за мном и учинићу вас ловцима људи.
Матеј,4,20,А они одмах оставише мреже и пођоше за њим.
Матеј,4,21,"И отишавши одатле видје друга два брата, Јакова Зеведејева и Јована брата његова, у лађи са Зеведејем, оцем њиховим, гдје крпе мреже своје, и позва их."
Матеј,4,22,А они одмах оставише лађу и оца својега и пођоше за њим.
Матеј,4,23,"И прохођаше Исус по свој Галилеји учећи по синагогама њиховим, и проповиједајући јеванђеље о Царству, и исцјељујући сваку болест и сваку немоћ у народу."
Матеј,4,24,"И отиде глас о њему по свој Сирији; и приведоше му све болеснике, разним болестима и мукама обузете, и бјесомучне, и мјесечаре, и одузете, и исцијели их."
Матеј,4,25,"И за њим иђаше народа много из Галилеје, и из Декапоља, и из Јерусалима, и Јудеје и испреко Јордана."
Матеј,5,1,"А кад он видје народ многи, попе се на гору, и сједе, и приступише му ученици његови."
Матеј,5,2,И отворивши уста своја учаше их говорећи:
Матеј,5,3,"Блажени сиромашни духом, јер је њихово Царство небеско;"
Матеј,5,4,"Блажени који плачу, јер ће се утјешити;"
Матеј,5,5,"Блажени кротки, јер ће наслиједити земљу;"
Матеј,5,6,"Блажени гладни и жедни правде, јер ће се наситити;"
Матеј,5,7,"Блажени милостиви, јер ће бити помиловани;"
Матеј,5,8,"Блажени чисти срцем, јер ће Бога видјети;"
Матеј,5,9,"Блажени миротворци, јер ће се синови Божији назвати;"
Матеј,5,10,"Блажени прогнани правде ради, јер је њихово Царство небеско."
Матеј,5,11,"Блажени сте када вас срамоте и прогоне и лажући говоре против вас свакојаке рђаве ријечи, због мене."
Матеј,5,12,"Радујте се и веселите се, јер је велика плата ваша на небесима, јер су тако прогонили и пророке прије вас."
Матеј,5,13,"Ви сте со земљи: ако со обљутави, чиме ће се осолити? Она већ неће бити ни за шта осим да се проспе напоље и да је људи погазе."
Матеј,5,14,Ви сте свјетлост свијету; не може се град сакрити кад на гори стоји.
Матеј,5,15,"Нити се ужиже свјетиљка и меће под суд него на свијећњак, те свијетли свима који су у кући."
Матеј,5,16,"Тако да се свијетли свјетлост ваша пред људима, да виде ваша добра дјела и прославе Оца вашега који је на небесима."
Матеј,5,17,Не мислите да сам дошао да укинем Закон или Пророке: нисам дошао да укинем него да испуним.
Матеј,5,18,"Јер заиста вам кажем: Док не прође небо и земља, неће нестати ни најмањега словца или једне црте из Закона док се све не збуде."
Матеј,5,19,"Ако, дакле, ко укине једну од ових најмањих заповијести и научи тако људе, назваће се најмањи у Царству небескоме; а ко изврши и научи, тај ће се велики назвати у Царству небескоме."
Матеј,5,20,"Јер вам кажем да, ако не буде правда ваша већа него правда књижевника и фарисеја, нећете ући у Царство небеско."
Матеј,5,21,"Чули сте како је казано старима: Не убиј: јер ко убије, биће крив суду."
Матеј,5,22,"А ја вам кажем да ће сваки који се гњеви на брата свога ни за што, бити крив суду; а ако ли ко рече брату своме: ""Рака!"" биће крив синедриону; а ко рече: ""Будало!"" биће крив паклу огњеноме."
Матеј,5,23,"Ако, дакле, принесеш дар свој жртвенику, и ондје се сјетиш да брат твој има нешто против тебе,"
Матеј,5,24,"Остави ондје дар свој пред жртвеником, и иди те се најприје помири са братом својим, па онда дођи и принеси дар свој."
Матеј,5,25,"Мири се са супарником својим брзо, док си на путу с њим, да те супарник не преда судији, а судија да те не преда слуги и у тамницу да те не вргну."
Матеј,5,26,Заиста ти кажем: Нећеш изићи оданде док не даш до посљедњега новчића.
Матеј,5,27,Чули сте како је казано старима: Не чини прељубу.
Матеј,5,28,"А ја вам кажем да сваки који погледа на жену са жељом за њом, већ је учинио прељубу са њом у срцу своме."
Матеј,5,29,"А ако те око твоје десно саблажњава, ископај га и баци од себе; јер ти је боље да погине један од удова твојих неголи све тијело твоје да буде бачено у пакао."
Матеј,5,30,"Ако ли те десна рука твоја саблажњава, одсијеци је и баци од себе; јер ти је боље да погине један од удова твојих неголи да све тијело твоје буде бачено у пакао."
Матеј,5,31,"Тако је казано: Ко отпусти жену своју, нека јој да књигу отпусну."
Матеј,5,32,"А ја вам кажем да сваки који отпусти жену своју, осим због прељубе, наводи је да чини прељубу; и који се ожени отпуштеницом, прељубу чини."
Матеј,5,33,"Још сте чули како је казано старима: Не куни се криво, а испуни што си се Господу заклео."
Матеј,5,34,"А ја вам кажем: Не куните се никако: ни небом, јер је пријесто Божији;"
Матеј,5,35,"Ни земљом, јер је подножје ногама његовим; ни Јерусалимом, јер је град великога Цара."
Матеј,5,36,"Ни главом својом не куни се, јер не можеш ни длаку једну бијелом или црном учинити."
Матеј,5,37,"Дакле, нека буде ријеч ваша: да, да; не, не; а што је више од тога од злога је."
Матеј,5,38,"Чули сте да је казано: Око за око, и зуб за зуб."
Матеј,5,39,"А ја вам кажем да се не противите злу, него ако те ко удари по десном образу твом, окрени му и други;"
Матеј,5,40,"И који хоће да се суди с тобом и кошуљу твоју да узме, подај му и хаљину;"
Матеј,5,41,"И ако те ко потјера једну миљу, иди с њим двије."
Матеј,5,42,"Који иште у тебе, подај му; и који хоће од тебе да позајми, не одреци му."
Матеј,5,43,"Чули сте да је казано: Љуби ближњега својега, и мрзи непријатеља својега."
Матеј,5,44,"А ја вам кажем: Љубите непријатеље своје, благосиљајте оне који вас куну, чините добро онима који вас мрзе и молите се за оне који вас вријеђају и гоне,"
Матеј,5,45,Да будете синови Оца својега који је на небесима; јер Он својим сунцем обасјава и зле и добре; и даје дажд праведнима и неправеднима.
Матеј,5,46,"Јер ако љубите оне који вас љубе, какву плату имате? Не чине ли тако и цариници?"
Матеј,5,47,"И ако поздрављате само браћу своју, шта одвише чините? Не чине ли тако и незнабошци?"
Матеј,5,48,"Будите ви, дакле, савршени, као што је савршен Отац ваш небески."
Матеј,6,1,Пазите да милостињу своју не чините пред људима да вас они виде: иначе плате немате од Оца својега који је на небесима.
Матеј,6,2,"Када, дакле, дајеш милостињу, не труби пред собом, као што чине лицемјери по синагогама и по улицама да их људи хвале. Заиста вам кажем: Примили су плату своју."
Матеј,6,3,"А ти кад чиниш милостињу, да не зна љевица твоја шта чини десница твоја,"
Матеј,6,4,"Да би милостиња твоја била у тајности: и Отац твој који види тајно, узвратиће теби јавно."
Матеј,6,5,"И када се молиш Богу, не буди као лицемјери, који радо по синагогама и на раскршћу улица стоје и моле се да их виде људи. Заиста вам кажем: Примили су плату своју."
Матеј,6,6,"А ти када се молиш, уђи у клијет своју, и затворивши врата своја, помоли се Оцу своме који је у тајности: и Отац твој који види тајно, узвратиће теби јавно."
Матеј,6,7,"А када се молите, не празнословите као незнабошци, јер они мисле да ће за многе ријечи своје бити услишени."
Матеј,6,8,"Не будите, дакле, слични њима; јер зна Отац ваш шта вам треба прије но што заиштете од њега."
Матеј,6,9,"Овако, дакле, молите се ви: Оче наш који си на небесима, да се свети име твоје;"
Матеј,6,10,Да дође царство твоје; да буде воља твоја и на земљи као на небу;
Матеј,6,11,Хљеб наш насушни дај нам данас;
Матеј,6,12,И опрости нам дугове наше као што и ми опраштамо дужницима својим;
Матеј,6,13,"И не уведи нас у искушење, но избави нас од злога. Јер је твоје царство и сила и слава у вијекове. Амин."
Матеј,6,14,"Јер ако опростите људима сагрјешења њихова, опростиће и вама Отац ваш небески."
Матеј,6,15,"Ако ли не опростите људима сагрјешења њихова, ни Отац ваш неће опростити вама сагрјешења ваша."
Матеј,6,16,"А кад постите, не будите суморни као лицемјери: јер они натмуре лица своја да се покажу људима како посте. Заиста вам кажем: примили су плату своју."
Матеј,6,17,"А ти када постиш, намажи главу своју, и лице своје умиј,"
Матеј,6,18,"Да те не виде људи гдје постиш, него Отац твој који је у тајности; и Отац твој који види тајно, узвратиће теби јавно."
Матеј,6,19,"Не сабирајте себи блага на земљи, гдје мољац и рђа квари, и гдје лопови поткопавају и краду;"
Матеј,6,20,"Него сабирајте себи блага на небу, гдје ни мољац ни рђа не квари, и гдје лопови не поткопавају и не краду."
Матеј,6,21,"Јер гдје је благо ваше, ондје ће бити и срце ваше."
Матеј,6,22,"Свјетиљка тијелу је око. Ако, дакле, око твоје буде здраво, све ће тијело твоје свијетло бити."
Матеј,6,23,"Ако ли око твоје кварно буде, све ће тијело твоје тамно бити. Ако је, дакле, свјетлост која је у теби тама, колика је тек тама!"
Матеј,6,24,"Нико не може два господара служити; јер или ће једнога мрзити, а другога љубити; или ће се једнога држати, а другога презирати. Не можете служити Богу и мамону."
Матеј,6,25,"Зато вам кажем: Не брините се душом својом, шта ћете јести, или шта ћете пити; ни тијелом својим, у шта ћете се одјенути. Није ли душа претежнија од хране, и тијело од одијела?"
Матеј,6,26,"Погледајте на птице небеске како не сију, нити жању, ни сабирају у житнице; па Отац ваш небески храни их. Нисте ли ви много претежнији од њих?"
Матеј,6,27,А ко од вас бринући се може придодати расту своме лакат један?
Матеј,6,28,И за одијело што се бринете? Погледајте на кринове у пољу како расту; не труде се нити преду.
Матеј,6,29,Али ја вам кажем да се ни Соломон у свој слави својој не одјену као један од њих.
Матеј,6,30,"Па када траву у пољу, која данас јесте а сутра се у пећ баца, Бог тако одијева; а камоли вас, маловјерни?"
Матеј,6,31,"Не брините се, дакле, говорећи: Шта ћемо јести, или шта ћемо пити, или чиме ћемо се одјенути?"
Матеј,6,32,Јер све ово незнабошци ишту; а зна и Отац ваш небески да вама треба све ово.
Матеј,6,33,"Него иштите најприје Царство Божије и правду његову, и ово ће вам се све додати."
Матеј,6,34,"Не брините се, дакле, за сутра; јер сутра бринуће се за се. Доста је сваком дану зла свога."
Матеј,7,1,"Не судите, да вам се не суди;"
Матеј,7,2,"Јер каквим судом судите, онаквим ће вам се судити; и каквом мјером мјерите, онаквом ће вам се мјерити."
Матеј,7,3,"А зашто видиш трун у оку брата свога, а брвно у оку своме не осјећаш?"
Матеј,7,4,"Или, како ћеш рећи брату своме: стани да ти извадим трун из ока твога: а ето брвно у оку твоме?"
Матеј,7,5,"Лицемјере, извади најприје брвно из ока свога, па ћеш онда видјети извадити трун из ока брата свога."
Матеј,7,6,"Не дајте светиње псима; нити бацајте бисера својих пред свиње, да их не погазе ногама својим, и окренувши се не растргну вас."
Матеј,7,7,"Иштите, и даће вам се; тражите, и наћи ћете; куцајте, и отвориће вам се."
Матеј,7,8,"Јер сваки који иште, прима; и који тражи, налази; и који куца, отвориће му се."
Матеј,7,9,"Или који је међу вама човјек од кога ако син његов заиште хљеба, камен да му да?"
Матеј,7,10,"Или ако рибе заиште, да му да змију?"
Матеј,7,11,"Када, дакле, ви, зли будући, умијете даре добре давати дјеци својој, колико ће више Отац ваш небески дати добра онима који му ишту?"
Матеј,7,12,"Све, дакле, што хоћете да чине вама људи, тако чините и ви њима: јер то је Закон и Пророци."
Матеј,7,13,"Уђите на уска врата; јер су широка врата и широк пут што воде у пропаст, и много их има који њиме иду."
Матеј,7,14,"Јер су уска врата и тијесан пут што воде у живот, и мало их је који га налазе."
Матеј,7,15,"Чувајте се лажних пророка, који вам долазе у одијелу овчијем, а изнутра су вуци грабљиви."
Матеј,7,16,"По плодовима њиховим познаћете их. Еда ли се бере са трња грожђе, или са чичка смокве?"
Матеј,7,17,"Тако свако добро дрво плодове добре рађа, а зло дрво плодове зле рађа."
Матеј,7,18,"Не може дрво добро плодове зле рађати, ни дрво зло, плодове добре рађати."
Матеј,7,19,Свако дрво које не рађа добра плода сијече се и у огањ баца.
Матеј,7,20,"И тако, дакле, по плодовима њиховим познаћете их."
Матеј,7,21,"Неће сваки који ми говори: Господе, Господе, ући у Царство небеско; но који твори вољу Оца мојега који је на небесима."
Матеј,7,22,"Многи ће ми рећи у онај дан: Господе, Господе, нисмо ли у име твоје пророковали, и твојим именом демоне изгонили, и твојим именом чудеса многа творили?"
Матеј,7,23,И тада ћу им јавно казати: Никад вас нисам знао; идите од мене ви који чините безакоње.
Матеј,7,24,"Сваки, дакле, који слуша ове ријечи моје и извршује их, упоредићу га са човјеком мудрим који сазида кућу своју на камену;"
Матеј,7,25,"И удари дажд, и дођоше воде, и дунуше вјетрови, и навалише на кућу ону, и не паде; јер бјеше утемељена на камену."
Матеј,7,26,"А сваки који слуша ове ријечи моје и не извршује их, биће сличан човјеку лудом који сазида кућу своју на пијеску;"
Матеј,7,27,"И удари дажд, и дођоше воде, и дунуше вјетрови и ударише на кућу ону, и паде, а пад њезин бијаше страшан."
Матеј,7,28,"И када заврши Исус ријечи ове, дивљаше се народ науци његовој."
Матеј,7,29,"Јер их учаше као онај који власт има, а не као књижевници и фарисеји."
Матеј,8,1,"А кад сиђе са горе, за њим пође мноштво народа."
Матеј,8,2,"И гле, дође губавац и клањаше му се говорећи: Господе, ако хоћеш, можеш ме очистити."
Матеј,8,3,"И пруживши руку Исус, дохвати га се говорећи: Хоћу, очисти се. И одмах се очисти од губе своје."
Матеј,8,4,"И рече му Исус: Гледај, никоме не казуј, него иди и покажи се свештенику, и принеси дар који је заповједио Мојсеј ради свједочанства њима."
Матеј,8,5,"А кад уђе у Капернаум, приступи му капетан молећи га и говорећи:"
Матеј,8,6,"Господе, слуга мој лежи дома одузет, и страшно се мучи."
Матеј,8,7,А Исус му рече: Ја ћу доћи и исцијелићу га.
Матеј,8,8,"И капетан одговори и рече: Господе, нисам достојан да под кров мој уђеш, него само реци ријеч, и оздравиће слуга мој."
Матеј,8,9,"Јер и ја сам човјек под влашћу, и имам под собом војнике, па речем једноме: иди, и иде: и другоме: дођи, и дође; и слуги своме: учини то, и учини."
Матеј,8,10,"А кад чу Исус, задиви се и рече онима што иду за њим: Заиста вам кажем: ни у Израиљу толике вјере не нађох."
Матеј,8,11,"А кажем вам да ће многи од истока и запада доћи и сјешће за трпезу с Авраамом, и Исаком, и Јаковом у Царству небескоме;"
Матеј,8,12,А синови царства биће изгнани у таму најкрајњу; ондје ће бити плач и шкргут зуба.
Матеј,8,13,"А капетану рече Исус: Иди, и како си вјеровао нека ти буде. И оздрави слуга његов у тај час."
Матеј,8,14,"И дошавши Исус у дом Петров, видје ташту његову гдје лежи и грозница је тресе."
Матеј,8,15,"И дотаче се руке њене, и пусти је ватра, и устаде и служаше му."
Матеј,8,16,"А када би вече, доведоше к њему бјесомучних много, и изагна духове ријечју, и све болеснике исцијели,"
Матеј,8,17,Да се испуни што је казао Исаија пророк говорећи: Он немоћи наше узе и болести понесе.
Матеј,8,18,"А када видје Исус много народа око себе, заповједи да пређу на ону страну."
Матеј,8,19,"И приступивши један књижевник рече му: Учитељу, ићи ћу за тобом куд год пођеш."
Матеј,8,20,"Рече му Исус: Лисице имају јаме и птице небеске гнијезда, а Син Човјечији нема гдје главу заклонити."
Матеј,8,21,"А други од ученика његових рече му: Господе, допусти ми најприје да одем и укопам оца својега."
Матеј,8,22,"А Исус му рече: Хајде за мном, а остави нека мртви укопавају своје мртве."
Матеј,8,23,"И кад уђе у лађу, за њим уђоше ученици његови."
Матеј,8,24,"И гле, бура велика настаде на мору, тако да се лађа покри валовима; а он спаваше."
Матеј,8,25,"И пришавши ученици његови, пробудише га говорећи: Господе, спаси нас, изгибосмо!"
Матеј,8,26,"И рече им: Зашто сте страшљиви, маловјерни? Тада уставши запријети вјетровима и мору, и настаде тишина велика."
Матеј,8,27,А људи се зачудише говорећи: Ко је овај да га слушају и вјетрови и море?
Матеј,8,28,"А кад он дође на ону страну у земљу гергесинску, сретоше га два бјесомучника, излазећи из гробова, тако опака да не могаше нико проћи путем оним."
Матеј,8,29,"И гле, повикаше говорећи: Шта хоћеш од нас, Исусе, Сине Божији? Зар си дошао амо прије времена да нас мучиш?"
Матеј,8,30,А далеко од њих пасијаше велико крдо свиња.
Матеј,8,31,"И демони га мољаху говорећи: Ако нас изгониш, дозволи нам да идемо у крдо свиња."
Матеј,8,32,"И рече им: Идите. И они изишавши отидоше у крдо свиња. И гле, навали све крдо свиња са бријега у море, и утопише се у води."
Матеј,8,33,"А свињари побјегоше; и дошавши у град казаше све, и за бјесомучнике."
Матеј,8,34,"И гле, сав град изиђе у сусрет Исусу; и видјевши га, молише да оде из њиховог краја."
Матеј,9,1,"И ушавши у лађу, пређе и дође у свој град."
Матеј,9,2,"И гле, донесоше му одузетога који лежаше на одру. И видјевши Исус вјеру њихову, рече одузетоме: Не бој се, чедо, опраштају ти се гријеси твоји."
Матеј,9,3,"И гле, неки од књижевника рекоше у себи: Овај хули на Бога."
Матеј,9,4,"А Исус, видјевши помисли њихове, рече: Зашто ви зло мислите у срцима својим?"
Матеј,9,5,"Јер шта је лакше, рећи: Опраштају ти се гријеси; или рећи: Устани и ходи?"
Матеј,9,6,"Али да знате да власт има Син Човјечији на земљи опраштати гријехе; тада рече одузетоме: Устани, узми одар свој и иди дому своме."
Матеј,9,7,И уставши отиде дому своме.
Матеј,9,8,"А народ видјевши задиви се и прослави Бога, који је дао такву власт људима."
Матеј,9,9,"И одлазећи Исус оданде видје човјека гдје сједи на царини, по имену Матеја, и рече му: Хајде за мном. И уставши отиде за њим."
Матеј,9,10,"И кад јеђаше у кући, гле, многи цариници и грјешници дођоше и јеђаху са Исусом и са ученицима његовим."
Матеј,9,11,"И видјевши то, фарисеји рекоше ученицима његовим: Зашто са цариницима и грјешницима учитељ ваш једе и пије?"
Матеј,9,12,А Исус чувши рече им: Не требају здрави љекара него болесни.
Матеј,9,13,"Него идите и научите се шта значи: Милост хоћу, а не жртвоприношење. Јер нисам дошао да зовем праведнике но грјешнике на покајање."
Матеј,9,14,"Тада му приступише ученици Јованови говорећи: Зашто ми и фарисеји постимо много, а ученици твоји не посте?"
Матеј,9,15,"А Исус им рече: Еда ли могу сватови бити жалосни док је са њима женик? Него ће доћи дани када ће бити отет од њих женик, и онда ће постити."
Матеј,9,16,"Јер нико не меће нову закрпу на стару хаљину; јер ће закрпа одадријети од хаљине, и гора ће рупа бити."
Матеј,9,17,"Нити се сипа вино ново у мјехове старе; иначе се продру мјехови а вино се пролије, и мјехови пропадну. Него се сипа вино ново у мјехове нове, и обоје се сачува."
Матеј,9,18,"Док он тако говораше њима, гле, кнез један дође и клањаше му се говорећи: Кћи моја сад умрије; него дођи и стави на њу руку своју, и оживјеће."
Матеј,9,19,"И уставши Исус пође за њим, и ученици његови."
Матеј,9,20,"И гле, жена која је дванаест година боловала од течења крви приступи састраг и дохвати се скута хаљине његове."
Матеј,9,21,"Јер говораше у себи: Ако се само дотакнем хаљине његове, оздравићу."
Матеј,9,22,"А Исус, обазревши се и видјевши је, рече: Не бој се, кћери, вјера твоја спасла те је. И оздрави жена од онога часа"
Матеј,9,23,"И дошавши Исус у дом кнежев и видјевши свираче и народ ускомешан, рече им:"
Матеј,9,24,"Одступите, јер дјевојка није умрла, него спава. И подсмијеваху му се."
Матеј,9,25,"А кад истјера народ. уђе и ухвати је за руку, и устаде дјевојка."
Матеј,9,26,И пронесе се глас о овоме по свој земљи оној.
Матеј,9,27,"А кад је Исус одлазио оданде, за њим иђаху два слијепца вичући и говорећи: Помилуј нас, сине Давидов!"
Матеј,9,28,"А када дође у кућу, приступише му слијепци, и рече им Исус: Вјерујете ли да могу то учинити? А они му рекоше: Да, Господе."
Матеј,9,29,Тада се дохвати очију њихових говорећи: По вјери вашој нека вам буде.
Матеј,9,30,И отворише им се очи. И запријети им Исус говорећи: Гледајте да нико не дозна!
Матеј,9,31,"А они изишавши, разгласише га по свој земљи оној."
Матеј,9,32,"Када пак они излажаху, гле, доведоше му човјека нијема и бјесомучна."
Матеј,9,33,"И пошто изагна демона, проговори нијеми. И дивљаше се народ говорећи: Никада се то није видјело у Израиљу."
Матеј,9,34,А фарисеји говораху: Помоћу кнеза демонског изгони демоне.
Матеј,9,35,"И прохођаше Исус по свим градовима и селима учећи по синагогама њиховим и проповиједајући јеванђеље о Царству, и исцјељујући сваку болест и сваку немоћ у народу."
Матеј,9,36,"А гледајући мноштво народа, сажали се на њих, јер бијаху сметени и напуштени као овце без пастира."
Матеј,9,37,"Тада рече ученицима својим: Жетве је много, а посленика мало."
Матеј,9,38,Молите се стога господару жетве да изведе посленике на жетву своју.
Матеј,10,1,"И дозвавши својих дванаест ученика, даде им власт над духовима нечистим да их изгоне, и да исцјељују од сваке болести и сваке немоћи."
Матеј,10,2,"А имена дванаест апостола су ова: први Симон, који се зове Петар, и Андреј брат његов; Јаков Зеведејев и Јован брат његов;"
Матеј,10,3,Филип и Вартоломеј; Тома и Матеј цариник; Јаков Алфејев и Левеј прозвани Тадеј;
Матеј,10,4,"Симон Кананит и Јуда Искариотски, који га и издаде."
Матеј,10,5,"Ову Дванаесторицу посла Исус и заповједи им говорећи: На пут незнабожаца не идите, и у град самарјански не улазите."
Матеј,10,6,Него идите најприје изгубљеним овцама дома Израиљева!
Матеј,10,7,И ходећи проповиједајте и казујте да се приближило Царство небеско.
Матеј,10,8,"Болесне исцјељујте, губаве чистите, мртве дижите, демоне изгоните; на дар сте добили, на дар и дајите."
Матеј,10,9,"Не носите злата ни сребра, ни бакра у појасима својим,"
Матеј,10,10,"Ни торбе на пут, ни двије хаљине, ни обуће, ни штапа; јер је посленик достојан хране своје."
Матеј,10,11,"А кад у који град или село уђете, испитајте ко је у њему достојан и ондје останите док не изиђете."
Матеј,10,12,"А улазећи у кућу, поздравите је говорећи: Мир дому овоме!"
Матеј,10,13,"И ако буде кућа достојна, нека дође мир ваш на њу; а ако ли не буде достојна, нека се мир ваш вама врати."
Матеј,10,14,"Ако вас ко не прими нити послуша ријечи ваше, излазећи из куће, или из града онога, отресите прах са ногу својих."
Матеј,10,15,Заиста вам кажем: Лакше ће бити земљи содомској и гоморској у дан Суда неголи граду ономе.
Матеј,10,16,"Ето, ја вас шаљем као овце међу вукове. Будите, дакле, мудри као змије и безазлени као голубови!"
Матеј,10,17,"А чувајте се од људи: јер ће вас предати судовима, и по синагогама својим тући ће вас."
Матеј,10,18,И пред старјешине и цареве изводиће вас мене ради за свједочанство њима и незнабошцима.
Матеј,10,19,"А кад вас предаду, не брините се како ћете или шта ћете говорити; јер ће вам се у онај час дати шта ћете казати."
Матеј,10,20,"Јер нећете ви говорити, него ће Дух Оца вашега говорити из вас."
Матеј,10,21,А предаће брат брата на смрт и отац сина; и устаће дјеца на родитеље и побиће их.
Матеј,10,22,И сви ће вас мрзити због имена мога; али који претрпи до краја тај ће се спасти.
Матеј,10,23,"А кад вас потјерају у једном граду, бјежите у други. Јер заиста вам кажем: Нећете обићи градова Израиљевих док не дође Син Човјечији."
Матеј,10,24,Нема ученика изнад учитеља својега ни слуге изнад господара својега.
Матеј,10,25,"Доста је ученику да буде као учитељ његов и слуги као господар његов. Ако су домаћина назвали Веелзевулом, колико ће прије домаће његове?"
Матеј,10,26,"Не бојте их се, дакле; јер нема ништа сакривено што се неће открити, ни тајно што се неће дознати."
Матеј,10,27,"Што вам говорим у тами, казујте на видику; и што вам се шапће на уши, проповиједајте са кровова."
Матеј,10,28,"И не бојте се оних који убијају тијело, а душу не могу убити; него се више бојте онога који може и душу и тијело погубити у паклу."
Матеј,10,29,Не продају ли се два врапца за један новчић? Па ни један од њих не падне на земљу без Оца вашега.
Матеј,10,30,А вама је и коса на глави сва избројана.
Матеј,10,31,"Не бојте се, дакле; ви сте бољи од много врабаца."
Матеј,10,32,"Сваки који призна мене пред људима, признаћу и ја њега пред Оцем својим који је на небесима."
Матеј,10,33,"А ко се одрекне мене пред људима, одрећи ћу се и ја њега пред Оцем својим који је на небесима."
Матеј,10,34,Не мислите да сам дошао да донесем мир на земљу; нисам дошао да донесем мир него мач.
Матеј,10,35,Јер сам дошао да раставим човјека од оца његовог и кћер од матере њезине и снаху од свекрве њезине.
Матеј,10,36,И непријатељи човјеку постаће домаћи његови.
Матеј,10,37,"Који љуби оца или матер већма него мене, није мене достојан; и који љуби сина или кћер већма него мене, није мене достојан."
Матеј,10,38,"И који не узме крст свој и не пође за мном, није мене достојан."
Матеј,10,39,"Који чува живот свој, изгубиће га, а који изгуби живот свој мене ради, наћи ће га."
Матеј,10,40,"Који вас прима, мене прима; а који прима мене, прима Онога који ме је послао."
Матеј,10,41,"Који прима пророка у име пророчко, плату пророчку примиће; и који прима праведника у име праведничко, плату праведничку примиће."
Матеј,10,42,"И ако неко напоји једнога од ових малих само чашом студене воде у име ученичко, заиста вам кажем, неће му плата пропасти."
Матеј,11,1,"И када заврши Исус заповијести Дванаесторици ученика својих, отиде оданде да учи и проповиједа по градовима њиховим."
Матеј,11,2,"А Јован, чувши у тамници дјела Христова, посла двојицу од ученика својих."
Матеј,11,3,"И рече му: Јеси ли ти Онај што ће доћи, или другога да чекамо?"
Матеј,11,4,А Исус одговарајући рече им: Идите и јавите Јовану ово што чујете и видите:
Матеј,11,5,"Слијепи прогледају и хроми ходе, губави се чисте и глухи чују, мртви устају и сиромашнима се проповиједа јеванђеље."
Матеј,11,6,И благо ономе који се не саблазни о мене.
Матеј,11,7,"А кад они отидоше, поче Исус говорити народу о Јовану: Шта сте изишли да видите у пустињи? Трску коју повија вјетар?"
Матеј,11,8,"Него шта сте изишли да видите? Човјека у меке хаљине обучена? Ето, који меке хаљине носе по царским су дворовима."
Матеј,11,9,"Него шта сте изишли да видите? Пророка? Да, кажем вам, и више од пророка."
Матеј,11,10,"Јер он је тај о којем је писано: Ето, ја шаљем анђела свога пред лицем твојим, који ће приправити пут твој пред тобом."
Матеј,11,11,Заиста вам кажем: Међу рођенима од жена није се појавио већи од Јована Крститеља; а најмањи у Царству небескоме већи је од њега.
Матеј,11,12,"А од времена Јована Крститеља до сада Царство небеско с напором се осваја, и подвижници га задобијају."
Матеј,11,13,Јер су сви Пророци и Закон прорицали до Јована.
Матеј,11,14,"И ако хоћете вјеровати, он је Илија што ће доћи."
Матеј,11,15,"Ко има уши да чује, нека чује!"
Матеј,11,16,Али са киме ћу упоредити род овај? Сличан је дјеци која сједе по трговима и довикују друговима својим говорећи:
Матеј,11,17,"Свирасмо вам. и не играсте; нарицасмо вам, и не ридасте."
Матеј,11,18,"Јер дође Јован, који нити једе нити пије, а они кажу: Ђаво је у њему."
Матеј,11,19,"Дође Син Човјечији, који и једе и пије, а они кажу: Гле човјека изјелице и винопије, друга цариницима и грјешницима. И би оправдана премудрост од дјеце њезине."
Матеј,11,20,"Тада поче Исус корити градове у којима су се догодила многа чудеса његова, што се не покајаше:"
Матеј,11,21,"Тешко теби, Хоразине! Тешко теби, Витсаидо! Јер да су у Тиру и Сидону била чудеса која су се у вама догодила, давно би се у врећи и пепелу покајали."
Матеј,11,22,Али вам кажем: Тиру и Сидону лакше ће бити у дан Суда него вама.
Матеј,11,23,"И ти, Капернауме, који си се до неба подигао, до пакла ћеш сићи; јер да су у Содому била чудеса што су се у теби догодила, остао би до дана данашњега."
Матеј,11,24,Али вам кажем да ће земљи содомској лакше бити у дан Суда него теби.
Матеј,11,25,"У то вријеме одговори Исус, и рече: Хвалим те, Оче, Господе неба и земље, што си ово сакрио од мудрих и разумних, а открио си безазленима."
Матеј,11,26,"Да, Оче, јер је тако била блага воља твоја."
Матеј,11,27,"Све је мени предао Отац мој, и нико не зна Сина до Отац; нити Оца ко зна до Син, и ако Син хоће коме открити."
Матеј,11,28,Ходите к мени сви који сте уморни и натоварени и ја ћу вас одморити.
Матеј,11,29,"Узмите јарам мој на себе и научите се од мене; јер сам ја кротак и смирен срцем, и наћи ћете покој душама својим."
Матеј,11,30,"Јер јарам је мој благ, и бреме је моје лако."
Матеј,12,1,У то вријеме иђаше Исус у суботу кроз усјеве; а ученици његови огладњеше и почеше тргати класје и јести.
Матеј,12,2,"А фарисеји видјевши то рекоше му: Гле, ученици твоји чине што не ваља чинити у суботу."
Матеј,12,3,"А он им рече: Нисте ли читали шта учини Давид кад огладње, он и који бијаху с њим?"
Матеј,12,4,"Како уђе у дом Божији и хљебове предложења поједе, које није ваљало јести њему ни онима што су били с њим, него само свештеницима."
Матеј,12,5,"Или нисте читали у Закону како суботом свештеници у храму суботу обесвећују, па нису криви?"
Матеј,12,6,А ја вам кажем да је овдје већи од храма.
Матеј,12,7,"Кад бисте пак знали шта је то: Милост хоћу а не жртвоприношење, не бисте осуђивали невине."
Матеј,12,8,Јер је Син Човјечији господар и суботе.
Матеј,12,9,"И отишавши оданде, дође у синагогу њихову."
Матеј,12,10,"И гле, ту бијаше човјек са руком сухом; и запиташе га говорећи: Ваља ли суботом лијечити? - да би га оптужили."
Матеј,12,11,"А он им рече: Који је међу вама човјек који има овцу једну, па ако она у суботу упадне у јаму, да је неће узети и извадити?"
Матеј,12,12,"А колико ли је човјек претежнији од овце? Дакле, ваља суботом добро чинити."
Матеј,12,13,Тада рече човјеку: Пружи руку своју. И пружи. И постаде здрава као и друга.
Матеј,12,14,"А фарисеји изишавши одржаше вијећање против њега како да га погубе. Но Исус, дознавши то, уклони се оданде."
Матеј,12,15,"И за њим иђаше народ многи, и исцијели их све,"
Матеј,12,16,И запријети им да га не разглашују;
Матеј,12,17,Да се испуни што је речено преко Исаије пророка. који говори:
Матеј,12,18,"Гле, слуга мој, којега изабрах, Љубљени мој, који је по вољи душе моје: метнућу Дух свој на њега, и суд незнабошцима јавиће."
Матеј,12,19,"Неће се свађати ни викати, нити ће ко чути по трговима гласа његова."
Матеј,12,20,Трску стучену неће преломити и жижак тињајући неће угасити докле не доведе правду до побједе.
Матеј,12,21,И у име његово уздаће се народи.
Матеј,12,22,Тада му доведоше бјесомучног који бјеше слијеп и нијем; и исцијели га тако да слијепи и нијеми прогледа и проговори.
Матеј,12,23,И дивљаше се сав народ говорећи: Није ли ово Син Давидов?
Матеј,12,24,"А фарисеји чувши то рекоше: Овај другачије не изгони демоне до помоћу Веелзевула, кнеза демонског."
Матеј,12,25,"А Исус, знајући мисли њихове, рече им: Свако царство које се раздијели само у себи, опустјеће; и сваки град или дом који се раздијели сам у себи, неће се одржати."
Матеј,12,26,"И ако сатана сатану изгони, сам се у себи раздијелио; како ће, дакле, опстати царство његово?"
Матеј,12,27,"А ако ја помоћу Веелзевула изгоним демоне, синови ваши чијом помоћу изгоне? Зато ће вам они бити судије."
Матеј,12,28,"А ако ли ја Духом Божијим изгоним демоне, онда је дошло к вама Царство Божије."
Матеј,12,29,"Или како може ко ући у кућу јакога и покућанство његово отети, ако најприје не свеже јакога? - и онда ће кућу његову оплијенити."
Матеј,12,30,"Који није са мном, против мене је; и који не сабира са мном, расипа."
Матеј,12,31,"Зато вам кажем: Сваки гријех и хула опростиће се људима, а хула на Духа Светога неће се опростити људима."
Матеј,12,32,"И ако рече ко ријеч против Сина Човјечијега, опростиће му се; а који рече против Духа Светога, неће му се опростити ни у овоме вијеку ни у будућем."
Матеј,12,33,"Или усадите добро дрво, и род његов биће добар, или усадите рђаво дрво, и род његов биће рђав; јер се по роду дрво познаје."
Матеј,12,34,"Породи аспидини, како можете добро говорити, када сте зли? Јер од сувишка срца уста говоре."
Матеј,12,35,Добар човјек из добре ризнице износи добро; а зао човјек из зле ризнице износи зло.
Матеј,12,36,"А ја вам кажем, да ће за сваку празну ријеч коју рекну људи дати одговор у дан Суда."
Матеј,12,37,Јер ћеш због својих ријечи бити оправдан и због својих ријечи бити осуђен.
Матеј,12,38,"Тада одговорише неки од књижевника и фарисеја говорећи: Учитељу, хоћемо од тебе знак да видимо."
Матеј,12,39,А он одговарајући рече им: Род зли и прељуботворни тражи знак; и неће му се дати знак осим знака Јоне пророка.
Матеј,12,40,"Јер као што је Јона био у утроби китовој три дана и три ноћи, тако ће и Син Човјечији бити у срцу земље три дана и три ноћи."
Матеј,12,41,"Ниневљани ће устати на Суд са родом овим, и осудиће га; јер се покајаше Јониним проповиједањем; а гле, овдје је већи од Јоне."
Матеј,12,42,"Царица јужна устаће на Суд са родом овим, и осудиће га; јер она дође с краја земље да слуша премудрост Соломонову; а гле, овдје је већи од Соломона."
Матеј,12,43,"А кад нечисти дух изиђе из човјека, иде кроз безводна мјеста тражећи покоја, и не налази."
Матеј,12,44,"Онда каже: Да се вратим у дом свој откуда сам изишао; и дошавши нађе празан, пометен и украшен."
Матеј,12,45,"Тада отиде и узме са собом седам других духова горих од себе, и ушавши борави ондје; и буде потоње горе човјеку ономе од првога. Тако ће бити и овоме роду зломе."
Матеј,12,46,"Док он још говораше народу, гле, мати и браћа његова стајаху напољу тражећи да говоре с њиме."
Матеј,12,47,"И неко му рече: Ево мати твоја и браћа твоја стоје напољу, тражећи да говоре с тобом."
Матеј,12,48,"А он одговори и рече ономе што му каза: Ко је мати моја, и ко су браћа моја?"
Матеј,12,49,"И пруживши руку своју на ученике своје, рече: Ево мати моја и браћа моја. Јер ко изврши вољу Оца мојега који је на небесима, тај је брат мој и сестра и мати."
Матеј,13,1,"А онога дана, изишавши Исус из куће, сјеђаше крај мора."
Матеј,13,2,"И сабра се око њега народ многи, тако да је морао ући у лађу и сјести; а народ сав стајаше на обали."
Матеј,13,3,"И он им казива много у причама говорећи: Гле, изиђе сијач да сије."
Матеј,13,4,"И кад сијаше, једна зрна падоше покрај пута, и дођоше птице и позобаше их."
Матеј,13,5,"А друга падоше на каменита мјеста, гдје не бијаше много земље, и одмах изникоше, јер не бијаше земља дубока."
Матеј,13,6,"И кад обасја сунце, увенуше; и будући да немаху жила, посахнуше."
Матеј,13,7,"А друга падоше у трње, и нарасте трње и подави их."
Матеј,13,8,"А друга падоше на земљу добру, и доношаху род, једно по сто а једно по шездесет, а једно по тридесет."
Матеј,13,9,"Ко има уши да чује, нека чује!"
Матеј,13,10,И приступивши ученици рекоше му: Зашто им говориш у причама?
Матеј,13,11,"А он одговарајући рече им: Зато што је вама дано да знате тајне Царства небескога, а њима није дано."
Матеј,13,12,"Јер ко има, даће му се, и претећи ће му; а ко нема, узеће му се и оно што има."
Матеј,13,13,"Зато им говорим у причама, јер гледајући не виде, и слушајући не чују, нити разумију."
Матеј,13,14,"И испуњава се на њима пророштво Исаијино, које говори: Ушима ћете чути, и нећете разумјети; и очима ћете гледати, и нећете видјети!"
Матеј,13,15,"Јер је отврднуло срце овога народа, и ушима тешко чују, и очима својим зажмурише да како очима не виде, и ушима не чују, и срцем не разумију, и не обрате се да их исцијелим."
Матеј,13,16,А благо вашим очима што виде и ушима вашим што чују.
Матеј,13,17,"Јер заиста вам кажем, да су многи пророци и праведници жељели видјети што ви видите, а не видјеше; и чути што ви чујете, и не чуше."
Матеј,13,18,Ви пак чујте причу о сијачу!
Матеј,13,19,"Свакоме који слуша ријеч о Царству и не разумије, долази нечастиви и краде посијано у срцу његовом; то је оно поред пута посијано."
Матеј,13,20,"А на камениту мјесту посијано, то је који слуша ријеч и одмах је с радошћу прима,"
Матеј,13,21,"Али нема коријена у себи, него је непостојан, па кад буде до невоље или га потјерају због ријечи, одмах се саблазни."
Матеј,13,22,"А посијано у трњу, то је који слуша ријеч, но брига овога свијета и превара богатства загуше ријеч и без рода остане."
Матеј,13,23,"А посијано на доброј земљи, то је који слуша ријеч и разумије, који, дакле, и род рађа, и доноси један по сто, а један по шездесет, а један по тридесет."
Матеј,13,24,Другу причу каза им говорећи: Царство небеско је као човјек што посија добро сјеме на њиви својој.
Матеј,13,25,"А кад људи поспаше, дође његов непријатељ и посија кукољ по пшеници, па отиде."
Матеј,13,26,"А када ниче усјев и род донесе, онда се показа кукољ."
Матеј,13,27,"Тада дођоше слуге домаћинове и рекоше му: Господару, ниси ли ти добро сјеме сијао на њиви својој? Откуда, дакле, кукољ?"
Матеј,13,28,"А он им рече: Непријатељ човјек то учини. А слуге му рекоше: Хоћеш ли, дакле, да идемо да га почупамо?"
Матеј,13,29,"А он рече: Не, да не би чупајући кукољ почупали заједно с њиме и пшеницу."
Матеј,13,30,"Оставите нека расте обоје заједно до жетве; а у вријеме жетве рећи ћу жетеоцима: Саберите најприје кукољ и свежите га у снопље да се сажеже, а пшеницу одвезите у житницу моју."
Матеј,13,31,Другу причу каза им говорећи: Царство небеско је као зрно горушично које узме човјек и посије на њиви својој.
Матеј,13,32,"Оно је, истина, најмање од свију сјемена, али кад узрасте, веће је од свега поврћа, и буде дрво да птице небеске долазе и настањују се на гранама његовим."
Матеј,13,33,Другу причу каза им: Царство небеско је као квасац који узме жена и метне у три копање брашна док све не ускисне.
Матеј,13,34,"Све ово у причама говори Исус људима, и без прича ништа им не говораше."
Матеј,13,35,"Да се испуни што је речено преко пророка који говори: Отворићу у причама уста своја, исказаћу сакривено од постања свијета."
Матеј,13,36,"Тада отпусти Исус народ, и дође у кућу. И приступише му ученици његови говорећи: Протумачи нам причу о кукољу на њиви."
Матеј,13,37,"А он одговарајући рече им: Који сије добро сјеме, то је Син Човјечији;"
Матеј,13,38,"А њива је свијет; а добро сјеме синови су Царства, а кукољ синови су зла."
Матеј,13,39,"А непријатељ који га је посијао јесте ђаво; а жетва је свршетак вијека, а жетеоци су анђели."
Матеј,13,40,"Као што се, дакле, кукољ сабира и огњем сажиже, тако ће бити на посљетку овога вијека."
Матеј,13,41,"Послаће Син Човјечији анђеле своје, и сабраће из царства његова све саблазни и оне који чине безакоње."
Матеј,13,42,И бациће их у пећ огњену; ондје ће бити плач и шкргут зуба.
Матеј,13,43,"Тада ће се праведници засјати као сунце у Царству Оца свога. Ко има уши да чује, нека чује!"
Матеј,13,44,"Још је Царство небеско као благо сакривено у пољу, које нашавши, човјек сакри и од радости своје отиде и све што има продаде и купи поље оно."
Матеј,13,45,Још је Царство небеско као човјек трговац који тражи добра бисера.
Матеј,13,46,"Па кад нађе једно многоцјено зрно бисера, отиде и продаде све што имаше и купи га."
Матеј,13,47,Још је Царство небеско као мрежа која се баци у море и сабере рибе од сваке врсте.
Матеј,13,48,"Кад се напуни, извуку је на обалу и, посједавши, изаберу добре у судове, а лоше избаце напоље."
Матеј,13,49,"Тако ће бити на свршетку вијека: изићи ће анђели и одлучиће зле од праведних,"
Матеј,13,50,И бациће их у пећ огњену; ондје ће бити плач и шкргут зуба.
Матеј,13,51,"Рече им Исус: Разумијете ли све ово? Рекоше му: Да, Господе!"
Матеј,13,52,А он им рече: Зато је сваки књижевник који се научио Царству небескоме као домаћин који износи из ризнице своје ново и старо.
Матеј,13,53,"И када сврши Исус приче ове, отиде оданде."
Матеј,13,54,"И дошавши у постојбину своју, учаше их у синагоги њиховој тако да му се дивљаху и говораху: Откуд овоме премудрост ова и моћи?"
Матеј,13,55,"Није ли ово дрводјељин син? Не зове ли се мати његова Марија, и браћа његова Јаков и Јосија и Симон и Јуда?"
Матеј,13,56,И сестре његове нису ли све код нас? Откуд њему све ово?
Матеј,13,57,И саблажњаваху се о њега. А Исус им рече: Нема пророка без части осим у постојбини својој и у дому своме.
Матеј,13,58,И не учини ондје чудеса многа због невјерја њихова.
Матеј,14,1,У то вријеме дође глас до Ирода четверовласника о Исусу.
Матеј,14,2,"И рече слугама својим: То је Јован Крститељ, он устаде из мртвих, и зато чини чудеса."
Матеј,14,3,"Јер Ирод ухвати Јована, свеза га и баци у тамницу због Иродијаде, жене Филипа брата свога;"
Матеј,14,4,Јер му Јован говораше: не можеш ти њу имати.
Матеј,14,5,"И хтједе да га убије, али се побоја народа; јер га држаху за пророка."
Матеј,14,6,"А кад бијаше дан рођења Иродова, игра кћи Иродијадина пред њима и угоди Ироду."
Матеј,14,7,Зато са заклетвом обећа јој дати што год заиште.
Матеј,14,8,"А она, наговорена од матере своје, рече: Дај ми овдје на тањиру главу Јована Крститеља."
Матеј,14,9,"И сневесели се цар; али због заклетве и оних који се гошћаху с њим, заповједи дати јој."
Матеј,14,10,И посла те посјекоше Јована у тамници.
Матеј,14,11,"И донесоше главу његову на тањиру, и дадоше дјевојци и однесе је матери својој."
Матеј,14,12,"И дошавши ученици његови, узеше тијело његово и сахранише га; и дођоше те јавише Исусу."
Матеј,14,13,"И чувши Исус, отиде оданде лађом у пусто мјесто насамо. А када то чу народ, пође за њим пјешице из градова."
Матеј,14,14,"И изишавши Исус видје многи народ, и сажали се на њих, и исцијели болеснике њихове."
Матеј,14,15,"А пред вече приступише му ученици његови говорећи: Овдје је пусто мјесто, а већ је доцкан; отпусти народ нека иде у села да купи себи хране."
Матеј,14,16,А Исус им рече: Нема потребе да иду; подајте им ви нека једу.
Матеј,14,17,А они му рекоше: Немамо овдје до само пет хљебова и двије рибе.
Матеј,14,18,А он рече: Донесите их мени овамо.
Матеј,14,19,"И заповједи народу да посједају по трави, па узе оних пет хљебова и двије рибе, и погледавши на небо благослови, и преломивши даде ученицима, а ученици народу."
Матеј,14,20,"И једоше сви и наситише се, и накупише комада што претече дванаест котарица пуних."
Матеј,14,21,"А оних што су јели бјеше људи око пет хиљада, осим жена и дјеце."
Матеј,14,22,И одмах принуди Исус ученике своје да уђу у лађу и иду прије њега на ону страну док он отпусти народ.
Матеј,14,23,"И отпустивши народ, попе се на гору да се насамо помоли. А наста вече и бијаше ондје сам."
Матеј,14,24,"А лађа бјеше већ насред мора, угрожена од валова, јер бијаше противан вјетар."
Матеј,14,25,А у четврту стражу ноћи отиде к њима Исус ходећи по мору.
Матеј,14,26,"И видјевши га ученици гдје иде по мору, узнемирише се говорећи: То је утвара; и од страха повикаше."
Матеј,14,27,"А Исус им одмах рече говорећи: Не бојте се, ја сам, не плашите се!"
Матеј,14,28,"А Петар одговарајући рече му: Господе, ако си ти, реци ми да дођем теби по води."
Матеј,14,29,"А он рече: Ходи! И изишавши из лађе, Петар иђаше по води да дође Исусу."
Матеј,14,30,"Но видећи јак вјетар уплаши се, и почевши тонути, повика говорећи: Господе, спаси ме!"
Матеј,14,31,"И одмах Исус пруживши руку ухвати га, и рече му: Маловјерни, зашто посумња?"
Матеј,14,32,"И кад уђоше у лађу, преста вјетар."
Матеј,14,33,А они у лађи приступише и поклонише му се говорећи: Ваистину си ти Син Божији.
Матеј,14,34,И прешавши дођоше у земљу генисаретску.
Матеј,14,35,"И познавши га људи из онога мјеста, послаше по свој оној околини, и донесоше му све болеснике."
Матеј,14,36,И мољаху га да се само дотакну скута од хаљине његове; и који се дотакоше оздравише.
Матеј,15,1,Тада приступише Исусу књижевници и фарисеји од Јерусалима говорећи:
Матеј,15,2,Зашто ученици твоји преступају предање старих? Јер не умивају руке своје када хљеб једу.
Матеј,15,3,А он одговарајући рече им: Зашто и ви преступате заповијест Божију за предање своје?
Матеј,15,4,Јер Бог заповједи говорећи: Поштуј оца и матер; и који ружи оца или матер смрћу да умре.
Матеј,15,5,А ви кажете: Ако који рече оцу или матери: прилог је оно чиме бих ти ја могао помоћи;
Матеј,15,6,Може и да не поштује оца свога и матер. И укидосте заповијест Божију за предање своје.
Матеј,15,7,"Лицемјери, добро је за вас пророковао Исаија говорећи:"
Матеј,15,8,"Приближава ми се народ овај устима својим и уснама ме поштује, а срце им је далеко од мене."
Матеј,15,9,Но узалуд ме поштују учећи наукама и заповијестима људским.
Матеј,15,10,"И дозвавши народ, рече им: Слушајте и разумијте."
Матеј,15,11,Не погани човјека што улази у уста: него што излази из уста оно погани човјека.
Матеј,15,12,"Тада приступише ученици његови и рекоше му: Знаш ли да фарисеји, чувши ту ријеч, саблазнише се?"
Матеј,15,13,"А он одговарајући рече: Свако дрво које није усадио Отац мој небески, искоријениће се."
Матеј,15,14,"Оставите их, слијепи су вођи слијепима; а слијепи слијепога ако води, оба ће у јаму пасти."
Матеј,15,15,А Петар одговарајући рече му: Растумачи нам причу ову.
Матеј,15,16,А Исус рече: Еда ли сте и ви још неразумни?
Матеј,15,17,"Зар још не знате да све што улази у уста иде у трбух, и избацује се напоље?"
Матеј,15,18,"А што излази из уста излази из срца, и оно погани човјека."
Матеј,15,19,"Јер из срца излазе зле помисли, убиства, прељубе, блуд, крађе, лажна свједочења, хуле."
Матеј,15,20,"И ово је што погани човјека, а неумивеним рукама јести не погани човјека."
Матеј,15,21,И изишавши оданде Исус отиде у крајеве тирске и сидонске.
Матеј,15,22,"И гле, жена Хананејка изиђе из оних крајева и повика му говорећи: Помилуј ме, Господе, сине Давидов, кћер моју много мучи ђаво!"
Матеј,15,23,"А он јој не одговори ни ријечи. И приступивши ученици његови мољаху га говорећи: Отпусти је, јер виче за нама."
Матеј,15,24,А он одговарајући рече: Ја сам послан само изгубљеним овцама дома Израиљева.
Матеј,15,25,"А она приступивши поклони му се говорећи: Господе, помози ми!"
Матеј,15,26,А он одговарајући рече: Није добро узети хљеб од дјеце и бацити псима.
Матеј,15,27,"А она рече: Да, Господе! али и пси једу од мрва што падају са трпезе господара њихових."
Матеј,15,28,"Тада одговори Исус и рече јој: О жено, велика је вјера твоја; нека ти буде како хоћеш! И оздрави кћи њена од онога часа."
Матеј,15,29,"И отишавши Исус оданде, дође мору Галилејском, и попевши се на гору, сједе ондје."
Матеј,15,30,"И приступи му народ многи који имаше са собом хроме, слијепе, нијеме, богаље и многе друге, и положише их пред ноге Исусове, и исцијели их,"
Матеј,15,31,"Тако да се народ дивљаше, видећи глуве гдје чују, нијеме гдје говоре, богаље исцијељене, хроме гдје иду, слијепе гдје гледају; и хвалише Бога Израиљева."
Матеј,15,32,"А Исус дозвавши ученике своје рече: Жао ми је народа, јер већ три дана стоје код мене и немају шта јести; а нисам рад отпустити их гладне да не малакшу на путу."
Матеј,15,33,И рекоше му ученици његови: Откуда нам у пустињи толико хљеба да се насити толики народ?
Матеј,15,34,"И рече им Исус: Колико хљебова имате? А они рекоше: седам, и мало рибица."
Матеј,15,35,И заповједи народу да посједају по земљи.
Матеј,15,36,"И узевши оних седам хљебова и рибе, и заблагодаривши, преломи и даде ученицима својим, а ученици народу."
Матеј,15,37,И једоше сви и наситише се; и накупише комада што претече седам котарица пуних.
Матеј,15,38,"А оних што су јели бијаше четири хиљаде људи, осим жена и дјеце."
Матеј,15,39,"И отпустивши народ, уђе у лађу и дође у крајеве магдалске."
Матеј,16,1,И приступивши фарисеји и садукеји кушајући га искаху да им покаже знак са неба.
Матеј,16,2,"А он одговарајући рече им: Увече говорите: биће ведро, јер је небо црвено."
Матеј,16,3,"И ујутру: данас ће бити непогода, јер је небо црвено и мутно. Лицемјери, лице небеско умијете распознавати, а знаке времена не можете?"
Матеј,16,4,"Род зли и прељуботворни тражи знак, и неће му се дати знак осим знака Јоне пророка. И оставивши их отиде."
Матеј,16,5,"И ученици његови полазећи на ону страну, заборавише узети хљеба."
Матеј,16,6,А Исус им рече: Пазите и чувајте се квасца фарисејског и садукејског.
Матеј,16,7,А они помишљаху у себи говорећи: То је што нисмо хљеба узели.
Матеј,16,8,"А Исус разумјевши рече им: Шта помишљате у себи, маловјерни, што нисте хљеба узели?"
Матеј,16,9,"Зар још не разумијете, нити памтите пет хљебова на пет хиљада, и колико котарица накуписте?"
Матеј,16,10,"Ни оних седам хљебова на четири хиљаде, и колико котарица накуписте?"
Матеј,16,11,"Како не разумијете да вам не рекох за хљебове, него да се чувате квасца фарисејског и садукејског?"
Матеј,16,12,"Тада разумијеше да не рече да се чувају квасца хљебнога, него науке фарисејске и садукејске."
Матеј,16,13,"А када дође Исус у крајеве Кесарије Филипове, запита ученике своје говорећи: Шта о мени говоре људи ко је Син Човјечији?"
Матеј,16,14,"А они рекоше: Једни говоре да си Јован Крститељ, други да си Илија, други опет Јеремија, или који од пророка."
Матеј,16,15,Рече им Исус: А ви шта велите ко сам ја?
Матеј,16,16,"А Симон Петар одговори и рече: Ти си Христос, Син Бога живога."
Матеј,16,17,"А Исус одговарајући рече му: Блажен си, Симоне, сине Јонин! Јер тијело и крв не открише ти то, него Отац мој који је на небесима."
Матеј,16,18,"А и ја теби кажем да си ти Петар, и на томе камену сазидаћу Цркву своју, и врата пакла неће је надвладати."
Матеј,16,19,И даћу ти кључеве Царства небескога: и што свежеш на земљи биће свезано на небесима; и што раздријешиш на земљи биће раздријешено на небесима.
Матеј,16,20,Тада запријети ученицима својим да ником не казују да је он Исус Христос.
Матеј,16,21,"Од тада поче Исус казивати ученицима својим да њему ваља ићи у Јерусалим, и много пострадати од старјешина и првосвештеника и књижевника, и убијен бити, и трећи дан да ће устати."
Матеј,16,22,"И узевши га Петар поче га одвраћати говорећи: Боже сачувај, Господе! то неће бити од тебе!"
Матеј,16,23,"А он окренувши се рече Петру: Иди од мене, сатано! Саблазан си ми, јер не мислиш што је Божије него што је људско."
Матеј,16,24,"Тада Исус рече ученицима својим: Ако хоће ко за мном ићи, нека се одрекне себе, и узме крст свој и за мном иде."
Матеј,16,25,"Јер ко хоће живот свој да сачува, изгубиће га; а ако ко изгуби живот свој мене ради, наћи ће га."
Матеј,16,26,Јер каква је корист човјеку ако сав свијет задобије а души својој науди? Или какав ће откуп дати човјек за душу своју?
Матеј,16,27,"Јер ће доћи Син Човјечији у слави Оца својега са анђелима својим, и тада ће узвратити свакоме по дјелима његовим."
Матеј,16,28,Заиста вам кажем: Има неких међу вама што стоје овдје који неће окусити смрти док не виде Сина Човјечијега гдје долази у Царству своме.
Матеј,17,1,"И послије шест дана узе Исус Петра и Јакова и Јована, брата његова, и изведе их на гору високу саме."
Матеј,17,2,"И преобрази се пред њима, и засија се лице његово као сунце, а хаљине његове постадоше бијеле као свјетлост."
Матеј,17,3,"И гле, јавише им се Мојсеј и Илија који с њим говораху."
Матеј,17,4,"А Петар одговарајући рече Исусу: Господе, добро нам је овдје бити; ако хоћеш да начинимо овдје три сјенице: теби једну, и Мојсеју једну, и једну Илији."
Матеј,17,5,"Док он још говораше, гле, облак сјајан заклони их, и гле, глас из облака који говори: Ово је Син мој љубљени, који је по мојој вољи; њега слушајте."
Матеј,17,6,И чувши ученици падоше ничице и уплашише се веома.
Матеј,17,7,И приступивши Исус дохвати их се и рече: Устаните и не бојте се.
Матеј,17,8,"А они, подигнувши очи своје, никога не видјеше до Исуса сама."
Матеј,17,9,"И када силажаху са горе, заповједи им Исус говорећи: Ником не казујте што сте видјели док Син Човјечији из мртвих не васкрсне."
Матеј,17,10,"И запиташе га ученици његови говорећи: Зашто, дакле, књижевници кажу да Илија најприје треба да дође?"
Матеј,17,11,А Исус одговарајући рече им: Илија ће заиста доћи најприје и уредити све.
Матеј,17,12,"Али кажем вам да је Илија већ дошао, и не познаше га, него учинише с њиме што хтједоше; тако ће и Син Човјечији пострадати од њих."
Матеј,17,13,Тада разумјеше ученици да им рече за Јована Крститеља.
Матеј,17,14,"И када дођоше народу, приступи му човјек и паде на кољена пред њим говорећи:"
Матеј,17,15,"Господе, помилуј сина мојега, јер је мјесечар и мучи се љуто; јер много пута пада у ватру, и много пута у воду."
Матеј,17,16,И доведох га ученицима твојим и не могоше га исцијелити.
Матеј,17,17,А Исус одговарајући рече: О роде невјерни и покварени! Докле ћу бити с вама? Докле ћу вас трпљети? Доведите ми га амо.
Матеј,17,18,И запријети му Исус; и демон изиђе из њега; и оздрави момче од онога часа.
Матеј,17,19,Тада приступише ученици Исусу и насамо му рекоше: Зашто га ми не могосмо изгнати?
Матеј,17,20,"А Исус им рече: За невјеровање ваше. Јер заиста вам кажем: Ако имате вјере колико зрно горушично, рећи ћете гори овој: пређи одавде тамо, и прећи ће, и ништа вам неће бити немогуће."
Матеј,17,21,А овај се род не изгони осим молитвом и постом.
Матеј,17,22,"А кад су ходили по Галилеји, рече им Исус: Син Човјечији биће предан у руке људске:"
Матеј,17,23,"И убиће га, и трећи дан устаће. И веома се ожалостише."
Матеј,17,24,"А када дођоше у Капернаум, приступише Петру они што купе дидрахме, и рекоше: Зар учитељ ваш не даје дидрахме?"
Матеј,17,25,"Петар рече: Даје. И кад уђе у кућу, претече га Исус говорећи: Шта мислиш, Симоне? Цареви земаљски од кога узимају порез или царину, од својих синова или од туђих?"
Матеј,17,26,"Рече му Петар: Од туђих. Рече му Исус: Значи, синови су ослобођени."
Матеј,17,27,"Али да их не саблазнимо, иди на море и баци удицу, и коју рибу прву ухватиш, узми је; и кад јој отвориш уста, наћи ћеш статир: узми га те им подај за мене и за себе."
Матеј,18,1,"У онај час приступише ученици Исусу говорећи: Ко је. дакле, највећи у Царству небескоме?"
Матеј,18,2,"И дозва Исус дијете, и постави га међу њих,"
Матеј,18,3,"И рече: Заиста вам кажем, ако се не обратите и не будете као дјеца, нећете ући у Царство небеско."
Матеј,18,4,"Који се, дакле, понизи као дијете ово, онај је највећи у Царству нсбеском."
Матеј,18,5,"И који прими једно такво дијете у име моје, мене прима."
Матеј,18,6,"А који саблазни једнога од ових малих који вјерују у мене, боље би му било да се објеси камен воденички о врат његов, и да потоне у дубину морску."
Матеј,18,7,"Тешко свијету од саблазни; јер потребно је да дођу саблазни, али тешко човјеку оном кроз кога долази саблазан."
Матеј,18,8,"Ако ли те рука твоја или нога твоја саблажњава, одсијеци је и баци од себе; боље ти је ући у живот хрому или кљасту него да имаш двије руке или двије ноге, а да те баце у огањ вјечни."
Матеј,18,9,"И ако те око твоје саблажњава, извади га и баци од себе: боље ти је с једним оком у живот ући него да имаш два ока, а да те баце у пакао огњени."
Матеј,18,10,Гледајте да не презрете једнога од малих ових; јер вам кажем да анђели њихови на небесима стално гледају лице Оца мога небескога.
Матеј,18,11,Јер Син Човјечији дође да спасе изгубљено.
Матеј,18,12,"Шта вам се чини? Ако неки човјек има сто оваца па залута једна од њих, не остави ли деведесет и девет у планини, и иде те тражи ону залуталу?"
Матеј,18,13,"И ако се догоди да је нађе, заиста вам кажем да се њој радује више него оним деведесет и девет што нису залутале."
Матеј,18,14,Тако није воља Оца вашега небескога да пропадне један од ових малих.
Матеј,18,15,"Ако ли ти згрјеши брат твој, иди и покарај га насамо; ако те послуша, добио си брата својега."
Матеј,18,16,"Ако ли те не послуша, узми са собом још једнога или двојицу да на устима два или три свједока остане свака ријеч."
Матеј,18,17,"Ако ли њих не послуша, кажи Цркви; а ако ли не послуша ни Цркву, нека ти буде као незнабожац и цариник."
Матеј,18,18,"Заиста вам кажем: Што год свежете на земљи биће свезано на небу, и што год раздријешите на земљи биће раздријешено на небу."
Матеј,18,19,"Опет вам заиста кажем: Ако се два од вас сложе на земљи у било којој ствари за коју се узмоле, даће им Отац мој који је на небесима."
Матеј,18,20,"Јер гдје су два или три сабрана у име моје, ондје сам и ја међу њима."
Матеј,18,21,"Тада му приступи Петар и рече: Господе, колико пута, ако ми згријеши брат мој, да му опростим? До седам ли пута?"
Матеј,18,22,"Рече му Исус: Не велим ти до седам пута, него до седамдесет пута седам."
Матеј,18,23,"Зато је Царство небеско слично човјеку цару, који хтједе да се прорачуна са слугама својим."
Матеј,18,24,"И кад се поче рачунати, доведоше му једнога дужника од десет хиљада таланата."
Матеј,18,25,"И будући да он немаше чиме вратити, заповиједи господар његов да продаду њега и жену његову и дјецу и све што имаше, и да се наплати,"
Матеј,18,26,"Но слуга тај паде и клањаше му се говорећи: Господару, причекај ме, и све ћу ти вратити."
Матеј,18,27,"А господар се сажали на онога слугу, и пусти га и дуг му опрости."
Матеј,18,28,"А кад изиђе слуга тај, нађе једнога од својих другара који му бијаше дужан сто динара, и ухвати га и стаде давити говорећи: Дај ми што си дужан!"
Матеј,18,29,"Паде другар његов пред ноге његове и мољаше га говорећи: Причекај ме, и све ћу ти вратити."
Матеј,18,30,"А он не хтједе, него га одведе и баци у тамницу док не врати дуг."
Матеј,18,31,"Видјевши пак другари његови тај догађај, ожалостише се веома, и отишавши, објаснише господару својему све што се догодило."
Матеј,18,32,"Тада га позва господар његов, и рече му: Зли слуго, сав дуг онај опростио сам ти, јер си ме молио."
Матеј,18,33,"Није ли требало да се и ти смилујеш на свога другара, као и ја на те што се смиловах?"
Матеј,18,34,"И разгњеви се господар његов, и предаде га мучитељима док не врати све што му је дуговао."
Матеј,18,35,"Тако ће и Отац мој небески учинити вама, ако не опростите сваки брату својему од срца својих сагрјешења њихова."
Матеј,19,1,"И када сврши Исус ријечи ове, отиде из Галилеје, и дође у крајеве јудејске преко Јордана."
Матеј,19,2,И за њим иђаше народ многи и исцијели их ондје.
Матеј,19,3,"И приступише му фарисеји да га кушају, и рекоше му: Је ли допуштено човјеку отпустити жену своју за сваку кривицу?"
Матеј,19,4,А он одговарајући рече им: Нисте ли читали да је њих Творац од почетка створио мушко и женско?
Матеј,19,5,"И рекао: Због тога ће оставити човјек оца својега и матер, и прилијепиће се жени својој, и биће двоје једно тијело,"
Матеј,19,6,"Тако да нису више двоје, него једно тијело; а што је Бог саставио човјек да не раставља."
Матеј,19,7,Рекоше му: Што онда Мојсеј заповједи да се даде књига отпусна и да се она отпусти?
Матеј,19,8,Рече им: Вама је Мојсеј допустио по окорјелости срца вашега да отпуштате жене своје; а из почетка није било тако.
Матеј,19,9,"А ја вам кажем: Ко отпусти жену своју, осим за прељубу, и ожени се другом, чини прељубу; и ко се ожени отпуштеницом, чини прељубу."
Матеј,19,10,"Рекоше му ученици његови: Ако је тако човјеку са женом, није добро женити се."
Матеј,19,11,А он им рече: Не могу сви примити ту ријеч до они којима је дано.
Матеј,19,12,"Јер има ушкопљеника који су се тако родили из утробе материне; а има ушкопљеника које су људи ушкопили; а има ушкопљеника који су сами себе ушкопили Царства ради небескога. Ко може примити, нека прими!"
Матеј,19,13,"Тада му приведоше дјецу да стави руке на њих, и да се помоли; а ученици им брањаху."
Матеј,19,14,"А Исус рече: Пустите дјецу, и не браните им да долазе к мени, јер је таквих Царство небеско."
Матеј,19,15,"И положивши на њих руке, отиде оданде."
Матеј,19,16,"И гле, неко приступи и рече му: Учитељу благи, које добро да учиним да имам живот вјечни?"
Матеј,19,17,А он му рече: Што ме зовеш благим? Нико није благ осим једнога Бога. А ако хоћеш ући у живот држи заповијести.
Матеј,19,18,Рече му: Које? А Исус рече: Не убиј; не учини прељубу; не укради; не свједочи лажно;
Матеј,19,19,Поштуј оца и матер; и љуби ближњега својега као себе самога.
Матеј,19,20,Рече му младић: Све ово сачувах од младости своје; шта ми још недостаје?
Матеј,19,21,"Рече му Исус: Ако хоћеш савршен да будеш, иди продај све што имаш и подај сиромасима, и имаћеш благо на небу, па хајде за мном."
Матеј,19,22,"А када чу младић ријеч, отиде жалостан; јер имађаше многа имања."
Матеј,19,23,А Исус рече ученицима својим: Заиста вам кажем да је тешко богатоме ући у Царство небеско.
Матеј,19,24,И опет вам кажем: Лакше је камили проћи кроз иглене уши неголи богатоме ући у Царство Божје.
Матеј,19,25,"А када то чуше ученици, чуђаху се веома говорећи: Ко се, дакле, може спасти?"
Матеј,19,26,"А Исус погледавши на њих, рече им: Људима је ово немогуће, а Богу је све могуће."
Матеј,19,27,"Тада одговори Петар и рече му: Ето, ми смо оставили све и за тобом пошли; шта ће, дакле, нама бити?"
Матеј,19,28,"А Исус им рече: Заиста вам кажем да ћете ви који пођосте за мном, у новом животу, када сједне Син Човјечији на пријесто славе своје, сјести и сами на дванаест пријестола и судити над дванаест племена Израиљевих."
Матеј,19,29,"И сваки који је оставио кућу, или браћу, или сестре, или оца, или матер, или жену, или дјецу, или земљу, имена мога ради, примиће сто пута онолико, и наслиједиће живот вјечни."
Матеј,19,30,Али ће многи први бити посљедњи и посљедњи први.
Матеј,20,1,Јер је Царство небеско слично човјеку домаћину који ујутру рано изиђе да најми посленике у виноград свој.
Матеј,20,2,"И погодивши се с посленицима по динар на дан, посла их у виноград свој."
Матеј,20,3,"И изишавши око трећега часа, видје друге гдје стоје на тргу беспослени."
Матеј,20,4,"И њима рече: Идите и ви у виноград мој, и што буде право даћу вам."
Матеј,20,5,"И они отидоше. И опет изишавши око шестога и деветога часа, учини тако."
Матеј,20,6,"А око једанаестога часа изишавши, нађе друге гдје стоје беспослени и рече им: Што стојите овдје цијели дан беспослени?"
Матеј,20,7,"Рекоше му: Јер нас нико не најми. Рече им: Идите и ви у мој виноград, и што буде право примићете."
Матеј,20,8,"А кад би увече, рече господар винограда приставу својему: Дозови посленике и подај им плату почевши од посљедњих до првих."
Матеј,20,9,"И дошавши који су око једанаестога часа најмљени, примише по динар."
Матеј,20,10,"А када дођоше први, помислише да ће више примити, и примише и они по динар."
Матеј,20,11,И примивши роптаху на домаћина.
Матеј,20,12,"Говорећи: Ево, ови посљедњи један час радише, па их изједначи с нама који поднијесмо тегобу дана и жегу."
Матеј,20,13,"А он одговарајући рече једноме од њих: Пријатељу, не чиним ти неправду. Ниси ли погодио са мном по динар?"
Матеј,20,14,Узми своје па иди; а ја хоћу и овоме посљедњему да дам као и теби.
Матеј,20,15,Или зар ја нисам властан у своме чинити шта хоћу? Зар је око твоје зло што сам ја добар?
Матеј,20,16,Тако ће бити посљедњи први и први посљедњи; јер је много званих а мало изабраних.
Матеј,20,17,"И полазећи Исус горе у Јерусалим, узе насамо на путу Дванаесторицу ученика, и рече им:"
Матеј,20,18,"Ево идемо горе у Јерусалим, и Син Човјечији биће предан првосвештеницима и књижевницима; и осудиће га на смрт;"
Матеј,20,19,И предаће га незнабошцима да му се ругају и да га шибају и разапну; и трећи дан васкрснуће.
Матеј,20,20,Тада му приступи мати синова Зеведејевих са синовима својим клањајући му се и молећи га за нешто.
Матеј,20,21,"А он јој рече: Шта хоћеш? Рече му: Реци да сједну ова моја два сина, један са десне стране теби, а један с лијеве стране теби, у царству твојему."
Матеј,20,22,А Исус одговарајући рече: Не знате шта иштете. Можете ли пити чашу коју ћу ја пити и крстити се крштењем којим се ја крштавам? Рекоше му: Можемо.
Матеј,20,23,"И рече им: Чашу, дакле, моју испићете и крштењем којим се ја крштавам крстићете се; али сјести мени с десне и с лијеве стране, није моје да дам, него којима је припремио Отац мој."
Матеј,20,24,"И чувши то десеторица, расрдише се на та два брата."
Матеј,20,25,А Исус дозвавши их рече: Знате да кнезови народа господаре њима и великаши владају над њима.
Матеј,20,26,"Да не буде тако међу вама; него који хоће да буде велики међу вама, нека вам буде служитељ."
Матеј,20,27,"И који хоће међу вама да буде први, нека вам буде слуга;"
Матеј,20,28,"Као што ни Син Човјечији није дошао да му служе, него да служи и даде живот свој у откуп за многе."
Матеј,20,29,"И кад они излажаху из Јерихона, за њим пође народ многи."
Матеј,20,30,"И гле, два слијепца сјеђаху крај пута, и чувши да Исус пролази, повикаше говорећи: Помилуј нас, Господе, сине Давидов!"
Матеј,20,31,"А народ им пријећаше да ућуте; а они још већма повикаше говорећи: Помилуј нас, Господе, сине Давидов!"
Матеј,20,32,"И ставши Исус дозва их, и рече: Шта хоћете да вам учиним?"
Матеј,20,33,"Рекоше му: Господе, да се отворе очи наше."
Матеј,20,34,"И смилова се Исус, и дотаче се очију њихових, и одмах прогледаше очи њихове, и отидоше за њим."
Матеј,21,1,"И када се приближише Јерусалиму и дођоше у Витфагу према Маслинској гори, онда Исус посла два ученика."
Матеј,21,2,"Говорећи им: Идите у село што је према вама, и одмах ћете наћи магарицу привезану и магаре с њом; одријешите је и доведите ми."
Матеј,21,3,"И ако вам ко рече што, кажите да они требају Господу; и одмах ће их послати."
Матеј,21,4,А ово је све било да се испуни што је казано преко пророка који говори:
Матеј,21,5,"Кажите кћери Сионовој: Ево Цар твој иде теби кротак, и јаше на магарици, и магарету, младунчету товарне животиње."
Матеј,21,6,А ученици отидоше и учинише како им заповједи Исус.
Матеј,21,7,"Доведоше магарицу и магаре, и метнуше на њих хаљине своје, и усједе на њих."
Матеј,21,8,"А народ веома многи простираше хаљине своје по путу, а други резаху грање од дрвећа и простираху по путу."
Матеј,21,9,"А народ, који иђаше пред њим и за њим, викаше говорећи: Осана Сину Давидову! Благословен који долази у име Господње! Осана на висини!"
Матеј,21,10,"И кад он уђе у Јерусалим, узбуни се сав град говорећи: Ко је то?"
Матеј,21,11,"А народ говораше: Ово је Исус, пророк из Назарета Галилејскога."
Матеј,21,12,"И уђе Исус у храм Божији, и изгна све који продаваху и куповаху по храму, и испремета столове оних што мијењаху новце, и клупе оних што продаваху голубове."
Матеј,21,13,И рече им: написано је: Дом мој - дом молитве нека се зове; а ви начинисте од њега пећину разбојничку.
Матеј,21,14,"И приступише му хроми и слијепи у храму, и исцијели их."
Матеј,21,15,"А кад видјеше првосвештеници и књижевници чудеса која учини, и дјецу гдје вичу у храму и говоре: Осана Сину Давидову, расрдише се."
Матеј,21,16,И рекоше му: Чујеш ли шта ови говоре? А Исус им рече: Да! Зар нисте никада читали: Из уста дјеце и одојчади начинио си себи хвалу?
Матеј,21,17,"И оставивши их, изиђе напоље из града, у Витанију, и заноћи ондје."
Матеј,21,18,А ујутру враћајући се у град огладње;
Матеј,21,19,"И угледавши смокву једну крај пута дође њој, и не нађе на њој ништа осим лишћа, и рече јој: Да никад више не буде од тебе рода до вијека! И одмах усахну смоква."
Матеј,21,20,И видјевши то ученици дивише се говорећи: Како одмах усахну смоква!
Матеј,21,21,"А Исус одговарајући рече им: Заиста вам кажем: Ако имате вјеру и не посумњате, учинићете не само оно што се зби са смоквом, него и гори овој ако речете: дигни се и баци се у море, догодиће се."
Матеј,21,22,"И све што узиштете у молитви вјерујући, добићете."
Матеј,21,23,"И кад уђе у храм и стаде учити, приступише му првосвештеници и старјешине народне говорећи: Каквом влашћу то чиниш? И ко ти даде ту власт?"
Матеј,21,24,"А Исус одговарајући рече им: И ја ћу вас упитати једну ријеч, коју ако ми кажете, и ја ћу вама рећи каквом влашћу ово чиним."
Матеј,21,25,"Крштење Јованово откуда бијаше? С неба, или од људи? А они размишљаху у себи говорећи: Ако кажемо: с неба, рећи ће нам: Зашто му, дакле, не вјеровасте?"
Матеј,21,26,"Ако ли речемо: од људи, бојимо се народа; јер сви Јована држе за пророка."
Матеј,21,27,И одговарајући Исусу рекоше: Не знамо. Рече и он њима: Ни ја вама нећу казати каквом влашћу ово чиним.
Матеј,21,28,"А шта вам се чини? Човјек неки имаше два сина, и дошавши првоме рече: Синко, иди данас ради у винограду моме."
Матеј,21,29,А он одговарајући рече: Нећу! И послије се раскаја и отиде.
Матеј,21,30,"И приступивши другоме рече тако исто. А он одговарајући рече: Хоћу, господару!И не отиде."
Матеј,21,31,Који је од ове двојице извршио вољу очеву? Рекоше му: Први. Рече им Исус: Заиста вам кажем да ће цариници и блуднице прије вас ући у Царство Божије.
Матеј,21,32,"Јер вам дође Јован путем праведним, и не вјеровасте му; а цариници и блуднице повјероваше му; а ви видјевши то, не раскајасте се затим да му вјерујете."
Матеј,21,33,"Другу причу чујте: Бијаше човјек домаћин који посади виноград и огради га плотом, и ископа у њему пивницу, и сагради кулу, и даде га виноградарима, и отиде."
Матеј,21,34,"А када се приближи вријеме бербе, посла слуге своје виноградарима да приме плодове његове."
Матеј,21,35,"И виноградари, похватавши слуге његове, једнога избише, а једнога убише, а једнога камењем засуше."
Матеј,21,36,"Опет посла друге слуге, више него прије, и учинише им тако исто."
Матеј,21,37,А најзад посла им сина својега говорећи: Постидјеће се сина мојега.
Матеј,21,38,"А виноградари видјевши сина, рекоше међу собом: Ово је насљедник; ходите да га убијемо, и да присвојимо насљедство његово."
Матеј,21,39,"И ухватише га, па изведоше напоље из винограда, и убише."
Матеј,21,40,"Када, дакле, дође господар винограда шта ће учинити виноградарима оним?"
Матеј,21,41,"Рекоше му: Злочинце ће злом смрћу погубити, а виноград ће дати другим виноградарима, који ће му давати плодове у своје вријеме."
Матеј,21,42,"Рече им Исус: Зар нисте никада читали у Писму: Камен који одбацише зидари, тај постаде глава од угла; то би од Господа и дивно је у очима нашим."
Матеј,21,43,"Зато вам кажем да ће се од вас узети Царство Божије, и даће се народу који доноси плодове његове."
Матеј,21,44,"И ко падне на овај камен, разбиће се; а на кога он падне, сатрће га."
Матеј,21,45,"И чувши првосвештеници и фарисеји приче његове, разумјеше да о њима говори."
Матеј,21,46,"И настојећи да га ухвате, побојаше се народа, јер га држаху за пророка."
Матеј,22,1,И одговарајући Исус опет им рече у причама говорећи:
Матеј,22,2,Царство небеско је као човјек цар који начини свадбу сину своме.
Матеј,22,3,И посла слуге своје да зову званице на свадбу; и не хтједоше доћи.
Матеј,22,4,"Опет посла друге слуге говорећи: Кажите званицама: Ево сам објед свој уготовио, јунци моји и храњеници поклани су, и све је готово: дођите на свадбу."
Матеј,22,5,"А они не маривши отидоше, овај у поље своје, а онај у трговину своју;"
Матеј,22,6,"А остали ухватише слуге његове, изружише их, и побише."
Матеј,22,7,"И када то чу цар онај, разгњеви се и пославши војску своју, погуби крвнике оне, и град њихов запали."
Матеј,22,8,"Тада рече слугама својим: Свадба је готова, а званице не бјеху достојне."
Матеј,22,9,"Идите, дакле, на раскршћа и кога год нађете, позовите на свадбу."
Матеј,22,10,"И изишавши слуге оне на путеве, сабраше све које нађоше, и зле и добре; и напуни се свадбена дворана гостију."
Матеј,22,11,"А ушавши цар да види госте, угледа ондје човјека необучена у свадбено рухо."
Матеј,22,12,"И рече му: Пријатељу, како си ушао амо без свадбеног руха? А он оћута."
Матеј,22,13,"Тада рече цар слугама: Свежите му руке и ноге, па га узмите и баците у таму најкрајњу; ондје ће бити плач и шкргут зуба."
Матеј,22,14,"Јер су многи звани, али је мало изабраних."
Матеј,22,15,Тада отидоше фарисеји и на вијећању се договорише како би га ухватили у ријечи.
Матеј,22,16,"И послаше к њему ученике своје са иродовцима, говорећи: Учитељу, знамо да си истинит и путу Божијему заиста учиш и не обазиреш се ни на кога, јер не гледаш ко је ко од људи."
Матеј,22,17,"Кажи нам, дакле, шта ти мислиш: треба ли дати порез ћесару или не?"
Матеј,22,18,"Разумијевши Исус лукавство њихово рече: Што ме кушате, лицемјери?"
Матеј,22,19,Покажите ми новац порезни. А они му донесоше динар.
Матеј,22,20,И рече им: Чији је овај лик и натпис?
Матеј,22,21,"Рекоше му: Ћесарев. Тада им рече: Подајте, дакле, ћесарево ћесару, и Божије Богу."
Матеј,22,22,"И чувши задивише се, и оставивши га отидоше."
Матеј,22,23,"У тај исти дан приступише му садукеји, који говоре да нема васкрсења, и упиташе га"
Матеј,22,24,"Говорећи: Учитељу, Мојсеј рече: Ако умре ко без дјеце, да узме брат његов жену његову и подигне сјеме брату своме."
Матеј,22,25,"У нас бјеше седам браће; и први оженивши се умрије, и не имавши порода остави жену своју брату своме."
Матеј,22,26,"А тако и други, и трећи, све до седмога."
Матеј,22,27,А послије свију умрије и жена.
Матеј,22,28,"О васкрсењу, дакле, којега ће од седморице бити жена? Јер је за свима била."
Матеј,22,29,"А Исус одговарајући рече им: Варате се, не знајући Писма ни силе Божије."
Матеј,22,30,"Јер о васкрсењу нити се жене нити се удају, него су као анђели Божији на небу."
Матеј,22,31,А за васкрсење мртвих нисте ли читали шта вам је рекао Бог говорећи:
Матеј,22,32,"Ја сам Бог Авраамов, и Бог Исаков, и Бог Јаковљев? Бог није Бог мртвих, него живих."
Матеј,22,33,И народ чувши дивљаше се науци његовој.
Матеј,22,34,"А фарисеји чувши да ућутка садукеје, сабраше се заједно."
Матеј,22,35,"И упита један од њих, законик, кушајући га и говорећи:"
Матеј,22,36,"Учитељу, која је заповијест највећа у Закону?"
Матеј,22,37,"А Исус му рече: Љуби Господа Бога својега свим срцем својим, и свом душом својом, и свим умом својим."
Матеј,22,38,Ово је прва и највећа заповијест.
Матеј,22,39,А друга је као и ова: Љуби ближњега свога као самога себе.
Матеј,22,40,О овим двјема заповијестима виси сав Закон и Пророци.
Матеј,22,41,"А када се сабраше фарисеји, упита их Исус"
Матеј,22,42,Говорећи: Шта мислите за Христа? Чији је син? Рекоше му: Давидов.
Матеј,22,43,"Рече им: Како, дакле, Давид њега у Духу назива Господом говорећи:"
Матеј,22,44,"Рече Господ Господу мојему: Сједи мени с десне стране, док положим непријатеље твоје за подножје ногама твојим?"
Матеј,22,45,"Када, дакле, Давид назива њега Господом, како му је син?"
Матеј,22,46,И нико му не могаше одговорити ни ријеч; нити смједе ко од тога дана да га запита више.
Матеј,23,1,Тада Исус рече народу и ученицима својим
Матеј,23,2,Говорећи: На Мојсејеву столицу сједоше књижевници и фарисеји.
Матеј,23,3,"Све, дакле, што вам кажу да држите, држите и творите; али по дјелима њиховим не поступајте, јер говоре а не творе,"
Матеј,23,4,"Него везују бремена тешка и незгодна за ношење и товаре на плећа људска, а прстом својим неће да их помакну."
Матеј,23,5,А сва дјела своја чине да их виде људи; јер проширују амајлије своје и праве велике скуте на хаљинама својим.
Матеј,23,6,И воле зачеља на гозбама и прва мјеста по синагогама.
Матеј,23,7,"И да им се клања по трговима, и да их људи зову: учитељу!"
Матеј,23,8,"А ви се не зовите учитељи; јер је у вас један Учитељ, Христос, а ви сте сви браћа."
Матеј,23,9,"И оцем својим не зовите никога на земљи; јер је у вас један Отац, који је на небесима."
Матеј,23,10,"Нити се зовите наставници; јер је у вас један Наставник, Христос."
Матеј,23,11,А највећи између вас да вам буде слуга.
Матеј,23,12,"Јер који се уздиже понизиће се, а који се понизи узвисиће се."
Матеј,23,13,"Тешко вама књижевници и фарисеји, лицемјери, што затварате Царство небеско пред људима; јер ви не улазите, нити пуштате да уђу они који би хтјели."
Матеј,23,14,"Тешко вама књижевници и фарисеји, лицемјери, што једете куће удовичке, и лажно се молите дуго; зато ћете већма бити осуђени."
Матеј,23,15,"Тешко вама књижевници и фарисеји, лицемјери, што проходите море и копно да бисте добили једнога сљедбеника, и кад га придобијете, чините га сином пакла двоструко већим од себе."
Матеј,23,16,"Тешко вама, вођи слијепи, који говорите: Ако се ко куне храмом, то није ништа; а ко се куне златом храмовним, крив је."
Матеј,23,17,Безумници и слијепци! Јер шта је веће: злато или храм који злато освећује?
Матеј,23,18,"И ако се ко куне жртвеником, ништа је то, а који се куне даром на њему, крив је."
Матеј,23,19,Безумници и слијепци! Јер шта је веће: дар или жртвеник који дар освећује?
Матеј,23,20,"Који се, дакле, куне жртвеником, куне се њим и свим што је на њему."
Матеј,23,21,"И који се куне храмом, куне се њим и Оним који обитава у њему."
Матеј,23,22,"А који се куне небом, куне се пријестолом Божијим и Оним који сједи на њему."
Матеј,23,23,"Тешко вама књижевници и фарисеји, лицемјери, што дајете десетак од метвице и од копра и од кима, а остависте што је претежније у Закону: правду и милост и вјеру; а ово је требало чинити и оно не остављати."
Матеј,23,24,"Вођи слијепи, који оцијеђујете комарца а камилу прождирете."
Матеј,23,25,"Тешко вама књижевници и фарисеји, лицемјери, што чистите споља чашу и здјелу, а изнутра су пуне грабежа и неправде."
Матеј,23,26,"Фарисеју слијепи, очисти најприје изнутра чашу и здјелу да буду и споља чисте."
Матеј,23,27,"Тешко вама књижевници и фарисеји, лицемјери, што сте као окречени гробови, који споља изгледају лијепи, а унутра су пуни костију мртвачких и сваке нечистоте."
Матеј,23,28,"Тако и ви: споља се показујете људима праведни, а изнутра сте пуни лицемјерја и безакоња."
Матеј,23,29,"Тешко вама књижевници и фарисеји, лицемјери, што зидате гробове пророцима и красите споменике праведника,"
Матеј,23,30,"И говорите: Да смо ми били у вријеме отаца својих, не бисмо с њима пристали у крв пророка."
Матеј,23,31,Тиме сами свједочите за себе да сте синови оних који су побили пророке.
Матеј,23,32,Испуните и ви мјеру отаца ваших.
Матеј,23,33,"Змије, породи аспидини, како ћете побјећи од осуде за пакао?"
Матеј,23,34,"Зато, ево, ја ћу вам послати пророке и мудраце и књижевнике; и ви ћете једне побити и распети, а друге шибати по синагогама својим и гонити од града до града;"
Матеј,23,35,"Да дође на вас сва крв праведна што је проливена на земљи од крви Авеља праведнога до крви Захарије сина Варахијина, којега убисте између храма и жртвеника."
Матеј,23,36,Заиста вам кажем да ће све ово доћи на род овај.
Матеј,23,37,"Јерусалиме, Јерусалиме, који убијаш пророке и засипаш камењем послане теби, колико пута хтједох да саберем чеда твоја, као што кокош скупља пилиће своје под крила, и не хтједосте!"
Матеј,23,38,Ето ће вам се оставити кућа ваша пуста.
Матеј,23,39,Јер вам кажем: Нећете ме од сада видјети док не речете: Благословен који долази у име Господње.
Матеј,24,1,"И изишавши Исус иђаше од храма, и приступише му ученици његови да му покажу грађевине храма."
Матеј,24,2,А Исус им рече: Не видите ли све ово? Заиста вам кажем: Неће остати овдје ни камен на камену који се неће разметнути.
Матеј,24,3,"А када сјеђаше на гори Маслинској, приступише му ученици насамо говорећи: Кажи нам кад ће то бити и какав је знак твога доласка и свршетка вијека?"
Матеј,24,4,И одговарајући Исус рече им: Чувајте се да вас ко не превари.
Матеј,24,5,Јер ће многи доћи у име моје говорећи: Ја сам Христос. И многе ће преварити.
Матеј,24,6,Чућете ратове и гласове о ратовима. Гледајте да се не уплашите; јер треба све то да се збуде. Али још није крај.
Матеј,24,7,Јер ће устати народ на народ и царство на царство и биће глади и помора и земљотреса по свијету.
Матеј,24,8,А то је све почетак страдања.
Матеј,24,9,"Тада ће вас предати на муке, и побиће вас, и сви ће вас народи омрзнути због имена мога."
Матеј,24,10,"И тада ће се многи саблазнити, и издаће један другога и омрзнуће један другога."
Матеј,24,11,И изићи ће многи лажни пророци и превариће многе.
Матеј,24,12,"И зато што ће се умножити безакоње, охладњеће љубав многих."
Матеј,24,13,"Али ко претрпи до краја, тај ће се спасти."
Матеј,24,14,И проповиједаће се ово јеванђеље о Царству по свему свијету за свједочанство свим народима. И тада ће доћи крај.
Матеј,24,15,"Када, дакле, угледате гнусобу опустошења, о којој говори пророк Данило, гдје стоји на мјесту светоме - ко чита да разумије -"
Матеј,24,16,Тада који буду у Јудеји нека бјеже у горе;
Матеј,24,17,И који буде на крову да не силази да узме што му је у кући;
Матеј,24,18,И који буде у пољу да се не враћа натраг да узме хаљине своје.
Матеј,24,19,А тешко трудницама и дојиљама у те дане.
Матеј,24,20,Него се молите Богу да не буде бјежање ваше у зиму ни у суботу.
Матеј,24,21,"Јер ће тада бити невоља велика каква није била од постанка свијета до сада, нити ће бити."
Матеј,24,22,"И ако се не би скратили дани они, нико не би остао; али изабраних ради скратиће се дани они."
Матеј,24,23,"Тада ако вам ко рече: Ево, овдје је Христос или ондје, не вјерујте."
Матеј,24,24,"Јер ће се појавити лажни христоси и лажни пророци, и показаће знаке велике и чудеса да би преварили, ако буде могуће, и изабране."
Матеј,24,25,Ето вам казах унапријед.
Матеј,24,26,"Ако вам, дакле, кажу: Ево га у пустињи, не излазите. Ево га у собама, не вјерујте."
Матеј,24,27,"Јер као што муња излази од истока и сине до запада, тако ће бити и долазак Сина Човјечијега."
Матеј,24,28,"Јер гдје је труп, ондје ће се и орлови окупити."
Матеј,24,29,"И одмах ће се по невољи тих дана сунце помрачити, и мјесец своју свјетлост изгубити, и звијезде с неба пасти, и силе небеске покренути се."
Матеј,24,30,И тада ће се показати знак Сина Човјечијега на небу; и тада ће проплакати сва племена на земљи; и угледаће Сина Човјечијега гдје долази на облацима небеским са силом и славом великом.
Матеј,24,31,"И послаће анђеле своје с великим гласом трубним; и сабраће изабране своје од четири вјетра, од краја до краја небеса."
Матеј,24,32,"А од смокве научите поуку: Када се гране њене већ подмладе и олистају, знате да је близу љето."
Матеј,24,33,"Тако и ви кад видите све ово, знајте да је близу пред вратима."
Матеј,24,34,Заиста вам кажем: Овај нараштај неће проћи док се све ово не збуде.
Матеј,24,35,"Небо и земља ће проћи, али ријечи моје неће проћи."
Матеј,24,36,"А о дану томе и о часу нико не зна, ни анђели небески, до Отац мој сам."
Матеј,24,37,"Јер како је било у дане Ноја, тако ће бити и долазак Сина Човјечијега."
Матеј,24,38,"Јер као што у дане пред потопом јеђаху и пијаху, жењаху се и удаваху до онога дана кад Ноје уђе у ковчег,"
Матеј,24,39,И не схватише док не дође потоп и однесе све; тако ће бити и долазак Сина Човјечијега.
Матеј,24,40,"Тад ће бити два на њиви: један ће се узети, а други оставити."
Матеј,24,41,"Двије ће мљети на жрвњевима; једна ће се узети, а друга оставити."
Матеј,24,42,"Стражите, дакле, јер не знате у који ће час доћи Господ ваш."
Матеј,24,43,"Али ово знајте: Кад би знао домаћин у које ће вријеме доћи лопов, стражио би и не би дао да му провали кућу."
Матеј,24,44,Зато и ви будите спремни; јер у који час не мислите доћи ће Син Човјечији.
Матеј,24,45,"Ко је, дакле, тај вјерни и мудри слуга кога постави господар његов над својим домаћима да им даје храну на вријеме?"
Матеј,24,46,"Благо томе слуги кога господар његов, дошавши, нађе да чини тако."
Матеј,24,47,Заиста вам кажем: поставиће га над свим имањем својим.
Матеј,24,48,Ако ли тај рђави слуга рече у срцу своме: Неће мој господар још задуго доћи;
Матеј,24,49,"И почне тући другове своје, а јести и пити с пијаницама;"
Матеј,24,50,"Доћи ће господар тога слуге у дан када се не нада, и у час када не мисли,"
Матеј,24,51,"И расјећи ће га напола, и даће му удио са лицемјерима; ондје ће бити плач и шкргут зуба."
Матеј,25,1,Тада ће бити Царство небеско као десет дјевојака које узеше свјетиљке своје и изиђоше у сретање женику.
Матеј,25,2,А пет њих бијаху мудре и пет луде.
Матеј,25,3,"Јер луде, узевши свјетиљке своје, не узеше са собом уља."
Матеј,25,4,А мудре узеше уље у посудама са свјетиљкама својим.
Матеј,25,5,"А будући да женик одоцни, задријемаше све, и поспаше."
Матеј,25,6,"А у поноћи стаде вика: Ево женик долази, излазите му у сретање."
Матеј,25,7,Тада устадоше све дјевојке оне и украсише свјетиљке своје.
Матеј,25,8,"А луде рекоше мудрима: Дајте нам од уља вашега, јер се наше свјетиљке гасе."
Матеј,25,9,"А мудре одговорише говорећи: Да не би недостало и нама и вама, боље идите продавцима и купите себи."
Матеј,25,10,"А кад оне отидоше да купе, дође женик, и спремне уђоше с њим на свадбу, и затворише се врата."
Матеј,25,11,"А послије дођоше и оне друге дјевојке говорећи: Господару, Господару! Отвори нам."
Матеј,25,12,"А он одговарајући рече им: Заиста вам кажем, не познајем вас."
Матеј,25,13,"Стражите, дакле, јер не знате дана ни часа у који ће Син Човјечији доћи."
Матеј,25,14,Јер као што човјек полазећи на пут дозва слуге своје и предаде им благо своје;
Матеј,25,15,"И једноме даде пет таланата, а другоме два, а трећему један, свакоме према његовој моћи; и одмах отиде."
Матеј,25,16,"А онај што прими пет таланата отиде те ради с њима, и доби још пет таланата."
Матеј,25,17,"Тако и онај што прими два, доби и он још два."
Матеј,25,18,"А који прими један, отиде те га закопа у земљу и сакри сребро господара свога."
Матеј,25,19,"А послије дугог времена дође господар ових слуга, и стаде сводити рачун са њима."
Матеј,25,20,"И приступивши онај што је примио пет таланата, донесе још пет таланата говорећи: Господару, предао си ми пет таланата; ево још пет таланата које сам добио с њима."
Матеј,25,21,"А господар његов рече му: Добро, слуго добри и вјерни, у маломе си био вјеран, над многим ћу те поставити; уђи у радост господара својега."
Матеј,25,22,"А приступивши и онај што је примио два таланта рече: Господару, предао си ми два таланта; ево још два таланта која сам добио с њима."
Матеј,25,23,"А господар његов рече му: Добро, слуго добри и вјерни, у маломе си био вјеран, над многим ћу те поставити; уђи у радост господара својега."
Матеј,25,24,"А приступивши и онај што је примио један талант рече: Господару, знао сам да си ти тврд човјек: жањеш гдје ниси сијао, и скупљаш гдје ниси вијао;"
Матеј,25,25,Па се побојах и отидох те сакрих талант твој у земљу; и ево ти твоје.
Матеј,25,26,"А господар његов одговарајући рече му: Зли и лијени слуго, знао си да жањем гдје нисам сијао, и скупљам гдје нисам вијао."
Матеј,25,27,"Требало је зато моје сребро да даш мјењачима; и дошавши, ја бих узео своје са добитком."
Матеј,25,28,"Узмите, дакле, од њега талант, и подајте ономе што има десет таланата."
Матеј,25,29,"Јер свакоме који има даће се, и претећи ће му; а од онога који нема, и што има узеће се од њега."
Матеј,25,30,А неваљалога слугу баците у таму најкрајњу; ондје ће бити плач и шкргут зуба.
Матеј,25,31,"А када дође Син Човјечији у слави својој и сви свети анђели са њим, тада ће сјести на пријесто славе своје."
Матеј,25,32,"И сабраће се пред њим сви народи, и разлучиће их једне од других као пастир што разлучује овце од јаради."
Матеј,25,33,"И поставиће овце са десне стране себи, а јарад са лијеве."
Матеј,25,34,Тада ће рећи Цар онима што му стоје са десне стране: Ходите благословени Оца мојега; примите Царство које вам је припремљено од постања свијета.
Матеј,25,35,"Јер огладњех, и дадосте ми да једем; ожедњех, и напојисте ме; странац бијах, и примисте ме;"
Матеј,25,36,"Наг бијах, и одјенусте ме; болестан бијах, и посјетисте ме; у тамници бијах, и дођосте ми."
Матеј,25,37,"Тада ће му одговорити праведници говорећи: Господе, када те видјесмо гладна, и нахранисмо? Или жедна, и напојисмо?"
Матеј,25,38,"Кад ли те видјесмо странца, и примисмо? Или нага, и одјенусмо?"
Матеј,25,39,"Кад ли те видјесмо болесна или у тамници, и дођосмо ти?"
Матеј,25,40,"И одговарајући Цар, рећи ће им: Заиста вам кажем: кад учинисте једноме од ове моје најмање браће, мени учинисте."
Матеј,25,41,"Тада ће рећи и онима што му стоје с лијеве стране: Идите од мене, проклети, у огањ вјечни који је припремљен ђаволу и анђелима његовим."
Матеј,25,42,"Јер огладњех, и не дадосте ми да једем; ожедњех, и не напојисте ме;"
Матеј,25,43,"Странац бијах, и не примисте ме; наг бијах, и не одјенусте ме; болестан и у тамници бијах, и не посјетисте ме."
Матеј,25,44,"Тад ће му одговорити и они говорећи: Господе, када те видјесмо гладна или жедна, или странца или нага, или болесна или у тамници, и не послужисмо ти?"
Матеј,25,45,"Тада ће им одговорити говорећи: Заиста вам кажем: кад не учинисте једноме од ових најмањих, ни мени не учинисте."
Матеј,25,46,"И ови ће отићи у муку вјечну, а праведници у живот вјечни."
Матеј,26,1,"И када сврши Исус све ријечи ове, рече ученицима својима:"
Матеј,26,2,"Знате да ће за два дана бити Пасха, и Син Човјечији биће предан да се разапне."
Матеј,26,3,Тада се скупише првосвештеници и књижевници и старјешине народа у двор првосвештеника по имену Кајафа;
Матеј,26,4,И савјетоваше се како би Исуса на пријевару ухватили и убили.
Матеј,26,5,"И говораху: Али не о празнику, да се не би народ побунио."
Матеј,26,6,"А кад Исус бјеше у Витанији у кући Симона губавога,"
Матеј,26,7,"Приступи му жена са алавастровом посудом мириса скупоцјенога, и изли на главу његову када сјеђаше за трпезом."
Матеј,26,8,"А кад ово видјеше ученици његови, негодоваше говорећи: Чему ова штета?"
Матеј,26,9,Јер се могаше овај мирис продати скупо и дати сиромасима.
Матеј,26,10,А разумјевши Исус рече им: Што ометате жену? Она учини добро дјело на мени.
Матеј,26,11,"Јер сиромахе имате свагда са собом, а мене немате свагда."
Матеј,26,12,"А она изливши мирис овај на тијело моје, учини то за мој погреб."
Матеј,26,13,"Заиста вам кажем: Гдје се год успроповиједа ово јеванђеље по свему свијету, казаће се за спомен њен и ово што она учини."
Матеј,26,14,"Тада један од Дванаесторице, по имену Јуда Искариотски, отиде првосвештеницима,"
Матеј,26,15,И рече: Шта ћете ми дати и ја ћу вам га издати? А они му положише тридесет сребрника.
Матеј,26,16,И од тада тражаше згодно вријеме да га изда.
Матеј,26,17,"А у први дан бесквасних хљебова, приступише ученици Исусу говорећи му: Гдје хоћеш да ти уготовимо да једеш Пасху?"
Матеј,26,18,"А он рече: Идите у град томе и томе, и кажите му: Учитељ каже: Вријеме је моје близу, код тебе ћу да учиним Пасху са ученицима својим."
Матеј,26,19,"И ученици учинише како им заповједи Исус, и уготовише Пасху."
Матеј,26,20,"А кад би увече, сједе за трпезу са Дванаесторицом ученика."
Матеј,26,21,И док јеђаху рече им: Заиста вам кажем: један од вас издаће ме.
Матеј,26,22,"И ожалостивши се веома, поче му сваки од њих говорити: Да нисам ја, Господе?"
Матеј,26,23,А он одговарајући рече: Који умочи са мном руку у здјелу тај ће ме издати.
Матеј,26,24,"Син Човјечији, дакле, иде као што је писано за њега; али тешко ономе човјеку који изда Сина Човјечијег; боље би му било да се није родио тај човјек."
Матеј,26,25,"А Јуда, издајник његов, одговарајући рече: Да нисам ја, Учитељу? Рече му: Ти каза!"
Матеј,26,26,"И кад јеђаху, узе Исус хљеб и благословивши преломи га, и даваше ученицима, и рече: Узмите, једите; ово је тијело моје."
Матеј,26,27,И узе чашу и заблагодаривши даде им говорећи: Пијте из ње сви;
Матеј,26,28,Јер ово је крв моја Новога завјета која се пролијева за многе ради отпуштења гријехова.
Матеј,26,29,Кажем вам пак да од сада нећу пити овога рода виноградскога до оног дана када ћу пити с вама новога у Царству Оца мојега.
Матеј,26,30,"И отпојавши хвалу, изиђоше на гору Маслинску."
Матеј,26,31,"Тада им рече Исус: Сви ћете се ви саблазнити о мене ову ноћ; јер у Писму стоји: Ударићу пастира, и овце стада разбјећи ће се."
Матеј,26,32,А по васкрсењу своме отићи ћу пред вама у Галилеју.
Матеј,26,33,"А Петар одговоривши рече му: Ако се и сви саблазне о тебе, ја се нећу никад саблазнити."
Матеј,26,34,"Рече му Исус: Заиста ти кажем: Ноћас, прије него пијетао запјева, три пута ћеш ме се одрећи."
Матеј,26,35,Рече му Петар: Нећу те се одрећи макар морао и умријети с тобом! Тако рекоше и сви ученици.
Матеј,26,36,"Тада Исус дође са њима у мјесто које се зове Гетсиманија, и рече ученицима: Сједите ту док ја одем тамо да се помолим Богу."
Матеј,26,37,"И узевши Петра и оба сина Зеведејева, поче се жалостити и туговати."
Матеј,26,38,Тада им рече Исус: Жалосна је душа моја до смрти; останите овдје и бдите са мном.
Матеј,26,39,"И отишавши мало, паде на лице своје молећи се и говорећи: Оче мој, ако је могуће, нека ме мимоиђе чаша ова; али опет не како ја хоћу, него како ти!"
Матеј,26,40,"И дошавши ученицима, нађе их гдје спавају, и рече Петру: Зар не могосте један час пробдјети са мном?"
Матеј,26,41,"Бдите и молите се да не паднете у напаст; јер је дух срчан, али је тијело слабо."
Матеј,26,42,"Опет и други пут отиде и помоли се говорећи: Оче мој, ако не може да ме мимоиђе ова чаша да је не пијем, нека буде воља твоја."
Матеј,26,43,И дошавши нађе их опет гдје спавају; јер им бијаху очи отежале.
Матеј,26,44,"И оставивши их, отиде опет те се трећи пут помоли говорећи оне исте ријечи."
Матеј,26,45,"Тада дође ученицима својим и рече им: Још спавате и почивате! Ево се приближио час, и Син Човјечији предаје се у руке грјешника."
Матеј,26,46,"Устаните, хајдемо! Ево, приближио се издајник мој."
Матеј,26,47,"И док он још тако говораше, гле, Јуда, један од Дванаесторице, дође, и са њим људи многи с ножевима и с кољем од првосвештеника и старјешина народних."
Матеј,26,48,"А издајник његов даде им знак говорећи: Кога ја цјеливам, онај је; држите њега."
Матеј,26,49,"И одмах приступивши Исусу рече: Здраво, Учитељу! И цјелива га."
Матеј,26,50,"А Исус му рече: Пријатељу, на то ли си дошао? Тада приступивши, ставише руке на Исуса и ухватише га."
Матеј,26,51,"И гле, један од оних, што бијаху са Исусом, машивши се руком, извади нож свој те удари слугу првосвештеникова, и одреза му ухо."
Матеј,26,52,"Тада му рече Исус: Врати нож свој на мјесто његово; јер сви који се маше за нож, од ножа ће погинути,"
Матеј,26,53,Или мислиш да не могу умолити сад Оца свога да ми пошаље више од дванаест легиона анђела?
Матеј,26,54,"Како би се, дакле, испунила Писма да овако треба да буде?"
Матеј,26,55,"У тај час рече Исус људима: Као на разбојника изишли сте с ножевима и с кољем да ме ухватите, а сваки дан сам код вас сједио учећи у храму, и не ухватисте ме."
Матеј,26,56,А ово је све било да се испуне Писма пророчка. Тада га сви ученици оставише и побјегоше.
Матеј,26,57,"А они што ухватише Исуса одведоше га првосвештенику Кајафи, гдје се књижевници и старјешине сабраше."
Матеј,26,58,А Петар иђаше за њим издалека до дворишта првосвештеникова и ушавши унутра сједе са слугама да види свршетак.
Матеј,26,59,"А првосвештеници и старјешине и сав Синедрион тражаху лажна свједочанства против Исуса да би га убили,"
Матеј,26,60,"И не нађоше; и премда многи лажни свједоци долазише, не нађоше. Најпослије дођоше два лажна свједока."
Матеј,26,61,И рекоше: Он је казао: Ја могу развалити храм Божији и за три дана саградити га.
Матеј,26,62,И уставши првосвештеник рече му: Зар ништа не одговараш што ови против тебе свједоче?
Матеј,26,63,"А Исус ћуташе. И првосвештеник одговарајући рече му: Заклињем те живим Богом да нам кажеш јеси ли ти Христос, Син Божији?"
Матеј,26,64,Рече му Исус: Ти каза. Али ја вам кажем: од сада ћете видјети Сина Човјечијега гдје сједи с десне стране Силе и долази на облацима небеским.
Матеј,26,65,Тада првосвештеник раздрије хаљине своје говорећи: Хули на Бога! Шта нам више требају свједоци? Ево сада чусте хулу његову.
Матеј,26,66,Шта мислите? А ови одговарајући рекоше: Заслужио је смрт.
Матеј,26,67,"Тада му попљуваше лице и удараху га, а друти га бијаху по образима"
Матеј,26,68,"Говорећи: Прореци нам, Христе, ко те удари?"
Матеј,26,69,"А Петар сјеђаше напољу у дворишту, и приступи му једна слушкиња говорећи: И ти си био са Исусом Галилејцем."
Матеј,26,70,А он се одрече пред свима говорећи: Не знам шта говориш.
Матеј,26,71,"И кад изиђе к вратима, угледа га друга и рече онима што бијаху ондје: И овај бјеше са Исусом Назарећанином."
Матеј,26,72,И опет се одрече са заклетвом: Не знам тога човјека.
Матеј,26,73,А мало потом приступише они што стајаху и рекоше Петру: Ваистину и ти си од њих: јер те и говор твој издаје.
Матеј,26,74,Тада се поче преклињати и клети да не зна тога човјека. И одмах запјева пијетао.
Матеј,26,75,"И опомену се Петар ријечи Исусове што му је рекао: Док пијетао не запјева, три пута ћеш ме се одрећи. И изишавши напоље, плакаше горко."
Матеј,27,1,"А кад би јутро, учинише вијеће сви првосвсштеници и старјешине народа против Исуса да га погубе."
Матеј,27,2,"И свезавши га одведоше, и предаше га Понтију Пилату, намјеснику."
Матеј,27,3,"Тада видјевши Јуда, издајник његов, да га осудише, раскаја се, и врати тридесет сребрника првосвештеницима и старјешинама"
Матеј,27,4,Говорећи: Сагријеших што издадох крв невину. А они рекоше: Шта ми маримо за то? Ти ћеш видјети.
Матеј,27,5,"И бацивши сребрнике у храму, изиђе, и отиде те се објеси."
Матеј,27,6,"А првосвештеници, узевши сребрнике, рекоше: Не ваља их метнути у храмовну ризницу, јер су цијена за крв."
Матеј,27,7,Него се договорише те купише за њих лончареву њиву за гробље странцима.
Матеј,27,8,Зато се та њива и прозва Крвна њива до данас.
Матеј,27,9,"Тада се испуни што је казано преко пророка Јеремије који говори: И узеше тридесет сребрника, цијену цијењенога, кога су цијенили синови Израиљеви;"
Матеј,27,10,"И дадоше их за њиву лончареву, као што ми каза Господ."
Матеј,27,11,"А Исус стаде пред намјесником, и запита га намјесник говорећи: Јеси ли ти цар јудејски? А Исус му рече: Ти кажеш."
Матеј,27,12,"И кад га тужаху првосвештеници и старјешине, ништа не одговори."
Матеј,27,13,Тада му рече Пилат: Зар не чујеш колико против тебе свједоче?
Матеј,27,14,"И не одговори му ни на једну ријеч, тако да се намјесник дивљаше веома."
Матеј,27,15,А о Празнику бијаше обичај у намјесника да народу пусти по једнога сужња кога они хоће.
Матеј,27,16,А тада имаху познатога сужња по имену Вараву.
Матеј,27,17,"И када се сабраше, рече им Пилат: Кога хоћете да вам пустим? Вараву или Исуса названога Христа?"
Матеј,27,18,Јер знађаше да су га из зависти предали.
Матеј,27,19,"А када сјеђаше у суду, поручи му жена његова говорећи: Не мијешај се ти ништа у суд тога праведника, јер данас у сну много пострадах због њега."
Матеј,27,20,"А првосвештеници и старјешине наговорише народ да иште Вараву, а Исуса да погубе."
Матеј,27,21,А намјесник одговарајући рече им: Кога хоћете од ове двојице да вам пустим? А они рекоше: Вараву.
Матеј,27,22,Рече им Пилат: Шта да чиним са Исусом названим Христом? Рекоше му сви: Да се разапне!
Матеј,27,23,Намјесник пак рече: А какво је зло учинио? А они из гласа повикаше говорећи: Да се разапне!
Матеј,27,24,"А кад видје Пилат да ништа не помаже, него још већа буна бива, узе воду те уми руке пред народом говорећи: Ја сам невин у крви овога праведника; ви ћете видјети."
Матеј,27,25,И одговарајући сав народ рече: Крв његова на нас и на дјецу нашу!
Матеј,27,26,"Тада им пусти Вараву, а Исуса, шибавши, предаде да се разапне."
Матеј,27,27,Тада војници намјесникови узеше Исуса у судницу и скупише на њега сву чету војника.
Матеј,27,28,"И свукавши га, обукоше му пурпурни огртач."
Матеј,27,29,"И оплетавши вијенац од трња, метнуше му на главу, и дадоше му трску у десницу; и клекнувши на кољена пред њим, ругаху му се говорећи: Здраво, царе јудејски!"
Матеј,27,30,"И пљунувши на њега, узеше трску и бише га по глави."
Матеј,27,31,"И кад му се наругаше, свукоше с њега огртач, и обукоше га у хаљине његове, и поведоше да га разапну."
Матеј,27,32,И излазећи нађоше човјека из Кирине по имену Симона и натјераше га да му понесе крст.
Матеј,27,33,"И дошавши на мјесто које се зове Голгота, то јест: Мјесто лобање,"
Матеј,27,34,"Дадоше му да пије оцат помијешан са жучи, и окусивши не хтје да пије."
Матеј,27,35,"А кад га разапеше, раздијелише хаљине његове бацивши коцку."
Матеј,27,36,И сјеђаху ондје те га чуваху.
Матеј,27,37,И ставише му изнад главе кривицу његову написану: Ово је Исус цар јудејски.
Матеј,27,38,"Тада распеше с њим два разбојника, једнога с десне и једнога с лијеве стране."
Матеј,27,39,А који пролажаху хуљаху на њега машући главама својима
Матеј,27,40,"И говорећи: Ти који храм разваљујеш и за три дана саграђујеш, спаси сам себе; ако си Син Божији, сиђи са крста!"
Матеј,27,41,"А тако и првосвештеници са књижевницима, старјешинама и фарисејима подсмијевајући се говораху:"
Матеј,27,42,"Друге спасе а себе не може да спасе. Ако је цар Израиљев, нека сиђе сад с крста, па ћемо вјеровати у њега."
Матеј,27,43,"Уздао се у Бога, нека га избави сад, ако му је по вољи; јер говораше: Ја сам Син Божији."
Матеј,27,44,Тако исто и разбојници распети с њим ругаху му се.
Матеј,27,45,А од шестога часа би тама по свој земљи до часа деветога.
Матеј,27,46,"А око деветога часа, повика Исус из свега гласа говорећи: Или, Или, лима савахтани? То јест: Боже мој, Боже мој, зашто си ме оставио?"
Матеј,27,47,А неки од оних што стајаху ондје чувши то говораху: Овај зове Илију.
Матеј,27,48,"И одмах отрча један од њих те узе сунђер, и напуни оцта, па натаче на трску, те га појаше."
Матеј,27,49,А остали говораху: Остави да видимо хоће ли доћи Илија да га избави.
Матеј,27,50,"А Исус опет повика из свега гласа, и испусти дух."
Матеј,27,51,"И гле, завјеса храма раздрије се на двоје, од горњега краја до доњега; и земља се потресе, и камење се распаде;"
Матеј,27,52,"И гробови се отворише, и устадоше многа тијела светих који су помрли;"
Матеј,27,53,"И изишавши из гробова по васкрсењу његову, уђоше у свети град и показаше се многима."
Матеј,27,54,"А капетан и који с њим чуваху Исуса, видјевши да се земља тресе и шта би, уплашише се врло говорећи: Заиста овај бијаше Син Божији."
Матеј,27,55,И ондје бијаху и гледаху издалека многе жене које су ишле за Исусом из Галилеје и служиле му.
Матеј,27,56,"Међу којима бијаше Марија Магдалина и Марија, мати Јаковљева и Јосијина, и мати синова Зеведејевих."
Матеј,27,57,"А кад би увече, дође човјек богат из Ариматеје, по имену Јосиф, који је такође био ученик Исусов."
Матеј,27,58,Овај приступивши Пилату замоли за тијело Исусово. Тада Пилат заповједи да му даду тијело.
Матеј,27,59,"И узевши Јосиф тијело, зави га у платно чисто."
Матеј,27,60,"И стави га у свој нови гроб што је био исјекао у камену; и наваливши велики камен на врата од гроба, отиде."
Матеј,27,61,"А ондје бјеше Марија Магдалина и друга Марија, које сјеђаху према гробу."
Матеј,27,62,Сутрадан пак по петку сабраше се првосвештеници и фарисеји код Пилата
Матеј,27,63,"Говорећи: Господару, сјетисмо се да онај варалица каза још за живота: Послије три дана устаћу."
Матеј,27,64,"Зато заповједи да се утврди гроб до трећега дана да не дођу како ученици његови ноћу, да га не украду и не кажу народу: Устаде из мртвих; и биће посљедња превара гора од прве."
Матеј,27,65,"Рече им Пилат: Имате стражу, идите те утврдите како знате."
Матеј,27,66,А они отишавши утврдише гроб са стражом и запечатише камен.
Матеј,28,1,"А пошто мину субота, на освитку првог дана недјеље, дођоше Марија Магдалина и друга Марија да осмотре гроб."
Матеј,28,2,"И гле, земља се затресе веома; јер анђео Господњи сиђе с неба. и приступивши одвали камен од врата гробних и сјеђаше на њему."
Матеј,28,3,"А лице његово бијаше као муња, и одијело његово бијело као снијег."
Матеј,28,4,"И у страху од њега уздрхташе стражари, и постадоше као мртви."
Матеј,28,5,А анђео одговарајући рече женама: Не бојте се ви; јер знам да Исуса распетога тражите.
Матеј,28,6,Није овдје; јер устаде као што је казао. Ходите да видите мјесто гдје је лежао Господ.
Матеј,28,7,"И идите брзо и реците ученицима његовим да устаде из мртвих; и гле, он ће пред вама отићи у Галилеју; тамо ћете га видјети. Ето казах вам."
Матеј,28,8,"И изишавши брзо из гроба, са страхом и радошћу великом похиташе да јаве ученицима његовим."
Матеј,28,9,"А кад иђаху да јаве ученицима његовим, и гле, срете их Исус говорећи: Радујте се! А оне приступивши, ухватише се за ноге његове и поклонише му се."
Матеј,28,10,"Тада им рече Исус: Не бојте се, идите те јавите браћи мојој нека иду у Галилеју, и тамо ће ме видјети."
Матеј,28,11,"А док оне иђаху, гле, неки од стражара дођоше у град и јавише првосвештеницима све што се догодило."
Матеј,28,12,"А они саставши се са старјешинама учинише вијеће, и дадоше војницима довољно новаца, говорећи:"
Матеј,28,13,Кажите: ученици његови дођоше ноћу и украдоше га док смо ми спавали.
Матеј,28,14,"И ако то чује намјесник, ми ћемо га увјерити и вас ослободити бриге."
Матеј,28,15,"А они узевши новце, учинише као што бијаху научени. И разгласи се ова ријеч међу Јудејцима до данас."
Матеј,28,16,"А Једанаест ученика отидоше у Галилеју, на гору куда им је заповједио Исус."
Матеј,28,17,"И кад га видјеше, поклонише му се; а неки посумњаше."
Матеј,28,18,И приступивши Исус рече им говорећи: Даде ми се свака власт на небу и на земљи.
Матеј,28,19,"Идите, дакле, и научите све народе крстећи их у име Оца и Сина и Светог Духа,"
Матеј,28,20,"Учећи их да држе све што сам вам заповједио; и, ево, ја сам са вама у све дане до свршетка вијека. Амин."
Марко,1,1,"Почетак јеванђеља Исуса Христа, Сина Божијега."
Марко,1,2,"Као што је писано код пророка: Ево ја шаљем анђела својега пред лицем твојим, који ће припремити пут твој пред тобом."
Марко,1,3,"Глас вапијућег у пустињи: Припремите пут Господњи, поравните стазе његове."
Марко,1,4,"Појави се Јован крстећи у пустиљи, и проповиједајући крштење покајања за опроштење гријехова."
Марко,1,5,"И излажаше к њему сва Јудејска земља и Јерусалимљани; и крштаваше их све у ријеци Јордану, и исповиједаху гријехе своје."
Марко,1,6,"А Јован бијаше обучен у камиљу длаку, и имаше појас кожни око себе: и јеђаше биље и дивљи мед."
Марко,1,7,И проповиједаше говорећи: Долази за мном јачи од мене пред ким ја нисам достојан сагнути се и одријешити ремена на обући његовој.
Марко,1,8,"Ја вас крстих водом, а он ће вас крстити Духом Светим."
Марко,1,9,"И догоди се у оне дане да дође Исус из Назарета Галилејскога, и крсти га Јован у Јордану."
Марко,1,10,И одмах излазећи из воде видје небеса гдје се отварају и Дух као голуб силази на њега.
Марко,1,11,И глас дође с неба: Ти си Син мој љубљени који је по мојој вољи.
Марко,1,12,И одмах га Дух изведе у пустињу.
Марко,1,13,"И би ондје у пустињи дана четрдесет, кушан од сатане, и би са звјерињем, и анђели му служаху."
Марко,1,14,"А пошто предадоше Јована, дође Исус у Галилеју проповиједајући јеванђеље о Царству Божијему."
Марко,1,15,И говорећи: Испунило се вријеме и приближило се Царство Божије; покајте се и вјерујте у јеванђеље.
Марко,1,16,А ходећи покрај мора Галилејског видје Симона и Андреја брата његова гдје бацају мреже у море; јер бијаху рибари.
Марко,1,17,"И рече им Исус: Хајдете за мном, и учинићу вас да постанете ловци људи."
Марко,1,18,"И одмах, оставивши мреже своје, пођоше за њим."
Марко,1,19,"И отишавши мало оданде, угледа Јакова Зеведејева, и Јована брата његова, и они у лађи крпљаху мреже."
Марко,1,20,"И одмах их позва; и они оставивши оца својега Зеведеја у лађи с најамницима, пођоше за њим."
Марко,1,21,И дођоше у Капернаум; и одмах у суботу ушавши у синагогу учаше.
Марко,1,22,И дивљаху се науци његовој; јер их учаше као онај који власт има а не као књижевници.
Марко,1,23,И бијаше у синагоги њиховој човјек с духом нечистим и повика
Марко,1,24,"Говорећи: Прођи се, шта хоћеш од нас, Исусе Назарећанине? Дошао си да нас погубиш? Знам те ко си, Светац Божији."
Марко,1,25,И запријети му Исус говорећи: Умукни и изиђи из њега!
Марко,1,26,"И стресе га дух нечисти, и повика иза гласа и изиђе из њега."
Марко,1,27,"И сви се запрепастише тако да питаху један другога говорећи: Шта је ово? И каква је ово наука нова, да с влашћу заповиједа и духовима нечистим, и слушају га?"
Марко,1,28,И отиде глас о њему одмах по свој околини Галилејској.
Марко,1,29,"И одмах изишавши из синагоге, дођоше у дом Симонов и Андрејев с Јаковом и Јованом."
Марко,1,30,А ташта Симонова лежаше у грозници; и одмах му казаше за њу.
Марко,1,31,"И приступивши подиже је узевши је за руку, и пусти је грозница одмах, и служаше им."
Марко,1,32,"А кад би увече, пошто сунце зађе, доношаху к њему све болеснике и бјесомучнике:"
Марко,1,33,И сав град бијаше се сабрао пред вратима.
Марко,1,34,"И исцијели многе болеснике од различних болести, и демоне многе истјера, и не допушташе демонима да говоре да знају да је он Христос."
Марко,1,35,"А ујутро прије зоре уставши изиђе, и отиде на пусто мјесто и ондје се мољаше Богу."
Марко,1,36,И за њим похиташе Симон и који бијаху с њим.
Марко,1,37,И нашавши га рекоше му: Сви те траже.
Марко,1,38,"И рече им: Хајдемо у оближња села и градове да и ондје проповиједам, јер сам за то дошао."
Марко,1,39,"И проповиједаше у синагогама њиховим по свој Галилеји, и демоне изгоњаше."
Марко,1,40,"И дође к њему губавац молећи га, и на кољенима клечећи пред њим, и говорећи: Ако хоћеш, можеш ме очистити."
Марко,1,41,"А Исус смиловавши се пружи руку, па дохвативши га се рече му: Хоћу, очисти се."
Марко,1,42,"И кад му то рече, губа одмах отиде с њега, и очисти се."
Марко,1,43,"И запријетивши му, одмах га удаљи."
Марко,1,44,"И рече му: Гледај да никоме ништа не кажеш, него иди те се покажи свештенику, и принеси за очишћење своје што је заповједио Мојсеј за свједочанство њима."
Марко,1,45,"А он изишавши поче много проповиједати и разглашавати шта је било, тако да Исус није могао јавно у град ући, него бијаше изван, у пустим мјестима, и долажаху к њему са свију страна."
Марко,2,1,И уђе опет у Капернаум послије неколико дана; и чу се да је у кући.
Марко,2,2,И одмах се скупише многи тако да не могаху ни пред вратима да се смјесте; И казиваше им ријеч.
Марко,2,3,"И дођоше к њему са узетим, кога ношаху четворица."
Марко,2,4,"И не могући приближити се к њему од народа, открише кров од куће гдје он бијаше, и прокопавши спустише одар на коме узети лежаше."
Марко,2,5,"А Исус видјевши вјеру њихову, рече узетоме: Синко, опраштају ти се гријеси твоји!"
Марко,2,6,А ондје сјеђаху неки од књижевника и помишљаху у срцима својим:
Марко,2,7,Што овај тако хули на Бога? Ко може опраштати гријехе осим једнога Бога?
Марко,2,8,"И одмах разумјевши Исус духом својим да они тако помишљају у себи, рече им: Што тако помишљате у срцима својим?"
Марко,2,9,"Шта је лакше? Рећи узетоме: Опраштају ти се гријеси; или рећи: Устани и узми одар свој, и ходи?"
Марко,2,10,"Но да знате да власт има Син Човјечији на земљи опраштати гријехе, рече узетоме:"
Марко,2,11,"Теби говорим: Устани и узми одар свој, и иди дому своме."
Марко,2,12,"И уста одмах, и узевши одар изиђе пред свима тако да се сви дивљаху и слављаху Бога говорећи: Никада тако што не видјесмо."
Марко,2,13,"И изиђе опет к мору; и сав народ иђаше к њему, и учаше их."
Марко,2,14,"И пролазећи видје Левија Алфејева гдје седи на царини, и рече му: Хајде за мном. И уставши отиде за њим."
Марко,2,15,"И кад сјеђаше Исус за трпезом у кући његовој, многи цариници и грјешници сјеђаху с њим и са ученицима његовим, јер их бијаше много који иђаху за њим."
Марко,2,16,"А књижевници и фарисеји, видјевши га гдје једе са цариницима и грјешницима, говораху учсницима његовим: Зашто са цариницима и грјешницима једе и пије?"
Марко,2,17,"И чувши Исус рече им: Не требају здрави љекара него болесни. Ја нисам дошао да позовем праведнике на покајање, него грјешнике."
Марко,2,18,"И бијаху ученици Јованови и фарисејски који пошћаху, и дођоше и рекоше му: Зашто ученици Јованови и фарисејски посте а твоји ученици не посте?"
Марко,2,19,И рече им Исус: Могу ли сватови постити док је женик са њима? Докле год имају са собом женика не могу постити.
Марко,2,20,"Него ће доћи дани кад ће се отети од њих женик, и тада ће постити у оне дане."
Марко,2,21,"И нико не пришива нове закрпе на стару хаљину; иначе ће одадријети нова закрпа од старога, и гора ће рупа бити."
Марко,2,22,"И нико не сипа ново вино у мјехове старе; иначе ново вино раздере мјехове, и вино се пролије и мјехови пропадну: него вино ново треба сипати у мјехове нове."
Марко,2,23,И догоди се кад он иђаше у суботу кроз усјеве да ученици његови почеше правити пут тргајући класје.
Марко,2,24,"А фарисеји му говораху: Погледај, шта чине у суботу што није дозвољено!"
Марко,2,25,А он им рече: Нисте ли никад читали шта учини Давид кад би у невољи и огладње он и они што бијаху с њим?
Марко,2,26,Како уђе у дом Божији за вријеме Авијатара првосвештеника и поједе хљебове предложења које нико није смио јести осим свештеника и даде их онима што бијаху с њим?
Марко,2,27,"И говораше им: Субота постаде човјека ради, а не човјек суботе ради."
Марко,2,28,Зато је Син Човјечији господар и од суботе.
Марко,3,1,"И уђе опет у синагогу, и ондје бјеше човјек који имаше суху руку."
Марко,3,2,И мотраху на њега неће ли га у суботу исцијелити да га окриве.
Марко,3,3,И рече човјеку са сухом руком: Стани на средину.
Марко,3,4,"И рече њима: Ваља ли у суботу добро чинити или зло чинити? Душу спасти, или погубити? А они ћутаху."
Марко,3,5,"И погледавши на њих са гњевом, жалећи што су им срца окамењсна, рече човјеку: Пружи руку своју! И пружи; и постаде му рука здрава као и друга."
Марко,3,6,И изишавши фарисеји одмах учинише вијеће против њега са иродовцима како би га погубили.
Марко,3,7,"А Исус отиде са ученицима својим према мору; и многи народ из Галилеје пође за њим, и из Јудеје,"
Марко,3,8,"И из Јерусалима, и из Идумеје, и с оне стране Јордана и од Тира и Сидона мноштво велико, чувши шта он чини, дође к њему."
Марко,3,9,"И рече ученицима својим да лађица за њега буде спремна због народа, да га не притјешњавају."
Марко,3,10,"Јер многе исцијели, тако да наваљиваху на њега који имаху ране да га се дотакну."
Марко,3,11,"И нечисти духови кад год би га видјели, припадаху к њему и викаху говорећи: Ти си Син Божији."
Марко,3,12,И много им пријећаше да га не разглашавају.
Марко,3,13,"И изиђе на гору и дозва оне које сам хтједе, и дођоше му."
Марко,3,14,"И постави Дванаесторицу, да буду с њим. и да их шаље да проповиједају."
Марко,3,15,И да имају власт исцјељивати болести и изгонити демоне;
Марко,3,16,И надјену Симону име Петар;
Марко,3,17,"И Јакова Зеведејева и Јована брата Јаковљева, и надјену им име Воанергес, што значи синови грома:"
Марко,3,18,И Андреја и Филипа и Вартоломеја и Матеја и Тому и Јакова Алфејева и Тадеја и Симона Кананита
Марко,3,19,"И Јуду Искариотскога, који га и издаде."
Марко,3,20,"И дођоше у кућу, и сабра се опет народ, тако да не могаху ни хљеба јести."
Марко,3,21,"И кад то чуше његови, изиђоше да га ухвате; јер говораху да је изван себе."
Марко,3,22,А књижевници који бијаху сишли из Јерусалима говораху: У њему је Веелзевул; а он помоћу кнеза демонског изгони демоне.
Марко,3,23,"А он дозвавши их, говораше им у причама: Како може сатана сатану изгонити?"
Марко,3,24,"И ако се царство само по себи раздијели, то царство не може опстати,"
Марко,3,25,"И ако се дом сам по себи раздијели, тај дом не може опстати;"
Марко,3,26,"И ако сатана устане сам на себе и раздијели се, не може опстати, него ће пропасти."
Марко,3,27,"Нико не може отети покућство јакога, ушавши у кућу њетову, ако најприје јакога не свеже, и онда ће кућу његову оплијенити."
Марко,3,28,"Заиста вам кажем: Сви гријеси опростиће се синовима човјечијим, и хуљења на Бога, ма колико хулили:"
Марко,3,29,"А који похули на Духа Светога нема опроштења ва вијек, него је крив вјечноме суду."
Марко,3,30,Јер говораху: У њему је дух нечисти.
Марко,3,31,"И дођоше мати његова и браћа његова, и стојећи напољу послаше к њему да га зову."
Марко,3,32,И сјеђаше народ око њега. И рекоше му: Ено мати твоја и браћа твоја напољу траже те.
Марко,3,33,И одговори им говорећи: Ко је мати моја или браћа моја?
Марко,3,34,"И погледавши около на оне који сједе око њега, рече: Ево мати моја и браћа моја!"
Марко,3,35,Јер ко изврши вољу Божију онај је брат мој и сестра моја и мати моја.
Марко,4,1,"И опет поче учити код мора. И сабра се око њега народ многи, тако да он уђе у лађу на мору и сјеђаше, а народ сав бијаше на земљи крај мора."
Марко,4,2,"И учаше их у причама много, и говораше им у поуци својој:"
Марко,4,3,"Слушајте: Ево, изиђе сијач да сије."
Марко,4,4,"И кад сијаше догоди се да једно сјеме паде покрај пута, и дођоше птице и позобаше га."
Марко,4,5,"А друго паде на каменито мјесто гдје не бијаше много земље и одмах изниче, јер не имађаше дубоке земље;"
Марко,4,6,"А кад обасја сунце, увену и, будући да немаше коријена, усахну."
Марко,4,7,"А друго паде у трње; и нарасте трње и угуши га, и не донесе рода."
Марко,4,8,И друго паде на земљу добру; и даваше род који напредоваше и растијаше и доношаше по тридесет и по шездесет и по сто.
Марко,4,9,"И говораше им: Ко има уши да чује, нека чује!"
Марко,4,10,"А кад оста сам, запиташе га за ову причу они око њега са Дванаесторицом."
Марко,4,11,"И рече им: Вама је дано да знате тајне Царства Божијега, а онима напољу све у причама бива,"
Марко,4,12,"Да очима гледају и да не виде, и да ушима слушају и да не разумију; да се како не обрате и да им се опросте гријеси."
Марко,4,13,И рече им: Зар не разумијете причу ову? А како ћете све приче разумјети?
Марко,4,14,Сијач ријеч сије.
Марко,4,15,"А покрај пута, гдје се сије ријеч, јесу они који кад је чују, одмах дође сатана и узме ријеч посијану у срцима њиховим."
Марко,4,16,"Тако и они посијани на каменитим мјестима јесу они који кад чују ријеч, одмах је приме с радошћу,"
Марко,4,17,"Али немају коријена у себи. него су непостојани, па кад дођу до невоље, или гоњења због ријечи, одмах се саблазне."
Марко,4,18,"А они посијани у трњу, јесу они који слушају ријеч,"
Марко,4,19,"Али бриге овога вијека и обмана богатства и пожуде за осталим стварима уђу и загуше ријеч, и без рода остане."
Марко,4,20,"А они на доброј земљи посијани, јесу они који слушају ријеч и примају, и доносе род по тридесет и по шездесет и по сто."
Марко,4,21,И говораше им: Еда ли се свјетиљка доноси да се метне под суд или под одар? А не да се на свијећњак постави?
Марко,4,22,"Јер нема ништа тајно што неће бити јавно; нити би што сакривено, а да не изиђе на видјело."
Марко,4,23,"Ко има уши да чује, нека чује!"
Марко,4,24,И говораше им: Памтите што чујете: каквом мјером мјерите онаквом ће вам се мјерити и дометнуће се вама који слушате.
Марко,4,25,"Јер ко има, даће му се; а који нема, узеће му се и оно што има."
Марко,4,26,И говораше им: Тако је Царство Божије као човјек кад баци сјеме у земљу;
Марко,4,27,"И спава и устаје ноћу и дању; и сјеме ниче и расте, да он и не зна."
Марко,4,28,"Јер земља сама од себе донесе најприје траву, потом клас, па онда испуни пшеницу у класу."
Марко,4,29,"А кад сазри род, одмах пошаље срп: јер наста жетва."
Марко,4,30,И говораше: Са чиме ћемо упоредити Царство Божије? Или у каквој ћемо га причи исказати?
Марко,4,31,Оно је као зрно горушично које кад се посије у земљу мање је од свију сјемена на земљи;
Марко,4,32,"А кад се посије, узрасте и буде веће од свега поврћа, и пусти гране велике да могу у његову хладу и птице небеске боравити."
Марко,4,33,И таквим многим причама казиваше им ријеч колико могаху слушати.
Марко,4,34,А без приче не говораше им ни ријечи. А ученицима насамо тумачаше све.
Марко,4,35,И рече им у онај дан увече: Пређимо на ону страну.
Марко,4,36,"И они, оставивши народ, узеше га као што бјеше у лађи; а и друге лађе бијаху с њим."
Марко,4,37,И настаде велика бура од вјетра; и валови тако запљускиваху лађу да она већ поче да тоне.
Марко,4,38,"А он бијаше на крми спавајући на узглављу; и пробудише га и рекоше му: Учитељу, зар ти не мариш што пропадамо?"
Марко,4,39,"И уставши запријети вјетру, и рече мору: Ћути, престани! И утоли вјетар, и постаде тишина велика."
Марко,4,40,И рече им: Зашто сте тако страшљиви? Како немате вјере?
Марко,4,41,"И страхом се великим испунише, и говораху један другоме: Ама ко је овај да га и вјетар и море слушају?"
Марко,5,1,И дођоше преко мора у земљу Гадаринску.
Марко,5,2,"И кад изиђе из лађе, одмах га срете из гробова човјек с духом нечистим,"
Марко,5,3,Који борављаше у гробовима и нико га не могаше свезати ни веригама;
Марко,5,4,"Јер је много пута био свезиван у окове и вериге, па је искидао вериге и окове изломио; и нико га не могаше укротити."
Марко,5,5,"И стално ноћ и дан он бјеше у гробовима и по горама, вичући и бијући себе камењем."
Марко,5,6,"А кад видје Исуса издалека, потрча и поклони му се."
Марко,5,7,"И повикавши из свег гласа рече: Шта хоћеш од мене, Исусе Сине Бога Вишњега? Заклињем те Богом, не мучи ме!"
Марко,5,8,"Јер му говораше: Изиђи, душе нечисти, из човјека!"
Марко,5,9,И питаше га: Како ти је име? И одговори му и рече: Легион ми је име: јер нас је много.
Марко,5,10,И молише га много да их не шаље из оног краја.
Марко,5,11,А ондје по бријегу пасијаше велико крдо свиња.
Марко,5,12,И молише га сви демони говорећи: Пошаљи нас у свиње да у њих уђемо.
Марко,5,13,И донусти им Исус одмах. И изишавши духови нечисти уђоше у свиње: и навали крдо с бријега у море; а бијаше их око двије хиљаде: и утопише се у мору.
Марко,5,14,"А свињари побјегоше, и јавише у граду и по селима. И изиђоше људи да виде шта се догодило."
Марко,5,15,"И дођоше Исусу, и видјеше бјесомучнога у коме је био легион гдје сједи, обучен и присебан; и уплашише се."
Марко,5,16,"И испричаше им они што су видјели шта се догодило бјесомучноме, и о свињама."
Марко,5,17,И почеше га молити да иде из њихових крајева.
Марко,5,18,"И кад уђе у лађу, мољаше га онај што је био бјесомучан да буде с њим."
Марко,5,19,"А Исус му не даде, већ му рече: Иди кући својој к својима и кажи им шта ти је Господ учинио, и како те помиловао."
Марко,5,20,И он отиде и поче проповиједати у Декапољу шта му учини Исус; и сви се дивљаху.
Марко,5,21,"И кад пређе Исус у лађи опет на ону страну, скупи се народ многи око њега; и бјеше крај мора."
Марко,5,22,"И гле, дође један од старјешина синагоге по имену Јаир; и видјевши га паде пред ноге његове."
Марко,5,23,"И мољаше га много, говорећи: Ћерчица је моја на самрти; да дођеш и метнеш на њу руке, да се спасе и да живи."
Марко,5,24,"И пође с њим. И за њим иђаше народа много, и притјешњаваху га."
Марко,5,25,"И жена нека која је дванаест година боловала од течења крви,"
Марко,5,26,"И много препатила од многих љекара, и потрошила све што је имала, и ништа јој није помогло, него јој је још горе било,"
Марко,5,27,"Кад је чула за Исуса, дође с народом и дотаче се остраг хаљине његове."
Марко,5,28,"Јер говораше у себи: Ако се само дотакнем хаљина његових, оздравићу."
Марко,5,29,"И одмах пресахну извор крви њезине, и осјети у тијелу да оздрави од болести."
Марко,5,30,"И одмах Исус осјети у себи силу што изиђе из њега, и обазревши се на народ рече: Ко се то дотаче мојих хаљина?"
Марко,5,31,"И рекоше му ученици његови: Видиш гдје те народ притиска, и питаш: ко се дотаче мене?"
Марко,5,32,И он се обазираше да види ону која то учини.
Марко,5,33,"А жена, уплашивши се и дрхтећи, знајући шта јој се догодило, дође и клече пред њим, и каза му сву истину."
Марко,5,34,"А он јој рече: Кћери, вјера твоја спасла те је; иди с миром, и буди здрава од болести своје!"
Марко,5,35,"Док он још говораше, дођоше од старјешине синагоге говорећи: Кћи твоја умрије; што још трудиш Учитеља?"
Марко,5,36,"А Исус, чим је чуо ријеч што казаше, рече старјешини синагоге: Не бој се, само вјеруј!"
Марко,5,37,И не даде да ико пође за њим осим Петра и Јакова и Јована брата Јаковљева.
Марко,5,38,"И дође у кућу старјешине синагоге, и видје вреву и оне који плачу и лелечу много."
Марко,5,39,И ушавши рече им: Шта сте се узнемирили и плачете? Дјевојчица није умрла него спава.
Марко,5,40,"И подсмијеваху му се. А он истјеравши све узе оца и матер дјевојчице и оне који бијаху с њим, и уђе гдје лежаше дјевојчица."
Марко,5,41,"И узевши дјевојчицу за руку рече јој: Талита куми, што значи: Дјевојчице, теби говорим, устани!"
Марко,5,42,"И одмах устаде дјевојчица, и хођаше; а бјеше од дванаест година. И зачудише се чудом великим."
Марко,5,43,И запријети им врло да нико не дозна за то; и рече да јој дају да једе.
Марко,6,1,"И отиде оданде, и дође у постојбину своју; и за њим идоше ученици његови."
Марко,6,2,"И кад дође субота, поче учити у синагоги. И многи који слушаху, дивљаху се говорећи: Откуд овоме то? И каква му је премудрост дана? И чудеса таква рукама његовим чине се?"
Марко,6,3,"Није ли ово дрводјеља, син Маријин, а брат Јаковљев и Јосијин и Јудин и Симонов? И нису ли сестре његове овдје међу нама? И саблажњаваху се о њега."
Марко,6,4,А Исус им рече: нигдје није пророк без части до у постојбини својој и међу родбином и у дому своме.
Марко,6,5,"И не могаше ондје ни једнога чуда учинити, осим што мало болесника исцијели метнувши на њих руке."
Марко,6,6,И чуђаше се невјерју њиховоме. И прохођаше по околним селима и учаше.
Марко,6,7,"И дозва дванаесторицу, и поче их слати два и два, и даваше им власт над духовима нечистим."
Марко,6,8,"И заповједи им да ништа не узимају на пут осим штапа: ни торбе, ни хљеба, ни новаца у појасу;"
Марко,6,9,"Него обувени у сандале, и не облачити двије хаљине."
Марко,6,10,"И рече им: Гдје уђете у дом, ондје останите док не изиђете оданде."
Марко,6,11,"И ако вас који не приме и не послушају вас, излазећи оданде отресите прах са ногу својих за свједочанство њима. Заиста вам кажем: Лакше ће бити Содому и Гомору у дан Суда него граду ономе."
Марко,6,12,И отишавши проповиједаху да се покају.
Марко,6,13,"И демоне многе изгоњаху; и помазиваху уљем многе болеснике, и исцјељиваху."
Марко,6,14,"И зачу цар Ирод, јер име Исусово бијаше се разгласило, и рече: Јован Крститељ из мртвих устаде, и зато чини чудеса."
Марко,6,15,Неки говораху: То је Илија. А други говораху: То је пророк или неки од пророка.
Марко,6,16,"А кад чу Ирод, рече: То је Јован кога сам ја посјекао, он устаде из мртвих."
Марко,6,17,"Јер овај Ирод посла те ухватише Јована, и свезавши баци га у тамницу Иродијаде ради, жене Филипа, брата својега, јер се ожени њоме."
Марко,6,18,Јер Јован говораше Ироду: Не можеш ти имати жену брата својега.
Марко,6,19,"А Иродијада бјеше кивна на њега. и хтједе да га убије, али не могаше."
Марко,6,20,"Јер се Ирод бојаше Јована, знајући га да је човјек праведан и свет, и чуваше га; и много шта чињаше како му он рече, и радо га слушаше."
Марко,6,21,"И дође дан погодан, кад Ирод на дан свога рођења даваше вечеру великашима својим и војводама и старјешинама галилејским."
Марко,6,22,"И кад уђе кћи ове Иродијаде и игравши и угодивши Ироду и гостима његовим, рече цар дјевојци: Ишти од мене што год хоћеш, и даћу ти."
Марко,6,23,"И закле јој се: Што год заиштеш од мене даћу ти, макар било и пола царства мога."
Марко,6,24,А она изишавши рече матери својој: Шта ћу искати? А она рече: Главу Јована Крститеља.
Марко,6,25,"И одмах, брзо ушавши к цару, заиска говорећи: Хоћу да ми одмах даш на тањиру главу Јована Крститеља."
Марко,6,26,"И ожалости се цар веома, али заклетве ради и гостију својих не хтједе јој одрећи."
Марко,6,27,"И одмах посла цар џелата, и заповједи да донесе главу његову."
Марко,6,28,"И он отишавши посијече га у тамници, и донесе главу његову на тањиру, и даде је дјевојци, а дјевојка је даде матери својој."
Марко,6,29,"И чувши ученици његови, дођоше и узеше тијело његово, и положише га у гроб."
Марко,6,30,"И сабраше се апостоли код Исуса, и јавише му све, и што учинише и шта људе научише."
Марко,6,31,"И рече им: Пођите ви сами на усамљено мјесто, и отпочините мало. Јер их бијаше много који долазе и одлазе, и не имаху времена ни да једу."
Марко,6,32,И отидоше лађом у пусто мјесто сами.
Марко,6,33,"И видјеше их људи да одлазе, и познаше их многи, и пјешице из свију градова хитаху онамо, и престигоше их и скупише се око њега."
Марко,6,34,"И изишавши Исус видје народ многи, и сажали му се на њих, јер бијаху као овце без пастира; и поче их учити много."
Марко,6,35,"И кад би већ касно, приступише к њему ученци његови говорећи: Пусто је мјесто, а већ је доцкан;"
Марко,6,36,Отпусти их нека иду у околна села и насеља да купе себи хљеба; јер немају шта јести.
Марко,6,37,А он одговарајући рече им: Подајте им ви да једу. И рекоше му: Да идемо да купимо хљеба за двјеста динара и да им дамо да једу?
Марко,6,38,А он им рече: Колико хљебова имате? Идите видите. И дознавши рекоше: Пет хљебова и двије рибе.
Марко,6,39,И заповједи им да их посаде све по групама по зеленој трави.
Марко,6,40,И посадише се ред за редом по сто и по педесет.
Марко,6,41,"И узевши оних пет хљебова и двије рибе, погледа на небо, и благослови, па преломи хљебове, и даде ученицима да ставе пред њих; и оне двије рибе раздијели свима."
Марко,6,42,"И једоше сви, и наситише се."
Марко,6,43,"И накупише комада дванаест пуних котарица, и од риба."
Марко,6,44,А бијаше оних што су јели хљебове око пет хиљада људи.
Марко,6,45,И одмах принуди ученике своје да уђу у лађу и да иду напријед на ону страну према Витсаиди док он отпусти народ.
Марко,6,46,"И раставши се са њима, отиде на гору да се помоли."
Марко,6,47,"И кад наста вече, бијаше лађа насред мора, а он сам на копну."
Марко,6,48,"И видје их како се муче веслајући, јер им бијаше противан вјетар. И око четврте страже ноћне дође к њима идући по мору; и хтједе да их мимоиђе."
Марко,6,49,"А они, видјевши га гдје иде по мору, мишљаху да је привиђење и повикаше;"
Марко,6,50,"Јер га сви видјеше и препадоше се. И одмах стаде говорити с њима, и рече им: Не бојте се, ја сам, не плашите се!"
Марко,6,51,"И уђе к њима у лађу, и вјетар се утиша; и бијаху прекомјерно изван себе и дивљаху се."
Марко,6,52,Јер не схватише догађај са хљебовима; пошто им бијаше срце окамењено.
Марко,6,53,"И прешавши на земљу, дођоше у Генисарет и пристадоше."
Марко,6,54,"И кад они изиђоше из лађе, одмах га познадоше"
Марко,6,55,И оптрчаше сав онај крај и почеше на постељама доносити болеснике гдје год би чули да је он.
Марко,6,56,"И гдје год је улазио у села или у градове или у насеља, на раскршћима полагаху болеснике и мољаху га да се барем скута од хаљине његове дотакну; и који год га се дотицаху, спасаваху се."
Марко,7,1,И скупише се око њега фарисеји и неки од књижевника који бијаху дошли из Јерусалима.
Марко,7,2,"И видјевши неке од ученика његових да нечистим, то јест неумивеним, рукама једу хљеб, укорише их."
Марко,7,3,"Јер фарисеји и сви Јудејци не једу док не умију руке до лаката, држећи се предања од старих."
Марко,7,4,И кад дођу са тржишта не једу док се не оперу; и још много има што су примили те држе; перу чаше и судове и котлове и сједишта.
Марко,7,5,"А потом питаху га фарисеји и књижевници: Зашто ученици твоји не живе према предању од старих, него једу хљеб неумивеним рукама?"
Марко,7,6,"А он одговарајући рече им: Добро је пророковао Исаија за вас лицемјере, као што је писано: Овај народ уснама ме поштује, а срце им је далеко од мене."
Марко,7,7,"Но залуд ме поштују, учећи учењима прописаним од људи."
Марко,7,8,"Јер остависте заповијест Божију, а држите се предања људскога, прања судова и чаша; и много друго слично чините."
Марко,7,9,"И рече им: Лијепо, укидате заповијест Божију да своје предање сачувате!"
Марко,7,10,"Јер Мојсеј рече: Поштуј оца својега и матер своју; и: Који ружи оца или матер, смрћу да умре."
Марко,7,11,"А ви кажете: Ако рече човјек оцу или матери: оно чим бих ти могао помоћи корван је,то јест: прилог,"
Марко,7,12,"И не дате му више да ишта учини за оца или матер,"
Марко,7,13,Укидајући ријеч Божију својим предањем које даље преносите; и слично томе много шта чините.
Марко,7,14,"И дозвавши сав народ рече им: Послушајте ме сви, и разумијте."
Марко,7,15,"Ништа нема што би човјека могло опоганити од онога што споља улази у њега, него што излази из њега оно је што погани човјека."
Марко,7,16,"Ко има уши да чује, нека чује!"
Марко,7,17,"И када дође од народа у кућу, питаху га ученици његови за причу."
Марко,7,18,И рече им: Зар сте и ви тако неразумни? Зар не разумијете да што год у човјека споља улази не може га опоганити?
Марко,7,19,"Јер му не улази у срце него у трбух, и излази напоље, чистећи сва јела."
Марко,7,20,Још рече: Што излази из човјека оно погани човјека.
Марко,7,21,"Јер изнутра, из срца људскога, излазе зле помисли, прељубе, блуд, убиства,"
Марко,7,22,"Крађе, лакомства, пакости, лукавство, разврат, зло око, хула на Бога, гордост, безумље."
Марко,7,23,"Сва ова зла изнутра излазе, и погане човјека."
Марко,7,24,"И уставши оданде отиде у крајеве тирске и сидонске, и ушавши у кућу, хтједе да то нико не дозна; но није се могао сакрити."
Марко,7,25,"Јер чувши за њега жена у чијој кћери бијаше дух нечисти, дође и паде к ногама његовим."
Марко,7,26,"А та жена бијаше незнабошкиња родом Сирофеничанка, и мољаше га да истјера демона из кћери њезине."
Марко,7,27,А Исус јој рече: Пусти да се најприје дјеца нахране; јер није право узети хљеб од дјеце и бацити псима.
Марко,7,28,"А она одговори и рече му: Да, Господе, али и пси испод трпезе једу од мрва дјетињих."
Марко,7,29,"И рече јој: За ову ријеч, иди, изишао је демон из кћери твоје."
Марко,7,30,"И дошавши кући нађе кћер да лежи на постељи, а демон бјеше изишао."
Марко,7,31,И опет изиђе Исус из крајева тирских и сидонских и дође на море Галилејско кроз крајеве декапољске.
Марко,7,32,"И доведоше к њему глуха и мутава, и мољаху га да метне на њега руку."
Марко,7,33,"И узевши га из народа насамо, метну прсте своје у уши његове, и пљунувши дотаче се језика његова;"
Марко,7,34,"И погледавши на небо уздахну, и рече му: Ефата, то јест, отвори се!"
Марко,7,35,"И одмах му се отвори слух, и раздријеши се свеза језика његова, и говораше правилно."
Марко,7,36,И забрани им да никоме не казују; али што им више забрањиваше то они већма разглашаваху.
Марко,7,37,И веома много се дивљаху говорећи: Све добро чини; и глухе чини да чују и нијеме да говоре.
Марко,8,1,"У те дане опет, кад бијаше много народа и не имађаху шта јести, призва Исус ученике своје и рече им:"
Марко,8,2,"Жао ми је народа, јер већ три дана стоје код мене и немају шта да једу."
Марко,8,3,"А ако их отпустим гладне кућама њиховим, малаксаће на путу; јер су неки од њих дошли издалека."
Марко,8,4,И одговорише му ученици његови: Откуд их може неко нахранити хљебом овдје у пустињи?
Марко,8,5,И запита их: Колико имате хљебова? А они рекоше: седам.
Марко,8,6,"И заповједи народу да посједају по земљи: и узевши оних седам хљебова и заблагодаривши, преломи, па даде ученицима својим да поставе, и поставише народу."
Марко,8,7,"И имаху мало рибица; и благословивши их, рече да и њих поставе."
Марко,8,8,"И једоше, и наситише се, и накупише комада што претече седам котарица."
Марко,8,9,А оних што су јели бијаше око четири хиљаде; и отпусти их.
Марко,8,10,"И одмах уђе у лађу са ученицима својим, и дође у предјеле далманутске."
Марко,8,11,"И изиђоше фарисеји. и почеше се расправљати с њим, и кушајући га, искаху од њега знак са неба."
Марко,8,12,И уздахнувши духом својим рече: Зашто род овај знак иште? Заиста вам кажем: Неће се дати знак роду овоме.
Марко,8,13,"И оставивши их уђе опет у лађу, и отиде на ону страну."
Марко,8,14,И заборавише ученици његови узети хљебове. И немаху са собом у лађи до један хљеб.
Марко,8,15,"И опомињаше их говорећи: Гледајте, чувајте се квасца фарисејскога и квасца Иродова."
Марко,8,16,"И размишљаху, један другоме говорећи: То је што хљеба немамо."
Марко,8,17,И разумјевши Исус рече им: Зашто мислите да је то што хљеба немате? Зар још не схватате нити разумијете? Зар је још окамењено срце ваше?
Марко,8,18,"Имајући очи зар не видите, и уши имајући зар не чујете? И не памтите ли,"
Марко,8,19,"Кад оних пет хљебова разломих на пет хиљада, колико пуних котарица комада накуписте? Рекоше му: дванаест."
Марко,8,20,"А кад оних седам на четири хиљаде, колико пуних котарица комада накуписте? А они рекоше: седам."
Марко,8,21,И рече им: Како не разумијете?
Марко,8,22,"И дође у Витсаиду; и доведоше к њему слијепа, и мољаху га да га се дотакне."
Марко,8,23,"И узевши за руку слијепога, изведе га изван села, и пљунувши му на очи, положи руке на њега, и запита га види ли што."
Марко,8,24,И он погледавши рече: Видим људе да иду као дрвеће.
Марко,8,25,"И потом опет метну му руке на очи, и учини да прогледа: и исцијели се, и видје све јасно."
Марко,8,26,"И посла га дому његовом, говорећи: Нити улази у село, нити казуј коме у селу."
Марко,8,27,"И изиђе Исус и ученици његови у села Кесарије Филипове; и путем питаше ученике своје говорећи им: Шта говоре људи, ко сам ја?"
Марко,8,28,А они одговорише: Јован Крститељ; а други: Илија; а други: Неки од пророка.
Марко,8,29,А он им рече: А ви шта велите ко сам ја? А Петар одговарајући рече му: Ти си Христос.
Марко,8,30,И забрани им да ником не говоре о њему.
Марко,8,31,"И поче их учити да Син Човјечији треба много да пострада, и да ће га одбацити старјешине и првосвештеници и књижевници, и да ће га убити, и да ће послије три дана васкрснути."
Марко,8,32,И рече им то отворено. И узе га Петар насамо и поче га корити.
Марко,8,33,"А он, окренувши се и погледавши на ученике своје, запријети Петру говорећи: Иди од мене, сатано: јер ти не мислиш оно што је Божије него што је људско."
Марко,8,34,"И дозвавши народ са ученицима својим рече им: Ко хоће за мном да иде нека се одрекне себе и узме крст свој, и за мном иде."
Марко,8,35,"Јер ко хоће живот свој да сачува, изгубиће га, а ко изгуби живот свој мене ради и јеванђеља онај ће га сачувати."
Марко,8,36,Јер каква је корист човјеку ако задобије сав свијет а души својој науди?
Марко,8,37,Или какав ће откуп дати човјек за душу своју?
Марко,8,38,"Јер ко се постиди мене и мојих ријечи у роду овоме прељуботворном и грјешном, и Син ће се Човјечији постидјети њега кад дође у слави Оца својега са светим анђелима."
Марко,9,1,И рече им: Заиста вам кажем: има неки међу овима што стоје овдје који неће окусити смрти док не виде Царство Божије да је дошло у сили.
Марко,9,2,"И послије шест дана узе Исус Петра и Јакова и Јована и изведе на гору високу, посебно само њих; и преобрази се пред њима."
Марко,9,3,"И хаљине његове постадоше сјајне, врло бијеле као снијег, какве не може бјелиља убјелити на земљи."
Марко,9,4,И указа им се Илија с Мојсејем и бијаху у разговору са Исусом.
Марко,9,5,"И Петар одговарајући рече Исусу: Учитељу, добро нам је овдје бити; да начинимо три сјенице: Теби једну и Мојсеју једну и Илији једну."
Марко,9,6,Јер не знадијаше шта да каже; јер бијаху уплашени.
Марко,9,7,"И појави се облак те их заклони; и дође глас из облака говорећи: Ово је Син мој љубљени, њега послушајте."
Марко,9,8,И одједном обазревши се никога више не видјеше осим самога Исуса поред себе.
Марко,9,9,"А када силажаху са горе, забрани им да никоме не казују шта су видјели, све док Син Човјечији не васкрсне из мртвих."
Марко,9,10,"И ову ријеч задржаше у себи, питајући један другог: Шта то значи васкрснути из мртвих?"
Марко,9,11,И упиташе га: Зашто говоре књижевници да најприје Илија треба да дође?
Марко,9,12,"А он одговарајући рече им: Када Илија прво дође, све ће уредити; и како је написано за Сина Човјечијега да треба много да пострада и да унижен буде?"
Марко,9,13,"Али вам кажем да је и Илија дошао, и учинише с њим шта хтједоше, као што је писано за њега."
Марко,9,14,"И дошавши ученицима својим, видје народ многи око њих и књижевнике гдје расправљају с њима."
Марко,9,15,"И одмах видјевши га, сав народ задиви се и притрчавши, поздрављаху га."
Марко,9,16,И упита књижевнике: Шта то расправљате с њима?
Марко,9,17,"И одговарајући један из народа рече: Учитељу, доведох теби сина својега у коме је дух нијеми."
Марко,9,18,"И кад год га ухвати ломи га, и пјену баца, и шкргуће зубима; и суши се. И рекох ученицима твојим да га истјерају; и не могоше."
Марко,9,19,"А он одговарајући рече: О роде невјерни, докле ћу с вама бити? Докле ћу вас трпјети? Доведите га к мени."
Марко,9,20,"И доведоше га њему; и кад га видје дух, одмах га стаде ломити; и паднувши на земљу ваљаше се бацајући пјену."
Марко,9,21,И упита оца његова: Колико има времена како му се то догодило? А он рече: Из дјетињства.
Марко,9,22,"И много пута баца га у ватру и у воду да га погуби; него ако што можеш, помози нам, смилуј се на нас."
Марко,9,23,"А Исус му рече: Ако можеш вјеровати, све је могуће ономе који вјерује."
Марко,9,24,"И одмах повикавши отац дјетета са сузама говораше: Вјерујем, Господе, помози мојему невјерју!"
Марко,9,25,"А Исус видјевши да се стјече народ, запријети духу нечистоме говорећи му: Душе нијеми и глухи, ја ти заповиједам, изиђи из њега и више не улази у њега!"
Марко,9,26,"И повикавши и изломивши га врло, изиђе; и би као мртав тако да многи говораху: умрије."
Марко,9,27,"А Исус, узевши га за руку, подиже га; и устаде."
Марко,9,28,"И кад уђе у кућу, питаху га ученици његови насамо: Зашто га ми не могосмо истјерати?"
Марко,9,29,И рече им: Овај се род ничим не може истјерати до молитвом и постом.
Марко,9,30,"И изишавши оданде иђаху кроз Галилеју; и не хтједе да ко дозна,"
Марко,9,31,"Јер учаше ученике своје и говораше им да ће Син Човјечији бити предан у руке људи, и убиће га, и када га убију, трећег дана васкрснуће."
Марко,9,32,"И они не разумијеваху ријечи, а бојаху се да га запитају."
Марко,9,33,"И дође у Капернаум, и кад бјеше у кући запита их. Шта се препирасте путем међу собом?"
Марко,9,34,А они ћутаху; јер се путем препираху међу собом ко је највећи.
Марко,9,35,И пошто сједе дозва Дванаесторицу и рече им: Који хоће да буде први нека буде посљедњи од свију и свима слуга.
Марко,9,36,"И узевши дијете, метну га међу њих и загрливши га рече им:"
Марко,9,37,"Ко једно од овакве дјеце прими у име моје, мене прима; а ко мене прими, не прима мене него Онога који је мене послао."
Марко,9,38,"Одговори му Јован говорећи: Учитељу, видјесмо једнога који не иде за нама; а твојим именом изгони демоне; и забранисмо му, јер не иде за нама."
Марко,9,39,А Исус рече: Не браните му; јер нема никога који би именом мојим чудо чинио и могао одмах зло говорити о мени.
Марко,9,40,Јер ко није против вас с вама је.
Марко,9,41,"Јер ко вас напоји чашом воде у име моје, зато што сте Христови, заиста вам кажем: неће изгубити плату своју."
Марко,9,42,"А који саблазни једнога од ових малих који вјерују у мене, боље би му било да му се објеси камен воденични о врат и да се баци у море."
Марко,9,43,"И ако те рука твоја саблажњава, одсијеци је: боље ти је без руке у живот ући, неголи с обје руке отићи у пакао, у огањ неугасиви,"
Марко,9,44,"Гдје црв њихов не умире, и огањ се не гаси."
Марко,9,45,"И ако те нога твоја саблажњава, одсијеци је: боље ти је ући у живот хрому, неголи с двије ноге да те баце у пакао, у огањ неугасиви,"
Марко,9,46,"Гдје црв њихов не умире, и огањ се не гаси."
Марко,9,47,"И ако те око твоје саблажњава, ископај га: боље ти је с једним оком ући у Царство Божије, неголи са два ока да будеш бачен у пакао огњени."
Марко,9,48,"Гдје црв њихов не умире, и огањ се не гаси."
Марко,9,49,"Јер ће се сваки огњем посолити, и свака ће се жртва сољу посолити."
Марко,9,50,"Добра је со; али ако со постане неслана, чиме ће се осолити? Имајте соли у себи, и мир имајте међу собом."
Марко,10,1,"И уставши оданде дође у крајеве Јудејске преко Јордана, и стече се опет народ к њему: и као што обичај имаше, опет их учаше."
Марко,10,2,"И приступивши фарисеји, кушајући упиташе га: Може ли муж отпустити жену?"
Марко,10,3,А он одговори и рече им: Шта вам заповједи Мојсеј?
Марко,10,4,А они рекоше: Мојсеј допусти да јој се даде отпусна књига и да се отпусти.
Марко,10,5,И одговарајући Исус рече им: Због окорелости срца вашег написа вам он заповијест ову.
Марко,10,6,А у почетку стварања Бог их је створио као мужа и жену.
Марко,10,7,"Због тога ће оставити човјек оца својега и матер и прилијепиће се жени својој,"
Марко,10,8,И биће двоје једно тијело. Тако нису више двоје него једно тијело.
Марко,10,9,А што је Бог саставио човјек да не раставља.
Марко,10,10,"И у кући опет запиташе га о томе ученици његови,"
Марко,10,11,"И рече им: Који отпусти жену и ожени се другом, чини прељубу са њом."
Марко,10,12,"И ако жена одвојивши се од мужа својега пође за другога, чини прељубу."
Марко,10,13,"И доношаху му дјецу да их се дотакне, а ученици забрањиваху онима што их доношаху."
Марко,10,14,"А видјевши Исус узнегодова и рече им: Пустите дјецу нека долазе мени, и не браните им; јер је таквих Царство Божије."
Марко,10,15,"Заиста вам кажем: Који не прими Царства Божијега као дијете, неће ући у њега."
Марко,10,16,"И загрливши их, стави руке на њих те их благослови."
Марко,10,17,"И кад изиђе на пут, притрча неко, и клекнувши на кољена пред њим, питаше га: Учитељу благи, шта ми треба чинити да наслиједим живот вјечни?"
Марко,10,18,А Исус му рече: Што ме зовеш благим? Нико није благ осим једнога Бога.
Марко,10,19,Заповијести знаш: Не чини прељубе; не убиј; не укради; не свједочи лажно; не чини неправде никоме; поштуј оца својега и матер.
Марко,10,20,"А он одговарајући рече му: Учитељу, све сам ово сачувао од младости своје."
Марко,10,21,"А Исус погледавши на њ, омиље му, и рече му: Још ти једно недостаје: иди продај све што имаш и подај сиромасима; и имаћеш благо на небу; и дођи, узми крст свој и хајде за мном."
Марко,10,22,"А он се снужди због ове ријечи, и отиде жалостан; јер бијаше врло богат."
Марко,10,23,"И погледавши око себе, Исус рече ученицима својим:"
Марко,10,24,"А ученици се запањише на ријечи његове. А Исус опет одговарајући рече им: Дјецо, како је тешко онима који се уздају у богатство ући у Царство Божије!"
Марко,10,25,Лакше је камили кроз иглене уши проћи неголи богатоме у Царство Божије ући.
Марко,10,26,А они се веома чуђаху говорећи у себи: па ко се онда може спасти?
Марко,10,27,"А Исус погледавши на њих рече: Људима је то немогуће, али Богу није; јер све је могуће Богу."
Марко,10,28,А Петар му поче говорити: Ето ми смо оставили све и за тобом пођосмо.
Марко,10,29,"А Исус одговарајући рече: Заиста вам кажем: нема никога који је оставио кућу, или браћу, или сестре, или оца, или матер, или жену, или дјецу, или њиве, мене ради и јеванђеља ради,"
Марко,10,30,"А да неће примити сад у ово вријеме сто пута онолико кућа, и браће, и сестара, и оца, и матер, и дјецу, и њиве, уз прогоњење, а у вијеку који долази живот вјечни."
Марко,10,31,Али ће многи први бити посљедњи и посљедњи први.
Марко,10,32,"А кад узлажаху путем у Јерусалим, Исус иђаше испред њих, а они се чуђаху, и за њим иђаху са страхом."
Марко,10,33,"Ево идемо горе у Јерусалим, и Син Човјечији биће предан првосвештеницима и књижевницима, и осудиће га на смрт, и предаће га незнабошцима;"
Марко,10,34,"И наругаће му се, и шибаће га, и пљуваће га, и убиће га, и трећи дан васкрснуће."
Марко,10,35,"И дођоше пред њега Јаков и Јован, синови Зеведејеви, говорећи: Учитељу, хоћемо да нам учиниш што ћемо те молити."
Марко,10,36,А он им рече: Шта хоћете да вам учиним?
Марко,10,37,"А они му рекоше: Дај нам да сједнемо један с десне стране теби а други са лијеве, у слави твојој."
Марко,10,38,"А Исус им рече: Не знате шта иштете; можете ли пити чашу коју ја пијем, и крстити се крштењем којим се ја крстим?"
Марко,10,39,"А они му рекоше: Можемо. А Исус им рече: Чашу, дакле, коју ја пијем испићете; и крштењем којим се ја крстим крстићете се;"
Марко,10,40,"Али да сједнете с десне стране мени и с лијеве није моје да дам, него ће се дати којима је припремљено."
Марко,10,41,И чувши то десеторица почеше се срдити на Јакова и Јована.
Марко,10,42,"А Исус дозвавши их рече им: Знате да они који се сматрају владарима народа господаре њима, и великаши њихови владају над њима."
Марко,10,43,"Али међу вама да не буде тако; него који хоће да буде међу вама велики, нека вам служи:"
Марко,10,44,"И који хоће међу вама да буде први, нека буде свима слуга."
Марко,10,45,"Јер Син Човјечији није дошао да му служе него да служи, и да даде живот свој у откуп за многе."
Марко,10,46,"И дођоше у Јерихон. И кад излажаше из Јерихона, он и ученици његови и народ многи, син Тимејев, Вартимеј слијепи сјеђаше крај пута, просећи."
Марко,10,47,"И чувши да је то Исус Назарећанин, стаде викати и говорити: Сине Давидов Исусе, помилуј ме!"
Марко,10,48,"И пријећаху му многи да ућути, а он још већма викаше: Сине Давидов, помилуј ме!"
Марко,10,49,"И зауставивши се Исус рече: Позовите га! И зовнуше слијепога говорећи му: Не бој се, устани, зове те."
Марко,10,50,"А он, збацивши са себе хаљину своју, устаде и дође Исусу."
Марко,10,51,"И одговарајући рече му Исус: Шта хоћеш да ти учиним? А слијепи му рече: Учитељу, да прогледам."
Марко,10,52,"А Исус му рече: Иди, вјера твоја спасе те. И одмах прогледа, и отиде путем за Исусом."
Марко,11,1,"И када се приближише Јерусалиму, Витфаги и Витанији, код горе Маслинске, посла двојицу од ученика својих"
Марко,11,2,"И рече им: Идите у село што је према вама, и одмах како уђете у њега наћи ћете магаре привезано, на које нико од људи није усједао; одријешите га и доведите."
Марко,11,3,И ако вам ко рече: Шта то чините? кажите: Господу је потребно; и одмах ће га послати амо.
Марко,11,4,"А они отидоше, нађоше магаре привезано код врата напољу на раскршћу, и одријешише га."
Марко,11,5,А неки од оних што стајаху ондје рекоше им: Шта то чините и дријешите магаре?
Марко,11,6,А они им рекоше као што им заповједи Исус; и оставише их.
Марко,11,7,"И доведоше магаре Исусу, и метнуше на њега хаљине своје; и усједе на њега."
Марко,11,8,"А многи простријеше хаљине своје по путу; а други резаху грање од дрвећа, и простираху по путу."
Марко,11,9,"А који иђаху пред њим и за њим, викаху говорећи: Осана! Благословен који долази у име Господње!"
Марко,11,10,Благословено царство оца нашега Давида које долази у име Господње. Осана на висини!
Марко,11,11,"И уђе Исус у Јерусалим, и у храм; и промотривши све, кад би увече, изиђе у Витанију са Дванаесторицом."
Марко,11,12,"И сутрадан кад изиђоше из Витаније, огладње."
Марко,11,13,"И видјевши издалека смокву с лишћем, дође не би ли што нашао на њој; и дошавши њој ништа не нађе осим лишћа; јер још не бијаше вријеме смокава."
Марко,11,14,И проговоривши Исус рече јој: Од сада нико не јео са тебе рода довијека! И слушаху ученици његови.
Марко,11,15,"И дођоше опет у Јерусалим: и ушавши Исус у храм, стаде изгонити оне који продаваху и куповаху у храму; и испремета столове оних што мијењаху новце, и сједишта оних што продаваху голубове."
Марко,11,16,И не дозвољаваше да ко пронесе какав суд кроз храм.
Марко,11,17,И учаше говорећи им: Није ли писано: Дом мој назваће се дом молитве свима народима? А ви начинисте од њега пећину разбојничку.
Марко,11,18,"И чуше књижевници и првосвештеници, и тражаху како би га погубили; јер га се бојаху; јер се сав народ веома дивљаше науци његовој."
Марко,11,19,"И кад би увече, изиђе изван града."
Марко,11,20,А ујутру пролазећи видјеше смокву гдје се осушила из коријена.
Марко,11,21,"И опоменувши се Петар рече му: Учитељу, гле, смоква што си је проклео осушила се."
Марко,11,22,И одговарајући Исус рече му: Имајте вјеру у Бога.
Марко,11,23,"Јер заиста вам кажем: Ако ко рече гори овој дигни се и баци се у море, а не посумња у срцу својему, него узвјерује да ће бити као што говори, биће му што год рече."
Марко,11,24,"Зато вам кажем: Све што иштете у својој молитви, вјерујте да ћете примити; и биће вам."
Марко,11,25,"И кад стојите на молитви, праштајте ако шта имате против кога; да и Отац ваш који је на небесима опрости вама сагрјешења ваша."
Марко,11,26,"Ако ли пак ви не опраштате, ни Отац ваш који је на небесима неће опростити вама сагрјешења ваша."
Марко,11,27,"И дођоше опет у Јерусалим; и кад хођаше по храму дођоше њему првосвештеници и књижевници и старјешине,"
Марко,11,28,"И рекоше му: Каквом власти то чиниш, или ко ти даде ту власт да ово чиниш?"
Марко,11,29,"А Исус одговарајући рече им: И ја ћу вас да упитам једну ријеч, и одговорите ми, па ћу вам казати каквом власти ово чиним."
Марко,11,30,Крштење Јованово да ли би с неба или од људи? Одговорите ми.
Марко,11,31,"И помишљаху у себи говорећи: Ако речемо: с неба; рећи ће: зашто му, дакле, не вјеровасте?"
Марко,11,32,А да речемо: од људи? - бојаху се народа; јер сви мишљаху за Јована да заиста пророк бјеше.
Марко,11,33,И одговарајући рекоше Исусу: Не знамо. А Исус одговарајући рече им: Ни ја вама нећу казати каквом власти ово чиним.
Марко,12,1,"И поче им говорити у причама: Посади човјек виноград, и огради плотом, и ископа пивницу, и сагради кулу, и даде га виноградарима, па отиде."
Марко,12,2,"И када дође вријеме, посла виноградарима слугу да прими од виноградара рода виноградскога."
Марко,12,3,"А они га ухватише, избише и послаше празних руку."
Марко,12,4,"И опет им посла другога слугу; и онога нападоше камењем, и разбише му главу, и послаше га осрамоћена."
Марко,12,5,"И опет посла другога, и њега убише; и многе друге, једне избише а друге побише."
Марко,12,6,"А он имаше још јединога сина свога, вољенога, па им најзад посла и њега, говорећи: Постидјеће се сина мојега."
Марко,12,7,"А виноградари они рекоше међу собом: Ово је насљедник, ходите да га убијемо, и наше ће бити насљедство."
Марко,12,8,"И ухватише га, и убише, и избацише га напоље из винограда."
Марко,12,9,"Шта ће, дакле, учинити господар винограда? Доћи ће и погубиће виноградаре, и даће виноград другима."
Марко,12,10,"Зар нисте читали у Писму ово: Камен који одбацише зидари, он постаде глава од угла;"
Марко,12,11,То би од Господа и дивно је у очима нашим.
Марко,12,12,"И тражаху да га ухвате, али се побојаше народа; јер разумјеше да за њих говори причу; и оставивши га отидоше."
Марко,12,13,И послаше њему неке од фарисеја и иродоваца да би га ухватили у ријечи.
Марко,12,14,"А они дошавши рекоше му: Учитељу, знамо да си истинит, и не обазиреш се ни на кога; јер не гледаш ко је ко, него заиста путу Божијему учиш. Реци нам, дакле, треба ли ћесару давати порез или не? Да дамо или да не дамо?"
Марко,12,15,"А он знајући њихово лицемјерје рече им: Што ме кушате? Донесите ми динар, да видим."
Марко,12,16,А они донесоше. И рече им: Чији је ово лик и натпис? А они му рекоше: Ћесарев.
Марко,12,17,"И одговарајући Исус рече им: Подајте ћесарево ћесару, а Божије Богу. И задивише му се."
Марко,12,18,"И дођоше му садукеји, који кажу да нема васкрсења, и запиташе га говорећи:"
Марко,12,19,"Учитељу, Мојсеј нам написа: Ако коме брат умре и остави жену а дјеце не остави, да брат његов узме жену његову и да подигне сјеме брату својему."
Марко,12,20,"Седморо браће бјеше: и први узе жену, и умрије без порода."
Марко,12,21,"И други је узе, и умрије, и ни он не остави порода; тако и трећи."
Марко,12,22,И узеше је седморица и не оставише порода. А послије свију умрије и жена.
Марко,12,23,"О васкрсењу, дакле, када васкрсну, којега ће од њих бити жена? Јер су је свих седам имали за жену."
Марко,12,24,И одговарајући Исус рече им: Не варате ли се зато што не знате Писма ни силе Божије?
Марко,12,25,"Јер кад из мртвих васкрсну, нити се жене ни удају, него су као анђели на небесима."
Марко,12,26,"А за мртве да васкрсавају нисте ли читали у књигама Мојсејевим како му рече Бог код купине говорећи: Ја сам Бог Авраамов, и Бог Исаков, и Бог Јаковљев?"
Марко,12,27,"Бог није Бог мртвих, него живих. Ви се, дакле, веома варате."
Марко,12,28,"И приступи један од књижевника који их слушаше како расправљају, па видјевши како им добро одговори, запита га: Која је заповијест прва од свију?"
Марко,12,29,"А Исус му одговори: Прва је заповијест од свију: Чуј Израиљу, Господ Бог наш је Господ једини;"
Марко,12,30,"И љуби Господа Бога својега свим срцем својим, и свом душом својом, и свим умом својим, и свом снагом својом. Ово је прва заповијест."
Марко,12,31,И друга је као и ова: Љуби ближњега својега као самога себе. Друге заповијести веће од ових нема.
Марко,12,32,"И рече му књижевник: Добро, учитељу, право си казао да је Бог један, и нема другога осим њега."
Марко,12,33,"И љубити њега свим срцем својим и свим разумом и свом душом и свом снагом, и љубити ближњега као самога себе, веће је од свију паљеница и жртава."
Марко,12,34,А Исус видјевши како паметно одговори рече му: Ниси далеко од Царства Божијега. И нико се више не усуди да га запита.
Марко,12,35,И одговоривши Исус рече учећи у храму: Како говоре књижевници да је Христос син Давидов?
Марко,12,36,"Јер сам Давид каза Духом Светим: Рече Господ Господу мојему: сједи мени с десне стране, док положим непријатеље твоје за подножје ногама твојим."
Марко,12,37,"Сам Давид, дакле, назива га Господом, па откуда му је син? И многи народ слушаше га радо."
Марко,12,38,"И говораше им у науци својој: Чувајте се књижевника који воле да иду у дугачким хаљинама, и да их поздрављају на улицама,"
Марко,12,39,"И желе прва мјеста по синагогама, и зачеља на гозбама."
Марко,12,40,"Ови што једу куће удовичке, и лажно се моле дуго, биће још већма осуђени."
Марко,12,41,И сједе Исус према храмовној благајни и гледаше како народ меће новце у њу. И многи богати метаху много.
Марко,12,42,"И дошавши једна сиромашна удовица метну двије лепте, које чине један кодрант."
Марко,12,43,И дозвавши ученике своје рече им: Заиста вам кажем: ова сиромашна удовица метну више од свију који мећу у храмовну благајну.
Марко,12,44,"Јер сви метнуше од сувишка својега; а она од сиротиње своје метну све што имаше, сву имовину своју."
Марко,13,1,"И кад је излазио из храма, рече му један од ученика његових: Учитељу, гле какво камење, и какве грађевине!"
Марко,13,2,И одговарајући Исус рече му: Видиш ли ове велике грађевине? Ни камен на камену неће овдје остати који се неће разметнути.
Марко,13,3,"И кад сјеђаше на гори Маслинској према храму, питаху га насамо Петар и Јаков и Јован и Андреј:"
Марко,13,4,Кажи нам: кад ће то бити? И какав је знак када ће се то све свршити?
Марко,13,5,А Исус одговарајући поче им говорити: Пазите да вас ко не превари.
Марко,13,6,"Јер ће многи доћи у моје име говорећи: Ја сам, и многе ће преварити."
Марко,13,7,"А кад чујете ратове и гласове о ратовима, не плашите се; јер треба то да буде; али то још није крај."
Марко,13,8,Јер устаће народ на народ и царство на царство; и биће земљотреси по свијету; и биће глади и метежи. То је почетак страдања.
Марко,13,9,"А ви се чувајте; јер ће вас предавати судовима и по синагогама биће вас, и пред војводе и цареве изводиће вас мене ради за свједочанство њима."
Марко,13,10,И свима народима треба најприје да се проповиједа јеванђеље.
Марко,13,11,"А кад вас поведу да вас предаду, не брините се унапријед шта ћете говорити, нити се припремајте, него што вам се даде у онај час оно говорите; јер нећете ви говорити него Дух Свети."
Марко,13,12,"И предаће брат брата на смрт и отац дијете, и устаће дјеца на родитеље и побиће их."
Марко,13,13,И сви ће вас омрзнути због имена мојега. Али који претрпи до краја тај ће се спасти.
Марко,13,14,"А кад видите да гнусоба опустошења, за коју говори пророк Данило, стоји гдје не треба - који чита да разумије - тада који буду у Јудеји нека бјеже у горе,"
Марко,13,15,"И који буде на крову да не силази у кућу, нити да улази да узме што из куће своје;"
Марко,13,16,И који буде у пољу да се не враћа натраг да узме хаљину своју.
Марко,13,17,Али тешко трудницама и дојиљама у те дане!
Марко,13,18,Него се молите Богу да не буде бјежање ваше у зиму.
Марко,13,19,"Јер ће у те дане бити невоља каква није била од почетка творевине што је Бог створио до сад, нити ће бити."
Марко,13,20,"И да Господ не скрати те дане, нико се не би спасао; али изабраних ради, које избра, скратио је те дане."
Марко,13,21,"И тада ако вам ко рече: Ево овдје је Христос; или: Ено ондје, не вјерујте."
Марко,13,22,"Јер ће се појавити лажни христоси и лажни пророци, и показаће знаке и чудеса да би, ако је могуће, преварили и изабране."
Марко,13,23,Али ви се чувајте; ево све сам вам казао унапријед.
Марко,13,24,"Али у те дане, послије те невоље, сунце ће се помрачити, и мјесец своју свјетлост изгубити."
Марко,13,25,И звијезде ће спадати с неба и силе небеске покренути се.
Марко,13,26,И тада ће угледати Сина Човјечијега гдје долази на облацима са силом и славом великом.
Марко,13,27,"И тада ће послати анђеле своје и сабраће изабране своје од четири вјетра, од краја земље до краја неба."
Марко,13,28,"А од смокве научите поуку: Када се већ њене гране подмладе и олистају, знате да је близу љето."
Марко,13,29,"Тако и ви када видите ово да се збива, знајте да је близу код врата."
Марко,13,30,Заиста вам кажем да овај нараштај неће проћи док се ово све не збуде.
Марко,13,31,"Небо и земља ће проћи, али ријечи моје неће проћи."
Марко,13,32,"А о дану томе или о часу нико не зна, ни анђели на небу, ни Син, до једино Отац."
Марко,13,33,"Пазите, бдите и молите се; јер не знате кад ће вријеме настати."
Марко,13,34,"Као што човјек одлазећи остави кућу своју, и даде слугама својима власт, и свакоме свој посао; и вратару заповједи да стражи."
Марко,13,35,"Стражите, дакле, јер не знате када ће доћи господар куће: увече или у поноћи или у пој пијетлова или ујутру,"
Марко,13,36,Да не дође изненада и нађе вас да спавате.
Марко,13,37,"А што вама говорим, свима говорим: Стражите!"
Марко,14,1,Бијаху још два дана до празника Пасхе и бесквасних хљебова; и тражаху првосвештеници и књижевници како би га на превару ухватили и убили.
Марко,14,2,"Али говораху: Не о празнику, да се не би народ побунио."
Марко,14,3,"И кад он бијаше у Витанији у кући Симона губавога и сјеђаше за трпезом, дође жена са судом од алавастра, пуним правог скупоцјеног нардовог мириса, и разбивши суд изли му на главу."
Марко,14,4,А бијаху неки који негодоваху међу собом говорећи: Зашто се тај мирис просипа тако?
Марко,14,5,Јер се могаше тај мирис продати за више од триста динара и дати сиромасима. И викаху на њу.
Марко,14,6,А Исус рече: Оставите је; што јој сметате? Она чини добро дјело на мени.
Марко,14,7,"Јер сиромахе имате свагда са собом, и кад год хоћете можете им добро чинити; а мене немате свагда."
Марко,14,8,Она је учинила што је могла; помазала је унапријед тијело моје за погреб.
Марко,14,9,"Заиста вам кажем: Гдје се год буде проповиједало јеванђеље ово по свему свијету, казаће се за спомен њезин и ово што она учини."
Марко,14,10,"А Јуда Искариотски, један од Дванаесторице, отиде првосвештеницима да им га изда."
Марко,14,11,"И они чувши обрадоваше се, и обећаше му дати новце; и он тражаше згодно вријеме да га изда."
Марко,14,12,"И у први дан бесквасних хљебова, када жртвоваху пасхално јагње, рекоше му ученици његови: Гдје ћеш да идемо да ти уготовимо Пасху да једеш?"
Марко,14,13,"И посла двојицу од ученика својих и рече им: Идите у град, и срешће вас човјек који носи крчаг воде, идите за њим,"
Марко,14,14,И гдје уђе кажите домаћину куће: Учитељ вели: гдје је моја одаја гдје ћу јести Пасху са ученицима својим?
Марко,14,15,"И он ће вам показати готову велику горњу одају, застрту и припремљену: ондје нам зготовите."
Марко,14,16,"И изиђоше ученици његови, и дођоше у град, и нађоше као што им каза, и уготовише Пасху."
Марко,14,17,"И кад би вече, дође са Дванаесторицом."
Марко,14,18,"И кад сјеђаху за трпезом и јеђаху, рече Исус: Заиста вам кажем: један од вас, који једе са мном издаће ме."
Марко,14,19,А они се стадоше жалостити и говорити му један за другим: Да нисам ја? И други: Да нисам ја?
Марко,14,20,А он одговарајући рече им: Један од Дванаесторице који умочи са мном у здјелу.
Марко,14,21,"Син Човјечији, дакле, иде као што је писано за њега; али тешко ономе човјеку који изда Сина Човјечијега; боље би му било да се није ни родио онај човјек."
Марко,14,22,"И кад јеђаху узе Исус хљеб и благословивши преломи га, и даде им, и рече: Узмите, једите; ово је тијело моје."
Марко,14,23,И узе чашу и заблагодаривши даде им; и пише из ње сви;
Марко,14,24,И рече им: Ово је крв моја Новога завјета која се пролијева за многе.
Марко,14,25,Заиста вам кажем: Више нећу пити од рода виноградскога до онога дана кад ћу га пити новога у Царству Божијему.
Марко,14,26,"И отпојавши хвалу, изиђоше на гору Маслинску."
Марко,14,27,"И рече им Исус: Сви ћете се ви саблазнити о мене ове ноћи, јер је писано: Ударићу пастира и овце ће се разбјећи."
Марко,14,28,Али по васкрсењу мојему ићи ћу пред вама у Галилеју.
Марко,14,29,"А Петар му рече: Ако се и сви саблазне, ја нећу."
Марко,14,30,"И рече му Исус: Заиста ти кажем: данас, ове ноћи, прије него што пијетао два пута запјева, ти ћеш ме се три пута одрећи."
Марко,14,31,"А Петар још одлучније говораше: Ако бих морао и умријети с тобом, нећу те се одрећи. Исто тако и сви говораху."
Марко,14,32,"И дођоше на мјесто које се зове Гетсиманија, и рече ученицима својим: Сједите овдје док ја одем да се помолим Богу."
Марко,14,33,"И узе са собом Петра и Јакова и Јована, и стаде се врло жалостити и туговати."
Марко,14,34,И рече им: Жалосна је душа моја до смрти; останите овдје и бдите.
Марко,14,35,"И отишавши мало паде на земљу, и мољаше се да би га мимоишао час, ако је могуће."
Марко,14,36,"И говораше: Ава, Оче, све је могуће теби; пронеси чашу ову мимо мене; али опет не како ја хоћу него како ти."
Марко,14,37,"И дође и нађе их гдје спавају, и рече Петру: Симоне, зар спаваш? Зар не могасте један час пробдјети?"
Марко,14,38,Бдите и молите се да не паднете у искушење; јер дух је срчан али је тијело слабо.
Марко,14,39,И опет отиде и помоли се Богу говорећи оне исте ријечи.
Марко,14,40,И вративши се нађе их опет гдје спавају; јер им бијаху очи отежале; и не знадијаху шта би му одговорили.
Марко,14,41,"И дође и трећи пут, и рече им: Спавате, дакле, и почивате. Доста је. Дође час, ево се предаје Син Човјечији у руке грјешника."
Марко,14,42,"Устаните, хајдемо! Ево се издајник мој приближио."
Марко,14,43,"И одмах, док он још говораше, дође Јуда, један од Дванаесторице, и с њим људи многи с ножевима и с кољем, послани од првосвештеника и књижевника и старјешина."
Марко,14,44,"А издајник његов даде им знак говорећи: Кога цјеливам, онај је; ухватите га и одведите стражарно."
Марко,14,45,"И дошавши, одмах му приступи и рече: Здраво, Учитељу! И цјелива га."
Марко,14,46,А они ставише руке своје на њега и ухватише га.
Марко,14,47,А један од оних што стајаху ондје извади нож те удари слугу првосвештеничког и одсјече му ухо.
Марко,14,48,И одговарајући Исус рече им: Као на разбојника изишли сте с ножевима и с кољем да ме ухватите.
Марко,14,49,"Сваки дан сам био код вас у храму и учио, и не ухватисте ме. Али да се испуни Писмо."
Марко,14,50,"И оставивши га, побјегоше сви."
Марко,14,51,А за њим иђаше неки младић огрнут платном по голом тијелу; и ухватише онога младића.
Марко,14,52,"А он оставивши платно, го побјеже од њих."
Марко,14,53,"И доведоше Исуса првосвештенику, и сабраше се код њега сви првосвештеници и књижевници и старјешине."
Марко,14,54,"А Петар иђаше за њим издалека до у двориште првосвештеника, и сјеђаше са слугама, и гријаше се код огња."
Марко,14,55,А првосвештеници и сав Синедрион тражаху против Исуса свједочанства да га убију; и не нађоше.
Марко,14,56,Јер многи свједочаху лажно против њега и свједочанства не бијаху једнака.
Марко,14,57,"И неки уставши свједочаху против њега лажно, говорећи:"
Марко,14,58,"Ми га чусмо гдје говори: Ја ћу развалити овај храм рукотворени, и за три дана саградити други, нерукотворени."
Марко,14,59,И ни ово свједочанство њихово не бијаше једнако.
Марко,14,60,"И ставши првосвештеник на средину, запита Исуса, говорећи: Зар ништа не одговараш што ови против тебе свједоче?"
Марко,14,61,"А он ћуташе и ништа не одговараше. Опет га првосвештеник запита и рече: Јеси ли ти Христос, Син Благословенога?"
Марко,14,62,А Исус рече: Ја сам тај; и видјећете Сина Човјечијега гдје сједи са десне стране Силе и долази на облацима небеским.
Марко,14,63,"А првосвештеник раздрије хаљине своје, и рече: Шта нам више требају свједоци?"
Марко,14,64,Чусте хулу на Бога. Шта вам се чини? А они га сви осудише да је заслужио смрт.
Марко,14,65,"И почеше неки пљувати на њега и покривати му лице, и ударати га, и говорити му: Погоди нам ко те удари! И слуге га бијаху по образима."
Марко,14,66,"И кад бијаше Петар доље у дворишту, дође једна од слушкиња првосвештеникових,"
Марко,14,67,"И видјевши Петра гдје се грије, погледа га и рече: И ти си био са Исусом Назарећанином."
Марко,14,68,"А он се одрече говорећи: Не знам, нити разумијем шта ти говориш. И изиђе напоље у предње двориште, и пијетао запјева."
Марко,14,69,"И видје га слушкиња опет, па поче говорити онима што стајаху ондје: Овај је од њих."
Марко,14,70,"А он се опет одрицаше. И мало потом они што стајаху ондје рекоше Петру: Ваистину си од њих; јер си Галилејац, и говор ти је сличан."
Марко,14,71,А он се поче клети и заклињати: Не знам тога човјека о којем говорите.
Марко,14,72,"И по други пут запјева пијетао. И сјети се Петар ријечи што му рече Исус: Прије но што пијетао два пута запјева, три пута ћеш ме се одрећи. И стаде плакати."
Марко,15,1,"И одмах ујутру учинише вијеће првосвештеници са старјешинама и књижевницима, и сав Синедрион, и свезавши Исуса одведоше га и предадоше Пилату."
Марко,15,2,И упита га Пилат: Јеси ли ти цар јудејски? А он одговарајући рече му: Ти кажеш.
Марко,15,3,И тужаху га првосвештеници много. Али он не одговараше ништа.
Марко,15,4,А Пилат га поново упита говорећи: Зар ништа не одговараш? Види колико те оптужују!
Марко,15,5,Али Исус више ништа не одговори тако да се Пилат дивљаше.
Марко,15,6,А о Празнику ослобађаше им по једнога сужња кога би искали.
Марко,15,7,"А бијаше неки, по имену Варава, у оковима са својим устаницима, који су у буни учинили убиство."
Марко,15,8,И повикавши народ стаде искати оно што им свагда чињаше.
Марко,15,9,"А Пилат им одговори, говорећи: Хоћете ли да вам пустим цара јудејскога?"
Марко,15,10,Јер знадијаше да су га из зависти предали првосвештеници.
Марко,15,11,Али првосвештеници подстакоше народ да је боље да им пусти Вараву.
Марко,15,12,А Пилат опет одговарајући рече им: А шта хоћете да учиним са оним што га зовете царем јудејским?
Марко,15,13,А они опет повикаше: Распни га!
Марко,15,14,А Пилат им рече: А какво је зло учинио? А они још јаче викаху: Распни га!
Марко,15,15,"И Пилат, желећи угодити народу, пусти им Вараву, а Исуса, шибавши, предаде да га разапну."
Марко,15,16,"А војници га одведоше унутра у двориште у такозвани преторијум, и сазваше сву чету војника."
Марко,15,17,"И обукоше му пурпурни огртач, и оплетавши трнов вијенац ставише на њега."
Марко,15,18,"И стадоше га поздрављати: Здраво, царе јудејски!"
Марко,15,19,"И бијаху га по глави трском, и пљуваху на њега, и падајући на кољена клањаху му се."
Марко,15,20,"И кад му се наругаше, свукоше с њега пурпурни огртач, и обукоше га у његове хаљине и изведоше да га разапну."
Марко,15,21,"И натјераше једнога пролазника, Симона из Кирине, оца Александрова и Руфова, који иђаше из поља, да понесе крст његов."
Марко,15,22,"И доведоше га на мјесто Голготу, што значи: Мјесто лобање."
Марко,15,23,"И даваше му да пије вино са смирном, а он не узе."
Марко,15,24,"И кад га разапеше, раздијелише хаљине његове бацајући коцку за њих ко ће шта узети."
Марко,15,25,"А бијаше час трећи, и разапеше га."
Марко,15,26,И бјеше натпис његове кривице написан: Цар јудејски.
Марко,15,27,"И с њим распеше два разбојника, једнога с десне, а једнога с лијеве стране њему."
Марко,15,28,И испуни се Писмо које говори: И уврстише га међу безаконике.
Марко,15,29,"И пролазници хуљаху на њега машући главама својим и говорећи: Уа! Ти што храм разваљујеш и за три дана саграђујеш,"
Марко,15,30,Спаси самога себе и сиђи с крста!
Марко,15,31,"Тако и првосвештеници с књижевницима ругаху се, говорећи један другоме: Друге спасе, а себе не може да спасе."
Марко,15,32,"Христос, цар Израиљев, нека сиђе сада с крста да видимо, па ћемо му вјеровати. И они што бијаху с њим разапети вријеђаху га."
Марко,15,33,"А када настаде шести час, би тама по свој земљи до часа деветога."
Марко,15,34,"И у девети час повика Исус из свега гласа говорећи: Елои, Елои, лима савахтани? што значи: Боже мој, Боже мој, зашто си ме оставио?"
Марко,15,35,И неки од оних што стајаху ондје чувши то говораху: Ено зове Илију.
Марко,15,36,"А један отрча те напуни сунђер оцта, па натакнувши на трску појаше га, говорећи: Оставите да видимо хоће ли доћи Илија да га скине."
Марко,15,37,И Исус повика из свег гласа и издахну.
Марко,15,38,И завјеса храмовна раздрије се на двоје одозго до доље.
Марко,15,39,"А кад видје капетан који стајаше према њему да тако узвикнувши издахну, рече: Заиста човјек овај Син Божији бјеше."
Марко,15,40,"А бијаху ту и жене гледајући издалека, међу којима бјеше и Марија Магдалина и Марија мати Јакова Малога и Јосије, и Саломија,"
Марко,15,41,Које и кад он бјеше у Галилеји иђаху за њим и служаху му; и многе друге и које бијаху дошле с њим у Јерусалим.
Марко,15,42,"И кад већ би увече, јер бијаше петак, то јест уочи суботе,"
Марко,15,43,"Дође Јосиф, из Ариматеје, угледан савјетник, који и сам Царство Божије чекаше, и усуди се те уђе Пилату и заиска тијело Исусово."
Марко,15,44,"А Пилат се зачуди да је већ умро; и дозвавши капетана, запита га: Је ли давно умро?"
Марко,15,45,"И дознавши од капетана, даде тијело Јосифу."
Марко,15,46,"И он купивши платно и скинувши га, обави платном, и положи га у гроб који бјеше исјечен у камену, и навали камен на врата гроба."
Марко,15,47,А Марија Магдалина и Марија Јосијина гледаху гдје га полагаху.
Марко,16,1,"И пошто прође субота, Марија Магдалина и Марија Јаковљева и Саломија купише мирисе да дођу да га помажу."
Марко,16,2,И врло рано у први дан недјеље дођоше на гроб око изласка сунца.
Марко,16,3,И говораху међу собом: Ко ће нам одвалити камен од врата гроба?
Марко,16,4,И погледавши видјеше да камен бјеше одваљен; а бјеше врло велики.
Марко,16,5,"И ушавши у гроб, видјеше младића обучена у бијелу хаљину гдје сједи с десне стране; и уплашише се."
Марко,16,6,"А он им рече: Не плашите се. Исуса тражите Назарећанина, распетога. Устаде, није овдје; ево мјеста гдје га положише."
Марко,16,7,"Него идите и кажите ученицима његовим и Петру, да ће пред вама отићи у Галилеју; тамо ћете га видјети, као што вам рече."
Марко,16,8,"И изишавши побјегоше од гроба, јер их ухвати страх и трепет, и ником ништа не казаше, јер се бојаху."
Марко,16,9,"А Исус, васкрснувши рано у први дан недјеље, јави се најприје Марији Магдалини, из које бјеше истјерао седам демона."
Марко,16,10,"И она отиде те јави онима што су били с њим, који плакаху и ридаху."
Марко,16,11,"А они чувши да је жив и да га је она видјела, не вјероваше."
Марко,16,12,"А послије тога јави се на путу двојици од њих у другоме обличју, кад су ишли у село."
Марко,16,13,И они отишавши јавише осталима; али ни њима не вјероваше.
Марко,16,14,"Најпослије јави се њима Једанаесторици када бијаху за трпезом, и прекори их за њихово невјеровање и окорјелост срца, што не вјероваше онима који га видјеше васкрслога."
Марко,16,15,И рече им: Идите по свему свијету и проповиједајте јеванђеље сваком створењу.
Марко,16,16,"Који повјерује и крсти се биће спасен, а који не вјерује биће осуђен."
Марко,16,17,А знаци онима који вјерују биће ови: именом мојим изгониће демоне; говориће новим језицима;
Марко,16,18,"Узимаће змије у руке; ако и смртно што попију, неће им наудити; на болеснике полагаће руке, и оздрављаће."
Марко,16,19,"А Господ пошто им ово изговори, узнесе се на небо и сједе Богу са десне стране."
Марко,16,20,"А они отидоше и проповиједаше свуда, и Господ им помагаше, и ријеч потврђиваше знацима који су се потом показивали. Амин."
Лука,1,1,"Будући да су многи покушали изложити казивање о догађајима који су се догодили међу нама,"
Лука,1,2,"Као што нам предадоше они који су од почетка били очевидци и слуге Ријечи ШЛогосаЋ,"
Лука,1,3,"Намислих и ја, испитавши тачно све од почетка, по реду писати теби, племенити Теофиле,"
Лука,1,4,Да познаш темељ оних ријечи којима си научен.
Лука,1,5,"У вријеме Ирода, цара јудејскога, бијаше неки свештеник од реда Авијина, по имену Захарија, и жена његова од кћери Аронових, по имену Јелисавета."
Лука,1,6,"А бијаху обоје праведни пред Богом, и живљаху по свима заповијестима и уредбама Господњим беспрекорно."
Лука,1,7,"И немаху дјеце, јер Јелисавета бјеше нероткиња, и бијаху обоје већ поодмаклих година."
Лука,1,8,"И догоди се, кад он служаше по своме реду пред Богом,"
Лука,1,9,Да по обичају свештенства паде му у део да уђе у храм Господњи и кади.
Лука,1,10,И све мноштво народа мољаше се напољу за вријеме кађења.
Лука,1,11,А њему се јави анђео Господњи ставши са десне стране кадионог жртвеника.
Лука,1,12,И збуни се Захарија видјевши га и спопаде га страх.
Лука,1,13,"А анђео му рече: Не боје се, Захарија, јер је услишена молитва твоја; и жена твоја Јелисавета родиће ти сина, и надјенућеш му име Јован."
Лука,1,14,"И биће ти радост и весеље, и многи ће се обрадовати рођењу његову."
Лука,1,15,"Јер ће бити велик пред Господом, и неће пити вина и сикера; и испуниће се Духа Светога још у утроби матере своје;"
Лука,1,16,И многе ће синове Израиљеве обратити Господу Богу њиховоме;
Лука,1,17,"И он ће напријед ићи пред њим у духу и сили Илијиној да обрати срца отаца ка дјеци, и непокорне ка мудрости праведника, и да приправи Господу народ спреман."
Лука,1,18,И рече Захарија анђелу: По чему ћу ја то познати? Јер ја сам стар и жена је моја у годинама.
Лука,1,19,"И одговарајући анђео рече му: Ја сам Гаврило који стојим пред Богом, и послан сам да ти говорим и да ти ово благовијестим."
Лука,1,20,"И ево, бићеш нијем и нећеш моћи говорити до онога дана док се то не збуде, зато што ниси вјеровао мојим ријечима које ће се испунити у своје вријеме."
Лука,1,21,"И народ чекаше Захарију, и чуђаху се што се забави у храму."
Лука,1,22,"А изишавши не могаше да им говори; и разумјеше да је имао виђење у храму; и он им даваше знакове, и оста нијем."
Лука,1,23,"И када се навршише дани службе његове, отиде дому својему."
Лука,1,24,"А послије оних дана затрудње Јелисавета жена његова, и кријаше се пет мјесеци говорећи:"
Лука,1,25,Тако ми је учинио Господ у дане ове у које погледа на ме да ме избави од срамоте међу људима.
Лука,1,26,"А у шести мјесец послан би од Бога анђео Гаврило у град галилејски по имену Назарет,"
Лука,1,27,"Дјевојци зарученој за мужа, по имену Јосиф, из дома Давидова; и дјевојци бјеше име Марија."
Лука,1,28,"И ушавши к њој анђео рече: Радуј се, благодатна! Господ је с тобом. благословена си ти међу женама!"
Лука,1,29,"А она видјевши га, уплаши се од ријечи његове и мишљаше: какав би ово био поздрав?"
Лука,1,30,"И рече јој анђео: Не бој се. Марија, јер си нашла благодат у Бога!"
Лука,1,31,"И ево зачећеш и родићеш сина, и надјенућеш му име Исус."
Лука,1,32,"Он ће бити велики, и назваће се Син Вишњега, и даће му Господ Бог пријесто Давида оца његова;"
Лука,1,33,"И цароваће над домом Јаковљевим вавијек, и царству његову неће бити краја."
Лука,1,34,А Марија рече анђелу: Како ће то бити кад ја не знам за мужа?
Лука,1,35,"И одговарајући анђео рече јој: Дух Свети доћи ће на тебе, и сила Вишњега осјениће те; зато и оно што ће се родити биће свето, и назваће се Син Божији."
Лука,1,36,"И ето, Јелисавета рођака твоја, и она заче сина у старости својој, и ово је шести мјесец њој, коју зову нероткињом."
Лука,1,37,Јер у Бога је све могуће што каже.
Лука,1,38,А Марија рече: Ево слушкиње Господње - нека ми буде по ријечи твојој! И анђео отиде од ње.
Лука,1,39,"А Марија уставши оних дана отиде хитно у горски крај, у град Јудин."
Лука,1,40,"И уђе у дом Захаријин, и поздрави Јелисавету."
Лука,1,41,"А кад Јелисавета чу поздрав Маријин, заигра дијете у утроби њезиној, и Јелисавета се испуни Духа Светога,"
Лука,1,42,"И повика узвишеним гласом и рече: Благословена си ти међу женама, и благословен је плод утробе твоје!"
Лука,1,43,И откуд мени ово да дође мати Господа мојега мени?
Лука,1,44,"Јер гле, када глас поздрава твојега дође у уши моје, заигра дијете од радости у утроби мојој."
Лука,1,45,"И благо оној која вјерова, да ће се извршити што јој је казао Господ."
Лука,1,46,И рече Марија: Велича душа моја Господа;
Лука,1,47,"И обрадова се дух мој Богу, Спасу мојему,"
Лука,1,48,"Што погледа на смјерност слушкиње своје; јер гле, од сада ће ме звати блаженом сви нараштаји;"
Лука,1,49,"Што ми учини величину Силни, и свето име његово."
Лука,1,50,И милост је његова од кољена до кољена онима који га се боје.
Лука,1,51,Показа силу мишицом својом; разасу горде у мислима срца њихова.
Лука,1,52,"Збаци силне са пријестола, и подиже понижене."
Лука,1,53,"Гладне напуни блага, и богате отпусти празне."
Лука,1,54,Прихвати Израиља слугу својега да се опомене милости;
Лука,1,55,"Као што говори оцима нашим, Аврааму и сјемену његову до вијека."
Лука,1,56,"И остаде Марија са њом око три мјесеца, и врати се дому своме."
Лука,1,57,"А Јелисавети дође вријеме да роди, и роди сина."
Лука,1,58,"И чуше њени сусједи и родбина да је Господ показао велику милост своју на њој, и радоваху се с њом."
Лука,1,59,"И у осми дан дођоше да обрежу дијете, и даваху му име оца његова - Захарија."
Лука,1,60,"И одговарајући мати његова рече: Не, него да се зове Јован."
Лука,1,61,И рекоше јој: Никога нема у родбини твојој да се зове тим именом.
Лука,1,62,И знацима питаху оца његова како би он хтио да га назову.
Лука,1,63,И заискавши дашчицу написа говорећи: Јован му је име. И зачудише се сви.
Лука,1,64,"И одмах му се отворише уста његова и језик његов, и говораше благосиљајући Бога."
Лука,1,65,И уђе страх у све сусједе њихове; и по свој горској Јудеји разгласи се сав овај догађај
Лука,1,66,И сви који чуше ставише у срце своје говорећи: Шта ли ће бити ово дијете? И рука Господња бјеше с њим.
Лука,1,67,А Захарија отац његов испуни се Духа Светога и пророкова говорећи:
Лука,1,68,Благословен Господ Бог Израиљев што походи и избави народ свој.
Лука,1,69,"И подиже нам рог спасења у дому Давида, слуге својега,"
Лука,1,70,"Као што каза устима светих пророка својих од вијека,"
Лука,1,71,Да ће нас спасти од непријатеља наших и из руку свију који нас мрзе;
Лука,1,72,"Учинити милост оцима нашим, и опоменути се светога завјета својега,"
Лука,1,73,"Заклетве којом се закле Аврааму оцу нашему, да ће нам дати:"
Лука,1,74,"Избављење из руку непријатеља наших, да му без страха служимо,"
Лука,1,75,У светости и у правди пред њим у све дане живота нашег.
Лука,1,76,"И ти, дијете, зваћеш се пророк Вишњега; јер ћеш ићи напријед пред лицем Господњим да му приправиш пут;"
Лука,1,77,"Да дадеш познање спасења народу његову за опроштење гријеха њихових,"
Лука,1,78,"Ради срдачне милости Бога нашега, којом нас је походио Исток с висине;"
Лука,1,79,Да обасја оне који сједе у тами и сјени смрти; да управи ноге наше на пут мира.
Лука,1,80,А дијете растијаше и јачаше духом и бијаше у пустињи до дана док се не показа Израиљу.
Лука,2,1,А у дане оне изиђе заповијест од ћесара Августа да се попише сва васељена.
Лука,2,2,Ово је био први попис за вријеме Киринијеве управе Сиријом.
Лука,2,3,"И иђаху сви да се попишу, свако у свој град."
Лука,2,4,"А тада пође и Јосиф из Галилеје из града Назарета у Јудеју у град Давидов који се зове Витлејем, јер он бијаше из дома и племена Давидова,"
Лука,2,5,"Да се запише с Маријом, зарученом за њега женом, која бјеше трудна."
Лука,2,6,"И кад ондје бијаху, испунише се дани да она роди."
Лука,2,7,"И роди сина својега Првенца, и пови га, и положи га у јасле; јер им не бијаше мјеста у гостионици."
Лука,2,8,И бијаху пастири у ономе крају боравећи у пољу и чувајући стражу ноћу код стада својега.
Лука,2,9,"И гле, анђео Господњи стаде међу њих, и слава Господња обасја их; и испунише се страхом великим."
Лука,2,10,"И рече им анђео: Не бојте се; јер вам, ево, јављам радост велику која ће бити свему народу."
Лука,2,11,"Јер вам се данас роди Спас, који је Христос Господ, у граду Давидову."
Лука,2,12,И ово вам је знак: наћи ћете дијете повијено гдје лежи у јаслама.
Лука,2,13,"И уједанпут са анђелом се појави мноштво војске небеске, који хваљаху Бога говорећи:"
Лука,2,14,"Слава на висини Богу, и на земљи мир, међу људима добра воља."
Лука,2,15,"А кад анђели отидоше од њих на небо, људи пастири рекоше један другоме: Хајдемо, дакле, до Витлејема, да видимо то што се догодило, што нам објави Господ."
Лука,2,16,"И похитавши, дођоше и нађоше Марију и Јосифа и дијете гдје лежи у јаслама."
Лука,2,17,"А кад видјеше, објавише све што им је казано за то дијете."
Лука,2,18,И сви који чуше дивише се томе што им казаше пастири.
Лука,2,19,А Марија чуваше све ријечи ове и слагаше их у срцу својему.
Лука,2,20,И вратише се пастири славећи и хвалећи Бога за све што чуше и видјеше као што им би казано.
Лука,2,21,"И када се наврши осам дана да обрежу дијете, надјенуше му име Исус, дато од анђела прије него што он би зачет у утроби."
Лука,2,22,"А када се навршише дани за очишћење њихово по закону Мојсејеву,"
Лука,2,23,"Као што је написано у Закону Господњем, да се свако дијете мушко које најприје отвори материцу посвети Господу -"
Лука,2,24,И да принесу жртву као што је речено у Закону Господњем: двије грлице или два голубића.
Лука,2,25,"И гле, бијаше у Јерусалиму човјек по имену Симеон, и тај човјек бјеше праведан и побожан, који чекаше утјеху Израиљеву, и Дух Свети бијаше на њему."
Лука,2,26,И њему бјеше Дух Свети открио да неће видјети смрти док не види Христа Господњега.
Лука,2,27,"И Духом вођен дође у храм; и кад унесоше родитељи дијете Исуса да изврше на њему оно што је уобичајено по Закону,"
Лука,2,28,Он га узе у наручје своје и благослови Бога и рече:
Лука,2,29,"Сад отпушташ у миру слугу својега, Господе, по ријечи својој;"
Лука,2,30,"Јер видјеше очи моје Спасење твоје,"
Лука,2,31,Које си уготовио пред лицем свију народа.
Лука,2,32,"Свјетлост, да просвјећује незнабошце, и славу народа твојега Израиља."
Лука,2,33,А Јосиф и мати његова чуђаху се томе што се говораше о њему.
Лука,2,34,"И благослови их Симеон, и рече Марији, матери његовој: Гле, овај лежи да многе обори и подигне у Израиљу, и да буде знак против кога ће се говорити."
Лука,2,35,"А и теби самој пробошће мач душу, да се открију помисли многих срца."
Лука,2,36,"И бјеше Ана пророчица, кћи Фануилова, од племена Асирова, већ поодмаклих година, која је седам година живјела са мужем од дјевојаштва својега."
Лука,2,37,"И она, удовица од око осамдесет и четири године, не одлажаше од храма, и служаше Богу дан и ноћ постом и молитвом."
Лука,2,38,"И она у тај час дође, и слављаше Господа, и говораше о њему свима који чекаху избављење у Јерусалиму."
Лука,2,39,"И кад извршише све по закону Господњему, вратише се у Галилеју у град свој Назарет."
Лука,2,40,"А дијете растијаше и јачаше духом, пунећи се премудрости, и благодат Божија бијаше на њему."
Лука,2,41,И родитељи његови иђаху сваке године у Јерусалим о празнику Пасхе.
Лука,2,42,"И кад му би дванаест година, узиђоше они у Јерусалим по обичају празника."
Лука,2,43,"И када проведоше дане, и враћаху се, оста дијете Исус у Јерусалиму; и не знаде Јосиф и мати његова;"
Лука,2,44,"Него, помисливши да је са друштвом, отидоше дан хода, и тражаху га међу сродницима и познаницима."
Лука,2,45,"И не нашавши га, вратише се у Јерусалим да га траже."
Лука,2,46,"И послије три дана нађоше га у храму гдје сједи међу учитељима, и слуша их, и пита их."
Лука,2,47,И сви који га слушаху дивљаху се веома његовој разборитости и одговорима.
Лука,2,48,"И видјевши га запрепастише се, и мати његова рече му: Чедо, што нам тако учини? Ево отац твој и ја тражисмо те с болом."
Лука,2,49,И рече им: Зашто сте ме тражили? Зар нисте знали да мени треба бити у ономе што је Оца мојега?
Лука,2,50,И они не разумјеше ријеч коју им рече.
Лука,2,51,И сиђе с њима и дође у Назарет; и бјеше им послушан. И мати његова чуваше све ријечи ове у срцу својему.
Лука,2,52,И Исус напредоваше у премудрости и у расту и у милости код Бога и код људи.
Лука,3,1,"А у петнаестој години владавине ћесара Тиверија, кад управљаше Понтије Пилат Јудејом, и Ирод четверовласник Галилејом, а Филип, брат његов четверовласник Итурејом и земљом Трахонитидом, и Лисаније четверовласник Авилином,"
Лука,3,2,"За вријеме првосвештеника Ане и Кајафе, дође ријеч од Бога Јовану сину Захаријину у пустињи,"
Лука,3,3,И он пође по свој околини Јордана проповиједајући крштење покајања за опроштење гријехова.
Лука,3,4,Као што је написано у књизи ријечи пророка Исаије који говори: Глас вапијућег у пустињи: приправите пут Господњи; поравните стазе његове;
Лука,3,5,Свака долина нека се испуни и свака гора и сваки бријег нека се слегну; и што је криво нека буде право и неравнине на путевима нека буду глатке;
Лука,3,6,И свако ће тијело видјети спасење Божије.
Лука,3,7,"Јован пак говораше народу који излажаше да их крсти: Породи аспидини, ко вам каза да бјежите од гњева који иде?"
Лука,3,8,"Родите, дакле, плодове достојне покајања, и не почињите говорити у себи: Имамо оца Авраама; јер вам кажем да Бог може и од камења овог подигнути децу Аврааму."
Лука,3,9,А већ и сјекира стоји дрвећу код коријена; и свако дрво које добра рода не рађа сијече се и у огањ баца.
Лука,3,10,"И питаху га људи говорећи: Шта ћемо, дакле, чинити?"
Лука,3,11,А он одговарајући рече им: Који има двије хаљине нека даде ономе који нема; и који има хране нека чини исто тако.
Лука,3,12,"Дођоше пак и цариници да их крсти. и рекоше му: Учитељу, шта ћемо чинити?"
Лука,3,13,А он им рече: Не чините ништа више него што вам је наређено.
Лука,3,14,"А питаху га и војници говорећи: А шта ћемо ми чинити? И рече им: Никога да не злостављате нити кога да опадате, и будите задовољни својом платом."
Лука,3,15,А како је народ ишчекивао (Христа) сви помишљаху у срцима својим за Јована: није ли он Христос?
Лука,3,16,"Одговараше Јован свима говорећи: Ја вас крштавам водом; али иде за мном јачи од мене, коме ја нисам достојан одријешити ремена на обући његовој: Он ће вас крстити Духом Светим и огњем."
Лука,3,17,"У његовој руци је лопата, и очистиће гумно своје, и скупиће пшеницу у житницу своју, а пљеву ће сажећи огњем неугасивим."
Лука,3,18,"И много још друго тјешећи их, проповиједаше народу јеванђеље."
Лука,3,19,"А Ирод четверовласник, кога кораше Јован због Иродијаде жене брата његова, и због свих зала која учини Ирод,"
Лука,3,20,Додаде на све још и ово: затвори Јована у тамницу.
Лука,3,21,"А догоди се када се бјеше крстио сав народ, и када се Исус крстио, док се он мољаше Богу, отвори се небо,"
Лука,3,22,"И сиђе на њега Дух Свети у тјелесном облику као голуб, и чу се глас са неба говорећи: Ти си Син мој љубљени, ти си по мојој вољи."
Лука,3,23,"И сам Исус имаше око тридесет година кад поче; и бјеше, као што се мишљаше, син Јосифа, сина Илијева,"
Лука,3,24,"Сина Мататова, сина Левијева, сина Мелхијева, сина Јенејева, сина Јосифова,"
Лука,3,25,"Сина Мататијева, сина Амосова, сина Наумова, сина Еслимова, сина Нагејева,"
Лука,3,26,"Сина Маатова, сина Мататијева, сина Семејева, сина Јосифова, сина Јудина,"
Лука,3,27,"Сина Јоананова, сина Рисајева, сина Зоровавељова, сина Салатиилова, сина Ниријева,"
Лука,3,28,"Сина Мелхијева, сина Адијева, сина Косамова, сина Елмодамова, сина Ирова,"
Лука,3,29,"Сина Јосијина, сина Елиезерова, сина Јоримова, сина Мататова, сина Левијева,"
Лука,3,30,"Сина Симеонова, сина Јудина, сина Јосифова, сина Јонанова, сина Еликимова,"
Лука,3,31,"Сина Мелејева, сина Маинанова, сина Мататина, сина Натанова, сина Давидова,"
Лука,3,32,"Сина Јесејева, сина Овидова, сина Воозова, сина Салмонова, сина Наасонова,"
Лука,3,33,"Сина Аминадавова, сина Арамова, сина Јорамова, сина Есромова, сина Фаресова, сина Јудина,"
Лука,3,34,"Сина Јаковљева, сина Исакова, сина Авраамова, сина Тарина, сина Нахорова,"
Лука,3,35,"Сина Серухова, сина Рагавова, сина Фалекова, сина Еверова, сина Салина,"
Лука,3,36,"Сина Каинанова, сина Арфаксадова, сина Симова, сина Нојева, сина Ламехова,"
Лука,3,37,"Сина Матусалова, сина Енохова, сина Јаредова, сина Малелеилова, сина Каинанова,"
Лука,3,38,"Сина Еносова, сина Ситова, сина Адамова, сина Божијега."
Лука,4,1,"Исус пак пун Духа Светога врати се са Јордана, и би одведен Духом у пустињу."
Лука,4,2,"И четрдесет дана куша га ђаво, и не једе ништа у те дане; и кад се они навршише, онда огладње."
Лука,4,3,"И рече му ђаво: Ако си Син Божији, реци овоме камену да постане хљеб."
Лука,4,4,"И одговори му Исус говорећи: Писано је: Не живи човјек само о хљебу, него о свакој ријечи Божијој."
Лука,4,5,И изведе га ђаво на гору високу и показа му сва царства овога свијета за трен ока.
Лука,4,6,"И рече му ђаво: Теби ћу дати сву власт ову и славу њихову, јер је мени предана, и коме хоћу дајем је."
Лука,4,7,"Ти,дакле, ако се поклониш преда мном, биће сва твоја."
Лука,4,8,"И одговарајући Исус рече му: Иди од мене, Сатано, јер је писано: Господу Богу својему клањај се, и њему јединоме служи."
Лука,4,9,"И одведе га у Јерусалим и постави га на крило храма, и рече му: Ако си Син Божији, скочи одавде доље."
Лука,4,10,"Јер је писано да ће анђелима својим заповједити за тебе да те сачувају,"
Лука,4,11,И узеће те на руке да се не спотакнеш о камен ногом својом.
Лука,4,12,И одговарајући Исус рече му: Казано је: Не кушај Господа Бога својега.
Лука,4,13,"И када заврши ђаво све кушање, отиде од њега за неко вријеме."
Лука,4,14,И врати се Исус у сили Духа у Галилеју; и отиде глас о њему по свој околини.
Лука,4,15,"И он учаше по синагогама њиховим, и сви га хваљаху."
Лука,4,16,"И дође у Назарет гдје бјеше одгајен, и уђе по обичају своме у дан суботни у синагогу, и устаде да чита."
Лука,4,17,"И дадоше му књигу пророка Исаије, и отворивши књигу нађе мјесто гдје бјеше написано:"
Лука,4,18,"Дух Господњи је на мени; зато ме помаза да благовијестим сиромасима; посла ме да исцијелим скрушене у срцу; да проповиједим заробљенима да ће бити пуштени, и слијепима да ће прогледати; да ослободим потлачене;"
Лука,4,19,И да проповиједам пријатну годину Господњу.
Лука,4,20,"И затворивши књигу, врати је служитељу па сједе; и очи свију у синагоги бијаху упрте у њега."
Лука,4,21,А поче им говорити: Данас се испуни ово Писмо у ушима вашим.
Лука,4,22,"И сви му свједочаху, И дивљаху се ријечима благодати које излажаху из уста његових, и говораху: Није ли ово син Јосифов."
Лука,4,23,"И рече им: Свакако ћете ми рећи ову пословицу: Љекару, излијечи се сам; што чусмо да је било у Капернауму учини и овдје у постојбини својој."
Лука,4,24,Рече пак: Заиста вам кажем да ниједан пророк није признат у постојбини својој.
Лука,4,25,"А ваистину вам кажем: Многе удовице бијаху у Израиљу у вријеме Илије када се небо затвори за три године и шест мјесеци, и би велика глад по свој земљи;"
Лука,4,26,И ниједној од њих не би послан Илија до у Сарепту Сидонску жени удовици.
Лука,4,27,И многи бијаху губави у Израиљу у вријеме пророка Јелисеја; и ниједан се од њих не очисти до Нееман Сиријанин.
Лука,4,28,И сви се у синагоги испунише гњева кад чуше ово.
Лука,4,29,"И уставши истјераше га напоље из града, и одведоше га на врх горе гдје бијаше њихов град сазидан, да би га бацили одозго."
Лука,4,30,"Али он прође између њих,и отиде."
Лука,4,31,"И сиђе у Капернаум, град галилејски, и учаше их суботом."
Лука,4,32,И чуђаху се науци његовој врло; јер ријеч његова бјеше силна.
Лука,4,33,"И у синагоги бјеше човјек са духом нечистог демона, и повика из свег гласа"
Лука,4,34,"Говорећи: Прођи се, шта хоћеш од нас, Исусе Назарећанине? Дошао си да нас погубиш? Знам те ко си: Светац Божији."
Лука,4,35,"И запријети му Исус говорећи: Умукни, и изиђи из њега! И оборивши га демон на средину, изиђе из њега нимало му не наудивши."
Лука,4,36,"И запрепашћење захвати све и разговараху међу собом говорећи: Каква је то ријеч да влашћу и силом заповиједа нечистим духовима, и излазе?"
Лука,4,37,И отиде глас о њему по свима околним мјестима.
Лука,4,38,"Подигавши се пак из синагоге, дође у кућу Симонову; а ташту Симонову бјеше ухватила велика грозница, и молише га за њу."
Лука,4,39,"И ставши више ње запријети грозници, и пусти је. И одмах устаде и служаше им."
Лука,4,40,"А када захођаше сунце, сви који имађаху болеснике од различних болести довођаху их њему; а он на свакога од њих полагаше руке, и исцјељиваше их."
Лука,4,41,А и демони излажаху из многих вичући и говорећи: Ти си Христос Син Божији. И пријетећи им не допушташе да говоре да знају да је он Христос.
Лука,4,42,"А кад наста дан, изиђе и отиде у пусто мјесто; и народ га тражаше, и дође к њему, и задржаваху га да не иде од њих."
Лука,4,43,А он им рече: И другим градовима треба ми благовијестити о Царству Божијем; јер сам на то послан.
Лука,4,44,И проповиједаше по синагогама галилејским.
Лука,5,1,"А догоди се када се народ слеже к њему да слуша ријеч Божију и он стајаше крај Генисаретског језера,"
Лука,5,2,"И видје двије лађе гдје стоје украј језера, а рибари бијаху изишли из њих и испираху мреже."
Лука,5,3,"И уђе у једну лађу, која бијаше Симонова, и замоли га да одмакне мало од обале; и сједе и учаше народ из лађе."
Лука,5,4,"А кад преста говорити, рече Симону: Хајде на дубину и баците мреже своје за лов."
Лука,5,5,"И одговарајући Симон рече му: Учитељу, сву ноћ смо се трудили, и ништа не ухватисмо; али на твоју ријеч бацићу мрежу."
Лука,5,6,"И учинивши то уловише велико мноштво риба, те им се мрежа поче цијепати."
Лука,5,7,"И дадоше знак друштву које бјеше на другој лађи да дођу да им помогну; и дођоше, и напунише обје лађе тако да се оне потапаху."
Лука,5,8,"А кад видје Симон Петар, припаде кољенима Исусовим говорећи: Изиђи од мене, Господе, јер сам човјек грјешан."
Лука,5,9,"Јер запрепашћење обузе њега и све који бијаху с њим због лова рибе што ухватише,"
Лука,5,10,"А тако исто и Јакова и Јована, синове Зеведејеве, који бијаху другови Симонови. И рече Исус Симону: Не бој се, од сада ћеш људе ловити."
Лука,5,11,"И извукавши обје лађе на земљу оставише све, и отидоше за њим."
Лука,5,12,"И када бијаше Исус у једноме граду, и гле, човјек сав у губи, па видјевши Исуса паде ничице и замоли га говорећи: Господе, ако хоћеш можеш ме очистити."
Лука,5,13,"И пруживши руку дохвати га се, и рече: Хоћу, очисти се! И одмах губа отиде с њега."
Лука,5,14,"И он му заповједи да ником не казује: Него иди и покажи се свештенику, и принеси дар за очишћење своје, како је наредио Мојсеј за свједочанство њима."
Лука,5,15,"Али се глас о њему још већма ширио, и мноштво народа стјецаше се да га слушају и да их он исцјељује од њихових болести."
Лука,5,16,А он се удаљаваше у пустињу и мољаше се Богу.
Лука,5,17,"И догоди се једнога дана кад он учаше, сјеђаху ондје фарисеји и законици који бијаху дошли из свију села галилејских и јудејских и из Јерусалима; и би сила Господња да их исцјељује;"
Лука,5,18,"И гле, људи донесоше на одру човјека који бјеше одузет, и тражаху како да га унесу и положе пред њега."
Лука,5,19,"И не нашавши куда би га унијели од народа, попеше се на кућу и кроз кров спустише га са одром на средину пред Исуса."
Лука,5,20,"И видјевши вјеру њихову рече му: Човјече, опраштају ти се гријеси твоји."
Лука,5,21,И почеше помишљати у себи књижевници и фарисеји говорећи: Ко је овај што говори хуле? Ко може опраштати гријехе осим једини Бог?
Лука,5,22,"А разумјевши Исус помисли њихове, одговарајући рече им: Шта помишљате у срцима својим?"
Лука,5,23,"Шта је лакше, рећи: Опраштају ти се гријеси твоји, или рећи: Устани и ходи?"
Лука,5,24,"Али да знате да власт има Син Човјечији на земљи опраштати гријехе, - рече узетоме: Теби говорим, устани и узми одар свој и иди дому своме."
Лука,5,25,"И одмах устаде пред њима, и узе на чему лежаше, и отиде дому своме славећи Бога."
Лука,5,26,"И сви се задивише, и слављаху Бога, и испунивши се страха говораху: Чуда се нагледасмо данас!"
Лука,5,27,"И потом изиђе, и видје цариника по имену Левије гдје сједи на царини, и рече му: Хајде за мном."
Лука,5,28,"И оставивши све, устаде и пође за њим."
Лука,5,29,И приреди му Левије код куће своје велику гозбу; и бјеше мноштво цариника и других који сјеђаху са њим за трпезом.
Лука,5,30,И гунђаху књижевници њихови и фарисеји говорећи ученицима његовим: Зашто са цариницима и грјешницима једете и пијете?
Лука,5,31,И одговарајући Исус рече им: Не требају здрави љекара него болесни.
Лука,5,32,Нисам дошао да позовем праведнике него грјешнике на покајање.
Лука,5,33,"А они му рекоше: Зашто ученици Јованови посте често и молитве чине, а тако и фарисејски; док твоји једу и пију?"
Лука,5,34,А он им рече: Зар можете натјерати сватове да посте док је женик с њима?
Лука,5,35,"Него ће доћи дани кад ће се отети женик од њих, и онда ће постити у оне дане."
Лука,5,36,"Каза им пак и причу: Нико не меће закрпу од нове хаљине на стару хаљину, иначе ће и нову раздријети, и старој не одговара закрпа од нове."
Лука,5,37,"И нико не сипа вино ново у мјехове старе, иначе вино ново раздере мјехове, и оно се пролије, и мјехови пропадну."
Лука,5,38,"Него вино ново у мјехове нове треба сипати, и обоје ће се сачувати."
Лука,5,39,И нико ко је пио старо неће одмах новога: јер вели: старо је боље.
Лука,6,1,"Догоди се пак у другу суботу по Пасхи да је он ишао кроз усјеве, а ученици његови тргали су класје, трли га рукама и јели."
Лука,6,2,А неки од фарисеја рекоше им: Зашто чините што се не смије чинити у суботу?
Лука,6,3,"И одговоривши Исус рече им: Зар ни то нисте читали шта учини Давид кад огладње, он и који бијаху с њим?"
Лука,6,4,"Како уђе у дом Божији, и узе хљебове предложења, и једе, и даде онима што бијаху с њим, које никоме није било допуштено јести сем једино свештеницима."
Лука,6,5,И говораше им: Син Човјечији је господар и од суботе.
Лука,6,6,"А догоди се и у другу суботу да он уђе у синагогу и учаше, и бјеше ондје човјек коме десна рука бјеше суха."
Лука,6,7,"Мотраху пак на њега књижевници и фарисеји неће ли у суботу исцијелити, да би нашли оптужбу против њега."
Лука,6,8,"А он знађаше помисли њихове, и рече човјеку који имаше суху руку: Устани и стани на средину! А он подигавши се стаде."
Лука,6,9,А Исус им рече: Запитаћу вас: шта треба у суботу: добро чинити или зло чинити? Душу спасти или погубити? А они ћутаху.
Лука,6,10,"И погледавши на све њих, рече му: Пружи руку своју. А он учини тако; и рука му поста здрава као и друга."
Лука,6,11,"А они се напунише безумља, и говораху међу собом шта би учинили Исусу."
Лука,6,12,А догоди се у дане оне да изиђе на гору да се моли; и проведе сву ноћ у молитви Богу.
Лука,6,13,"И кад би дан, дозва ученике своје, и изабра од њих Дванаесторицу, које и апостолима назва:"
Лука,6,14,"Симона, кога прозва Петром, и Андреја брата његова, Јакова и Јована, Филипа и Вартоломеја,"
Лука,6,15,"Матеја и Тому, Јакова Алфејева и Симона званога Зилот,"
Лука,6,16,"Јуду Јаковљева, и Јуду Искариотскога, који и постаде издајник."
Лука,6,17,"И сишавши с њима, стаде на мјесту равном и много ученика његових; и мноштво народа из све Јудеје и Јерусалима, и из приморја тирског и сидонског."
Лука,6,18,"Који дођоше да га слушају и да се исцјељују од својих болести, и које су мучили духови нечисти; и исцјељиваху се."
Лука,6,19,И сав народ тражаше да га се дотакне; јер из њега излажаше сила и исцјељиваше их све.
Лука,6,20,"И он подигнувши очи своје на ученике своје говораше: Блажени сиромашни, јер је ваше Царство Божије."
Лука,6,21,"Блажени који сте гладни сада. јер ћете се наситити. Блажени који плачете сада, јер ћете се насмијати."
Лука,6,22,"Блажени сте кад вас људи омрзну и кад вас одбаце и осрамоте, и разгласе име ваше као зло због Сина Човјечијега."
Лука,6,23,"Радујте се у онај дан и играјте, јер гле, велика је плата ваша на небу. Јер су тако чинили пророцима оцеви њихови."
Лука,6,24,"Али тешко вама богатима, јер сте већ примили утјеху своју."
Лука,6,25,"Тешко вама који сте сити сада, јер ћете огладњети. Тешко вама који се смијете сада, јер ћете заридати и заплакати."
Лука,6,26,"Тешко вама када стану сви људи добро говорити о вама, јер су тако чинили лажним пророцима оцеви њихови."
Лука,6,27,"Али говорим вама који слушате: Љубите непријатеље своје, добро творите онима који вас мрзе;"
Лука,6,28,"Благосиљајте оне који вас куну, и молите се за оне који вас вријеђају."
Лука,6,29,"Ономе који те удари по образу, окрени и други; и који хоће да ти узме хаљину, подај и кошуљу."
Лука,6,30,"А свакоме који иште у тебе, подај; и који твоје узме, не ишти."
Лука,6,31,"И како хоћете да вама чине људи, чините тако и ви њима."
Лука,6,32,"И ако љубите оне који вас љубе, каква вам је хвала? Јер и грјешници љубе оне који њих љубе."
Лука,6,33,"И ако чините добро онима који вама чине добра, каква вам је хвала? Јер и грјешници чине тако."
Лука,6,34,"И ако дајете у зајам онима од којих се надате да ћете добити, каква вам је хвала? Јер и грјешници грјешницима дају у зајам да добију опет онолико."
Лука,6,35,"Него љубите непријатеље своје, и чините добро, и дајите у зајам не надајући се ничему; и плата ће вам бити велика, и бићете синови Свевишњега, јер је он благ и према незахвалнима и злима."
Лука,6,36,"Будите, дакле, милостиви као и Отац ваш што је милостив."
Лука,6,37,"И не судите, и неће вам се судити; и не осуђујте, и нећете бити осуђени; опраштајте, и опростиће вам се."
Лука,6,38,"Дајите, и даће вам се; мјеру добру и набијену и стресену и препуну даће вам у наручје ваше. Јер каквом мјером мјерите онаквом ће вам се мјерити."
Лука,6,39,И каза им причу: Може ли слијепац слијепца водити? Неће ли оба пасти у јаму?
Лука,6,40,"Нема ученика над учитељем својим, него и када се усаврши, биће сваки као и учитељ његов."
Лука,6,41,"А зашто видиш трун који је у оку брата твојега, а брвно које је у твојему оку не осјећаш?"
Лука,6,42,"Или, како можеш рећи брату својему: Брате, стани да извадим трун који је у оку твојему, када сам не видиш брвно у оку својему? Лицемјере, извади најприје брвно из ока својега, па ћеш онда видјети да извадиш трун из ока брата својега."
Лука,6,43,"Јер нема дрвета добра да рађа зао род, нити дрвета зла да рађа добар род."
Лука,6,44,"Јер се свако дрво по роду своме познаје; јер се смокве не беру са трња, нити се грожђе бере с купине."
Лука,6,45,"Добар човјек из добре ризнице срца својега износи добро, а зао човјек из зле ризнице срца својега износи зло, јер уста његова говоре од сувишка срца."
Лука,6,46,"А што ме зовете: Господе, Господе, а не извршујете што говорим?"
Лука,6,47,"Сваки који долази мени и слуша ријечи моје и извршује их, казаћу вам коме је сличан:"
Лука,6,48,"Сличан је човјеку који градећи кућу ископа и удуби и положи темељ на камену; а када дођоше воде, навали ријека на ту кућу и не могаше је покренути, јер јој је темељ на камену."
Лука,6,49,"А који је чуо и није извршио сличан је човјеку који сагради кућу на земљи без темеља, на коју навали ријека и одмах паде, и распаде се кућа она страшно."
Лука,7,1,"А када заврши све ријечи своје пред народом, уђе у Капернаум."
Лука,7,2,У капетана пак једнога бијаше слуга болестан на умору који му бјеше мио.
Лука,7,3,"А кад чу за Исуса, посла му старјешине јудејске молећи га да дође и спасе му слугу."
Лука,7,4,"А они дошавши Исусу мољаху га усрдно, говорећи: Достојан је да му то учиниш,"
Лука,7,5,"Јер љуби народ наш, и сагради нам синагогу."
Лука,7,6,"А Исус иђаше с њима. И кад већ бијаше недалеко од куће, посла капетан њему пријатеље говорећи му: Господе, не труди се, јер нисам достојан да под кров мој уђеш;"
Лука,7,7,"Зато и ие сматрах себе достојним да ти дођем; него само реци ријеч, и оздравиће слуга мој."
Лука,7,8,"Јер и ја сам човјек под влашћу, и имам под собом војнике, па речем једноме: Иди, и иде; и другоме: Дођи, и дође; и слуги својему: Учини то, и учини."
Лука,7,9,"А кад то чу Исус, задиви му се, и окренувши се народу који иђаше за њим рече: Кажем вам: ни у Израиљу толику вјеру не нађох."
Лука,7,10,"И када се послани вратише, нађоше болеснога слугу здрава."
Лука,7,11,"И догоди се потом да он иђаше у град који се зове Наин, и с њим иђаху многи ученици његови и мноштво народа."
Лука,7,12,"А када се приближи вратима града, и гле, изношаху мртваца, јединца сина матере његове, и она бјеше удовица; и многи народ из града иђаше са њом."
Лука,7,13,"И видјевши је Господ сажали се на њу, и рече јој: Не плачи!"
Лука,7,14,"И приступивши дохвати се носила, а носиоци стадоше; и рече: Момче, теби говорим, устани!"
Лука,7,15,И сједе мртвац и стаде говорити; и даде га матери његовој.
Лука,7,16,"А страх обузе све, и слављаху Бога говорећи: Велики пророк подиже се међу нама, и Бог походи народ свој."
Лука,7,17,И отиде глас овај о њему по свој Јудеји и по свој околини.
Лука,7,18,И јавише Јовану ученици његови за све ово.
Лука,7,19,"И позва Јован двојицу од ученика својих и посла их Исусу, говорећи: Јеси ли ти Онај што ће доћи, или другога да чекамо?"
Лука,7,20,"Дошавши пак ти људи к њему рекоше: Јован Крститељ посла нас теби говорећи: Јеси ли ти Онај што ће доћи, или другога да чекамо?"
Лука,7,21,"А у тај час он исцијели многе од болести, и од рана и од злих духова, и многима слијепим дарова вид."
Лука,7,22,"И одговарајући Исус рече им: Идите и кажите Јовану што видјесте и чусте: слијепи прогледају, хроми ходе, губави се чисте, глухи чују, мртви устају, сиромашнима се проповиједа јеванђеље;"
Лука,7,23,И блажен је онај који се не саблазни о мене.
Лука,7,24,"А кад отидоше ученици Јованови, поче народу говорити за Јована: Шта сте изишли у пустињу да видите? Трску коју љуља вјетар?"
Лука,7,25,"Него шта сте изишли да видите? Човјека у меке хаљине обучена? Ето, који господске хаљине носе и у сластима живе по царским су дворовима."
Лука,7,26,"Но шта сте изишли да видите? Пророка? Да, ја вам кажем и више од пророка."
Лука,7,27,"Ово је онај за кога је писано: Ево, ја шаљем анђела својега пред лицем твојим који ће приправити пут твој пред тобом."
Лука,7,28,Јер вам кажем: Ниједан између рођених од жена није већи пророк од Јована Крститеља; а најмањи у Царству Божијем већи је од њега.
Лука,7,29,"И сав народ који слушаше и цариници оправдаше Бога, крстивши се крштењем Јовановим;"
Лука,7,30,"А фарисеји и законици одбацише вољу Божију о њима, не крстивши се од њега."
Лука,7,31,"(А Господ рече): С киме ћу, дакле, упоредити људе овога рода, и коме су слични?"
Лука,7,32,"Слични су дјеци што сједе на тргу и довикују једни другима говорећи: Свирасмо вам, и не играсте; нарицасмо вам, и не плакасте."
Лука,7,33,"Јер је дошао Јован Крститељ који хљеба не једе нити вина пије, а ви говорите: Демон је у њему."
Лука,7,34,"Дошао је Син Човјечији који и једе и пије, а ви кажете: Гле човјека изјелице и пијанице, друга цариницима и грјешницима."
Лука,7,35,И би оправдана премудрост од све дјеце њезине.
Лука,7,36,"Мољаше га пак један од фарисеја да би обједовао у њега; и ушавши у кућу фарисејеву, сједе за трпезу."
Лука,7,37,"И гле, жена у граду која бјеше грјешница, дознавши да је Исус за трпезом у кући фарисејевој, донесе мирис у суду од алавастра."
Лука,7,38,"И ставши позади код ногу његових плакаше, и стаде квасити ноге његове сузама, и косом главе своје отираше, и цјеливаше ноге његове, и мазаше мирисом."
Лука,7,39,"А кад видје фарисеј који га је позвао, рече у себи: Да је он пророк, знао би ко и каква га се жена дотиче; јер је грјешница."
Лука,7,40,"И одговарајући Исус рече му: Симоне, имам ти нешто казати. А он рече: Учитељу, кажи."
Лука,7,41,"А Исус рече: Двојица бијаху дужни једноме повјериоцу, један бјеше дужан пет стотина динара, а други педесет."
Лука,7,42,"А кад они не имадоше да му врате, поклони обојици. Кажи, који ће га од њих двојице већма љубити?"
Лука,7,43,А Симон одговарајући рече: Мислим онај коме више поклони. А он му рече: Право си судио.
Лука,7,44,"И окренувши се жени, рече Симону: Видиш ли ову жену? Уђох ти у кућу, ни воде ми на ноге ниси дао, а она ми сузама обли ноге, и косом главе своје обриса."
Лука,7,45,"Цјелива ми ниси дао; а она, откако уђе, не преста цјеливати ми ноге."
Лука,7,46,"Уљем ниси помазао главу моју, а она мирисом помаза ми ноге."
Лука,7,47,"Зато ти кажем: Опраштају јој се гријеси многи, јер је велику љубав имала; а коме се мало опрашта малу љубав има."
Лука,7,48,А њој рече: Опраштају ти се гријеси.
Лука,7,49,И стадоше у себи говорити они што сјеђаху с њим за трпезом: Ко је овај што и гријехе опрашта?
Лука,7,50,А жени рече: Вјера твоја спасла те је; иди у миру.
Лука,8,1,"И би послије тога, и он прохођаше по градовима и по селима проповиједајући и благовијестећи Царство Божије, и Дванаесторица с њим,"
Лука,8,2,"И неке жене које бијаху излијечене од злих духова и болести: Марија, звана Магдалина, из које је изишло седам демона,"
Лука,8,3,"И Јована, жена Хузе, пристава Иродова, и Сусана, и друге многе које му служаху својим имањем."
Лука,8,4,"А кад се сабра народа много, и из свију градова долажаху њему, каза у причи:"
Лука,8,5,"Изиђе сијач да сије сјеме своје; и кад сијаше, једно паде крај пута, и погази се, и птице небеске позобаше га."
Лука,8,6,"А друго паде на камен, и изникавши осуши се, јер немаше влаге."
Лука,8,7,"А друго паде усред трња, и узрасте трње и угуши га."
Лука,8,8,"А друго паде на земљу добру, и изникавши донесе стоструки род. Говорећи ово повика: Ко има уши да чује, нека чује!"
Лука,8,9,А ученици његови питаху га говорећи: Шта значи ова прича?
Лука,8,10,"А он рече: Вама је дано да знате тајне Царства Божијега; а осталима бива у причама, да гледајући не виде, и чујући не разумију."
Лука,8,11,А ова прича значи: Сјеме је ријеч Божија.
Лука,8,12,"А које је крај пута то су они који слушају, али потом долази ђаво и узима ријеч из срца њиховога, да не вјерују и да се не спасу."
Лука,8,13,"А које је на камену то су они који када чују с радошћу примају ријеч; и ови коријена немају те за неко вријеме вјерују, а у вријеме искушења отпадну."
Лука,8,14,"А које у трње паде, то су они који чуше и, живећи у бригама и богатству и сластима овога живота, буду угушени, и не донесу рода."
Лука,8,15,"А које је на доброј земљи, то су они који чувши ријеч, у доброме и чистом срцу држе је, и род доносе у трпљењу. Ово говорећи повика: Ко има уши да чује, нека чује!"
Лука,8,16,"А нико не поклапа судом свјетиљку кад је запали, нити је меће под кревет, него је поставља на свијећњак да они који улазе виде свјетлост."
Лука,8,17,"Јер нема ништа тајно што неће бити јавно, ни сакривено што се неће дознати и на видјело изићи."
Лука,8,18,"Пазите, дакле, како слушате; јер ко има даће му се, а ко нема, узеће се од њега и оно што мисли да има."
Лука,8,19,"Дођоше пак њему мати и браћа његова, и не могаху од народа да се састану с њим."
Лука,8,20,"И јавише му говорећи: Мати твоја и браћа твоја стоје напољу, и хоће да те виде."
Лука,8,21,А он одговарајући рече им: Мати моја и браћа моја они су који слушају ријеч Божију и извршују је.
Лука,8,22,"И догоди се једнога дана и уђе он и ученици његови у лађу, и рече им: Пређимо на ону страну језера. И пођоше."
Лука,8,23,"И док пловљаху, он заспа. И подиже се олуја на језеру, и вода надираше, и бијаху у опасности."
Лука,8,24,"И приступивши пробудише га говорећи: Учитељу, учитељу, изгибосмо! А он устаде, и запријети вјетру и валовима воденим, и престадоше и наста тишина."
Лука,8,25,"А њима рече: Гдје је вјера ваша? А они се уплашише, и чуђаху се говорећи један другоме: Ко је овај да и вјетровима и води заповиједа, и слушају га?"
Лука,8,26,И допловише у земљу Гадаринску која је према Галилеји.
Лука,8,27,"А кад он изиђе на земљу, срете га неки човјек из града у коме бијаху демони дуго времена, и у хаљине не облачаше се, и не живљаше у кући, него у гробовима."
Лука,8,28,"А кад видје Исуса, узвикнувши паде пред њим и из свега гласа рече: Шта хоћеш од мене, Исусе, Сине Бога Вишњега? Молим те, не мучи ме!"
Лука,8,29,"Јер он заповједи духу нечистоме да изиђе из човјека; јер га мучаше много година, и везиваху га веригама и ланцима чувајући га, и кидаше везе, и тјераше га демон по пустињама."
Лука,8,30,А Исус га запита говорећи: Како ти је име? А он рече: Легион; јер многи демони бијаху ушли у њега.
Лука,8,31,И мољаху га да им не заповједи да иду у бездан.
Лука,8,32,"А ондје пасијаше по гори велико крдо свиња, и мољаху га да им допусти да у њих уђу. И допусти им."
Лука,8,33,"А пошто изиђоше демони из човјека, уђоше у свиње; и јурну крдо са стрмени у језеро, и утопи се."
Лука,8,34,"А кад видјеше свињари шта се догодило, побјегоше и јавише у граду и по селима."
Лука,8,35,"И изиђоше да виде шта се десило, и дођоше Исусу, и нађоше човјека из кога бијаху изишли демони гдје сједи одјевен и присебан код ногу Исусових; и уплашише се."
Лука,8,36,"А они што бијаху видјели, обавијестише их како се спасе бјесомучни."
Лука,8,37,И мољаше га сав народ из околине гадаринске да оде од њих; јер бијаху обузети страхом великим. А он уђе у лађу и врати се.
Лука,8,38,А човјек из кога изиђоше демони мољаше га да би с њим био; али га Исус отпусти говорећи:
Лука,8,39,"Врати се дому своме, и казуј шта ти учини Бог. И отиде проповиједајући по свему граду шта му учини Исус."
Лука,8,40,"А кад се врати Исус, срете га народ, јер га сви очекиваху."
Лука,8,41,"И гле, дође човјек по имену Јаир, и он бјеше старјешина синагоге, и павши пред ноге Исусове, мољаше га да уђе у дом његов."
Лука,8,42,"Јер у њега бјеше јединица кћи око дванаест година, а она умираше. А кад иђаше Исус, народ се тискао око њега."
Лука,8,43,"И бјеше нека жена болесна од течења крви дванаест година, која је све своје имање потрошила на љекаре и ниједан је није могао излијечити;"
Лука,8,44,"И приступивши састраг, дотаче се скута хаљине његове, и одмах стаде течење крви њене."
Лука,8,45,"И рече Исус: Ко је то што ме се дотаче? А када сви одрицаху, рече Петар и који бијаху с њим: Наставниче, народ те опколио и гура те, а ти говориш: Ко је то што ме се дотаче?"
Лука,8,46,"А Исус рече: Неко ме се дотаче, јер ја осјетих силу која изиђе из мене."
Лука,8,47,"А кад видје жена да се није сакрила, приступи дрхтећи, и паде пред њим, и каза му пред свим народом зашто га се дотаче и како одмах оздрави."
Лука,8,48,"А он јој рече: Не бој се, кћери, вјера твоја спасла те је; иди у миру."
Лука,8,49,"Док он још говораше дође неко од старјешине синагоге и рече му: Умрла је кћи твоја, не труди Учитеља."
Лука,8,50,"А када чу Исус, одговори му говорећи: Не бој се, само вјеруј, и биће спасена."
Лука,8,51,"И дошавши у кућу, не допусти никоме да уђе осим Петру и Јовану и Јакову, и дјевојчином оцу и матери."
Лука,8,52,"И сви плакаху и јаукаху за њом. А он рече: Не плачите, није умрла него спава."
Лука,8,53,И подсмијеваху му се знајући да је умрла.
Лука,8,54,"А он изгнавши све, узе је за руку и зовну, говорећи: Дјевојко, устани."
Лука,8,55,"И поврати се дух њен, и устаде одмах; и он заповједи да јој даду да једе."
Лука,8,56,И задивише се веома родитељи њени. А он им заповједи да никоме не казују шта се догодило.
Лука,9,1,"Сазвавши пак Дванаесторицу ученика својих, даде им силу и власт над свим демонима, и да лијече од болести."
Лука,9,2,"И посла их да проповиједају Царство Божије, и да исцјељују болесне."
Лука,9,3,"И рече им: Ништа не узимајте на пут, ни штапа, ни торбе, ни хљеба ни новца, нити по двије хаљине да имате."
Лука,9,4,"И у коју кућу уђете, ондје остајте и оданде полазите."
Лука,9,5,"И који год вас не приме, излазећи из града онога, отресите и прах са ногу својих, за свједочанство против њих."
Лука,9,6,А они излазећи пролажаху по селима проповиједајући јеванђеље и лијечећи свуда.
Лука,9,7,"А Ирод четверовласник чу шта он чини, и бијаше у недоумици. Јер неки говораху да је Јован устао из мртвих;"
Лука,9,8,"А једни да се Илија појавио; други опет, да је васкрсао неки од старих пророка."
Лука,9,9,И рече Ирод: Јована ја посјекох; али ко је тај о коме слушам тако нешто? И настојаше да га види.
Лука,9,10,И вративши се апостоли испричаше му шта су учинили. И узевши их отиде насамо у мјесто пусто код града званог Витсаида.
Лука,9,11,"А кад народ сазнаде, пође за њим, и он их прими и говораше им о Царству Божијем и исцијели оне који требаху излијечења."
Лука,9,12,"А дан стаде нагињати. Тада приступише Дванаесторица и рекоше му: Отпусти народ, нека иду на конак у околна села и засеоке, и кек нађу хране, јер смо овдје у пустом мјесту."
Лука,9,13,А он им рече: Подајте им ви да једу. А они рекоше: У нас нема више од пет хљебова и двије рибе; сем да ми одемо и купимо хране за сав овај народ.
Лука,9,14,"Јер бијаше људи, око пет хиљада. Али он рече ученицима својим: Посадите их на скупине по педесет."
Лука,9,15,"И учинише тако, и посадише их све."
Лука,9,16,"А он узе оних пет хљебова и обје рибе, и погледавши на небо благослови их и преломи, и даваше ученицима да поставе народу."
Лука,9,17,"И једоше и наситише се сви, и накупише комада што им претече дванаест котарица."
Лука,9,18,"И када се једанпут мољаше Богу насамо, с њим бијаху ученици, и запита их говорећи: Шта говори народ ко сам ја?"
Лука,9,19,"А они одговарајући рекоше: Једни веле да си Јован Крститељ, а други да си Илија; други опет да је неки од древних пророка васкрсао."
Лука,9,20,А он им рече: А ви шта кажете ко сам ја? А Петар одговарајући рече: Христос Божији.
Лука,9,21,"А он им запријети и заповједи да то никоме не казују,"
Лука,9,22,"Рекавши да Сину Човјечијему треба много пострадати, и да ће га старјешине и првосвештеници и књижевници одбацити, и да ће бити убијен, и трећега дана да ће устати."
Лука,9,23,"А свима говораше: Ако ко хоће да иде за мном, нека се одрекне себе и узме крст свој и за мном иде."
Лука,9,24,"Јер ко хоће живот свој да сачува, изгубиће га; а ко изгуби живот свој мене ради, тај ће га сачувати."
Лука,9,25,Јер каква је корист човјеку ако сав свијет задобије а себе упропасти или себи науди?
Лука,9,26,Јер ко се постиди мене и мојих ријечи њега ће се Син Човјечији постидјети када дође у слави својој и Очевој и светих анђела.
Лука,9,27,А кажем вам заиста: Има неких међу овима што стоје овдје који неће окусити смрти док не виде Царства Божијега.
Лука,9,28,"А око осам дана послије ових ријечи, узе он Петра и Јована и Јакова и попе се на гору да се помоли Богу."
Лука,9,29,"И док се мољаше постаде изглед лица његовог другачији, и одијело његово бијело и блистајуће."
Лука,9,30,"И гле, два човјека говораху с њим, а то бијаху Мојсеј и Илија,"
Лука,9,31,"Који се показаше у слави, и говораху о исходу његовом који је имао да се испуни у Јерусалиму."
Лука,9,32,А Петар и они с њим бјеху савладани сном; али пробудивши се видјеше славу његову и два човјека што стајаху с њим.
Лука,9,33,"И кад се одвајаху они од њега, рече Петар Исусу: Учитељу, добро нам је овдје бити; да саградимо три сјенице: једну теби, и једну Мојсеју, и једну Илији, - не знајући шта говори."
Лука,9,34,А док он то говораше настаде облак и заклони их: и уплашише се када зађоше у облак.
Лука,9,35,"И чу се из облака глас који говораше: Ово је Син мој љубљени, њега слушајте."
Лука,9,36,"И када се чу глас, нађе се Исус сам. И они заћуташе и ником не објавише у оне дане ништа од онога што су видјели."
Лука,9,37,"А идући дан када сиђоше са горе, срете га мноштво народа."
Лука,9,38,"И гле, човјек из народа повика говорећи: Учитељу, молим те, погледај на сина мојега, јер ми је јединац;"
Лука,9,39,"И ево, хвата га дух и виче изненадно; и ломи га уз пјену, и једва се удаљи од њега пошто га изломи."
Лука,9,40,"И молих ученике твоје да га истјерају, па не могоше."
Лука,9,41,А Исус одговарајући рече: О роде невјерни и покварени! Докле ћу бити с вама и трпјети вас? Доведи амо сина својега.
Лука,9,42,"А још док он прилажаше стаде га демон кидати и ломити. А Исус запријети духу нечистоме, и исцјели дјечака, и предаде га оцу његовом."
Лука,9,43,И сви се веома дивљаху величанству Божијем.
Лука,9,44,Ставите ви у уши своје ове ријечи: Син Човјечији биће предан у руке људи.
Лука,9,45,А они не разумијеваху ову ријеч; јер бјеше сакривена од њих да је не схвате; и бојаху се да га запитају за ову ријеч.
Лука,9,46,А уђе помисао у њих ко би међу њима био већи.
Лука,9,47,"А Исус знајући помисао срца њихова, узе дијете и постави га крај себе,"
Лука,9,48,"И рече им: Који прими ово дијете у име моје, мене прима; а који мене прими, прима Онога који је мене послао; јер који је најмањи међу свима вама, тај је велики."
Лука,9,49,"А Јован одговарајући рече: Наставниче, видјесмо једнога гдје именом твојим изгони демоне, и забранисмо му, јер не иде с нама за тобом."
Лука,9,50,"И рече му Исус: Не забрањујте, јер није против вас; а ко није против вас, с вама је."
Лука,9,51,"И када се навршаваху дани његовог узлажења (на небо), он чврсто одлучи да иде у Јерусалим."
Лука,9,52,И посла гласнике пред собом; и они отидоше и дођоше у село самарјанско да припреме за њега.
Лука,9,53,"И не примише га, зато што он иђаше у Јерусалим."
Лука,9,54,"А кад видјеше ученици његови Јаков и Јован, рекоше: Господе, хоћеш ли да речемо да огањ сиђе с неба и да их истријеби, као и Илија што учини?"
Лука,9,55,А он окренувши се запријети им и рече: Не знате каквога сте ви духа.
Лука,9,56,Јер Син Човјечији не дође да погуби душе људске него да спасе. И отидоше у друго село.
Лука,9,57,"А кад они иђаху путем, рече му неко: Господе, ићи ћу за тобом куд год пођеш."
Лука,9,58,"А Исус му рече: Лисице имају јаме и птице небеске гнијезда, а Син Човјечији нема гдје главу склонити."
Лука,9,59,"А другоме рече: Хајде за мном! А он рече: Господе, допусти ми да прво одем да сахраним оца својега."
Лука,9,60,А Исус му рече: Остави нека мртви сахрањују своје мртваце; а ти хајде те објављуј Царство Божије.
Лука,9,61,"А и други рече: Господе, ићи ћу за тобом, али прво ми допусти да одем да се опростим са домаћима својим."
Лука,9,62,"А Исус му рече: Ниједан ко је метнуо руку своју на плуг па се обазире назад, није приправан за Царство Божије."
Лука,10,1,"А потом изабра Господ и друге, Седамдесеторицу, и посла их два по два пред лицем својим у сваки град и мјесто куда намјераваше сам ићи."
Лука,10,2,"И рече им: Жетве је много, а посленика мало: зато се молите господару жетве да изведе посленике на жетву своју."
Лука,10,3,Идите; ево ја вас шаљем као јагањце међу вукове.
Лука,10,4,"Не носите кесу ни торбу ни обућу, и никога не поздрављајте на путу."
Лука,10,5,У коју год кућу уђете најприје кажите: Мир дому овоме!
Лука,10,6,"И ако буде ондје син мира, остаће на њему мир ваш; ако ли не буде, вратиће се вама."
Лука,10,7,"А у тој кући будите, и једите и пијте што у њих има, јер је посленик достојан плате своје; не прелазите из куће у кућу."
Лука,10,8,"И у који год град уђете и приме вас, једите што вам се изнесе,"
Лука,10,9,"И исцјељујте болеснике који су у њему, и говорите им; Приближило вам се Царство Божије."
Лука,10,10,"И у који год град уђете и не приме вас, изишавши на тргове његове, реците:"
Лука,10,11,И прах што нам је прионуо од града вашега за ноге наше отресамо вам. Али ово знајте да вам се приближило Царство Божије!
Лука,10,12,Кажем вам да ће Содому бити лакше у Дан онај неголи граду томе.
Лука,10,13,"Тешко теби, Хоразине! Тешко теби, Витсаидо! Јер да су у Тиру и Сидону била чудеса што су била у вама, давно би се, сједећи у костријети и пепелу, покајали."
Лука,10,14,Али Тиру и Сидону биће лакше на Суду него вама.
Лука,10,15,"И ти, Капернауме, који си се до неба подигао, до ада ћеш се сурвати."
Лука,10,16,"Ко вас слуша, мене слуша, и ко се вас одриче, мене се одриче; а ко се мене одриче, одриче се Онога који је мене послао."
Лука,10,17,"Вратише се пак Седамдесеторица са радошћу говорећи: Господе, и демони нам се покоравају у име твоје."
Лука,10,18,А он им рече: Видјех сатану гдје паде са неба као муња.
Лука,10,19,"Ево вам дајем власт да стајете на змије и скорпије и на сву силу вражију, и ништа вам неће наудити."
Лука,10,20,"Али се томе не радујте што вам се духови покоравају, него се радујте што су имена ваша написана на небесима."
Лука,10,21,"У тај час обрадова се духом Исус и рече: Хвалим те, Оче, Господе неба и земље, што си ово сакрио од мудрих и разборитих, а открио то безазленима. Да, Оче, јер је тако била воља твоја."
Лука,10,22,"И окренувши се ученицима рече: Све је мени предао Отац мој, и нико не зна ко је Син, осим Оца, ни ко је Отац, осим Сина, и ако Син хоће коме открити."
Лука,10,23,И окренувши се ученицима насамо рече: Благо очима које виде што ви видите.
Лука,10,24,"Јер вам кажем да су многи пророци и цареви жељели видјети што ви видите, и не видјеше; и чути што ви чујете, и не чуше."
Лука,10,25,"И гле, законик неки устаде и кушајући га рече: Учитељу, шта ми треба чинити да наслиједим живот вјечни?"
Лука,10,26,А он му рече: Шта је написано у Закону? Како читаш?
Лука,10,27,"А он одговарајући рече: Љуби Господа Бога својега свим срцем својим, и свом душом својом, и свом снагом својом, и свим умом својим; и ближњега свога као самога себе."
Лука,10,28,А он му рече: Право си одговорио; то чини и живјећеш.
Лука,10,29,"А он, желећи себе да оправда, рече Исусу: А ко је ближњи мој?"
Лука,10,30,"А Исус одговарајући рече: Човјек неки силажаше из Јерусалима у Јерихон, и западе међу разбојнике, и ови га свукоше и ране му зададоше, па одоше, а њега полумртва оставише."
Лука,10,31,"Случајно пак силажаше оним путем неки свештеник и видјевши га, прође."
Лука,10,32,"А тако и левит, кад је био на оном мјесту, приступивши, погледа га и прође."
Лука,10,33,"А Самарјанин неки путујући дође до њега, па кад га видје сажали му се;"
Лука,10,34,"И приступивши зави му ране и зали уљем и вином; и посадивши га на своје кљусе, доведе га у гостионицу, и постара се око њега."
Лука,10,35,"И сутрадан полазећи извади два динара те даде гостионичару, и рече му: Побрини се за њега, а што више потрошиш ја ћу ти платити кад се вратим."
Лука,10,36,"Шта мислиш, дакле, који је од оне тројице био ближњи ономе што бјеше запао међу разбојнике?"
Лука,10,37,"А он рече: Онај који му милост учини. А Исус му рече: Иди, па и ти чини тако."
Лука,10,38,"А кад путоваху и он уђе у једно село, а жена нека, по имену Марта, прими га у кућу своју."
Лука,10,39,"И у ње бјеше сестра по имену Марија, која сједе код ногу Исусових и слушаше бесједу његову."
Лука,10,40,"А Марта се заузела да га што боље услужи, и приступивши му рече: Господе, зар ти не мариш што ме сестра моја остави саму да служим? Реци јој, дакле, да ми помогне."
Лука,10,41,"А Исус одговарајући рече јој: Марта, Марта, бринеш се и узнемираваш за много,"
Лука,10,42,А само је једно потребно. Али је Марија добри дио изабрала који јој се неће одузети.
Лука,11,1,"И када се он мољаше Богу на једном мјесту па престаде, рече му неки од ученика његових: Господе, научи нас молити се, као што и Јован научи ученике своје."
Лука,11,2,А он им рече: Када се молите говорите: и на земљи као на небу.
Лука,11,3,Хљеб наш насушни дај нам сваки дан;
Лука,11,4,"И опрости нам гријехе наше, јер и ми опраштамо свакоме дужнику својему; и не уведи нас у искушење; него нас избави од злога."
Лука,11,5,"И рече им: Који од вас има пријатеља и отиде му у поноћ и рече му: Пријатељу, дај ми три хљеба у зајам,"
Лука,11,6,Јер ми дође пријатељ с пута и немам чиме да га послужим.
Лука,11,7,"А он изнутра одговарајући да рече: Немој ме узнемиравати; већ су врата затворена, и дјеца су моја са мном у постељи; не могу устати да ти дам."
Лука,11,8,"Кажем вам: Ако и не устане да му даде зато што му је пријатељ, али за његову безочност устаће и даће колико му треба."
Лука,11,9,И ја вама кажем: Иштите и даће вам се; тражите и наћи ћете; куцајте и отвориће вам се.
Лука,11,10,"Јер сваки који иште, добија; и који тражи, налази; и који куца, отвара му се."
Лука,11,11,"Који је међу вама отац од кога ако син заиште хљеба, да му даде камен? Или ако заиште рибу, да му мјесто рибе даде змију?"
Лука,11,12,"Или ако заиште јаје, да му даде скорпију?"
Лука,11,13,"Када дакле ви, зли будући, умијете добре даре давати дјеци својој, колико ће више Отац ваш небески дати Духа Светога онима који ишту од њега?"
Лука,11,14,"И изгоњаше демона, и тај бјеше нијем; и кад изиђе демон, проговори нијеми; и дивљаше се народ."
Лука,11,15,"А неки од њих рекоше: Помоћу Веелзевула, кнеза демонскога, изгони демоне."
Лука,11,16,А други кушајући га искаху од њега знак са неба.
Лука,11,17,"А он знајући помисли њихове рече им: Свако царство које се раздијели само у себи, опустјеће, и дом који се раздијели сам у себи, пропашће."
Лука,11,18,"Ако се и сатана раздијели сам у себи, како ће опстати царство његово? Јер говорите да помоћу Веелзевула изгоним демоне."
Лука,11,19,"Ако ли ја помоћу Веелзевула изгоним демоне, синови ваши чијом помоћу изгоне? Зато ће вам они бити судије."
Лука,11,20,"А ако ли ја прстом Божијим изгоним демоне, дакле, стигло вам је Царство Божије."
Лука,11,21,"Кад се јаки наоружа и чува свој двор, имање је његово на миру."
Лука,11,22,"А када дође јачи од њега и надвлада га, узме све оружје његово у које се уздао, и раздијели што је заплијенио од њега."
Лука,11,23,"Који није са мном, против мене је; и који не сабира са мном, расипа."
Лука,11,24,"Кад нечисти дух изиђе из човјека, пролази кроз безводна мјеста тражећи покоја, и не налазећи говори: Вратићу се у дом свој откуда сам изишао."
Лука,11,25,И дошавши нађе пометен и украшен.
Лука,11,26,"Тада отиде и узме седам других духова горих од себе, и ушавши обитавају ондје; и потоње стање бива човјеку ономе горе од првога."
Лука,11,27,"А док он то говораше, подиже глас једна жена из народа и рече му: Блажена утроба која те је носила, и дојке које си сисао!"
Лука,11,28,"А он рече: Ваистину, блажени су они који слушају ријеч Божију и држе је."
Лука,11,29,"А народу који се скупљаше стаде говорити: Нараштај је овај зао нараштај; иште знак, и неће му се дати знак осим знака Јоне пророка."
Лука,11,30,"Јер као што Јона би знак Ниневљанима, тако ће и Син Човјечији бити знак нараштају овоме."
Лука,11,31,"Царица јужна устаће на суду с људима нараштаја овога, и осудиће их; јер она дође с краја земље да слуша мудрост Соломонову, а гле, овдје је већи од Соломона."
Лука,11,32,"Људи Ниневљани ће устати на суду с нараштајем овим, и осудиће га, јер се покајаше на проповијед Јонину, а гле, овдје је већи од Јоне."
Лука,11,33,"Нико пак не меће запаљену свјетиљку на скривено мјесто, нити под суд, него на свјећњак да виде свјетлост они који улазе."
Лука,11,34,"Свјетиљка тијелу је око. Ако, дакле, око твоје буде здраво, и све тијело твоје биће свијетло; ако ли око твоје буде кварно, и тијело ће твоје бити тамно."
Лука,11,35,"Пази, дакле, да свјетлост која је у теби не буде тама."
Лука,11,36,"Јер ако је све тијело твоје свијетло да нема ниједнога дијела тамна, биће свијетло цијело као кад те свјетиљка обасјава свјетлошћу."
Лука,11,37,"А кад он то говораше, мољаше га неки фарисеј да обједује код њега. А он ушавши сједе за трпезу."
Лука,11,38,А фарисеј се зачуди кад видје да се најприје не опра прије обједа.
Лука,11,39,"А Господ му рече. Сад ви фарисеји споља чистите чашу и здјелу, а изнутра сте пуни грабежа и злобе."
Лука,11,40,"Безумници, није ли онај начинио и изнутра који је начинио споља?"
Лука,11,41,"Али подајте милостињу од онога што је унутра; и гле, све ће вам бити чисто."
Лука,11,42,"Али тешко вама фарисејима што дајете десетак од метвице и руте и од свакога поврћа, а обилазите правду и љубав Божију: ово је требало чинити, и оно не изостављати."
Лука,11,43,Тешко вама фарисејима што волите зачеља по синагогама и поздраве на трговима.
Лука,11,44,"Тешко вама, књижевници и фарисеји, лицемјери, што сте као непримјетни гробови, те људи по њима одозго газе а не знају."
Лука,11,45,"А неки од законика одговарајући рече му: Учитељу, говорећи то и нас вријеђаш."
Лука,11,46,"А он рече: Тешко и вама законицима што товарите на људе бремена тешка за ношење, а ви ни једним прстом својим нећете да се прихватите бремена."
Лука,11,47,"Тешко вама што зидате гробнице пророцима, а ваши су их оцеви побили."
Лука,11,48,"Ви, дакле, свједочите и одобравате дјела отаца својих; јер их они побише, а ви им гробнице зидате."
Лука,11,49,"Зато и премудрост Божија рече: Послаћу им пророке и апостоле, и од њих ће једне побити, а друге протјерати;"
Лука,11,50,Да се иште од рода овога крв свију пророка проливена од постања свијета.
Лука,11,51,"Од крви Авељеве све до крви Захарије, који погибе између жртвеника и храма. Да, кажем вам, искаће се од рода овога."
Лука,11,52,"Тешко вама законицима, што узесте кључ од знања: сами не уђосте, а оне који би ушли спречисте."
Лука,11,53,"А док им он ово говораше, почеше књижевници и фарисеји жестоко да га нападају и да наваљују разним питањима,"
Лука,11,54,Вребајући га и тражећи не би ли што уловили из уста његових да би га окривили.
Лука,12,1,"Када се, међутим, сабра на хиљаде и хиљаде народа да стадоше газити једни друге, поче говорити најприје ученицима својим: Чувајте се квасца фарисејскога, а то је лицемјерје."
Лука,12,2,"А ништа није сакривено што се неће открити, ни тајно што се неће дознати."
Лука,12,3,"Зато, оно што у мраку рекосте, чуће се на видјелу; и што на ухо шаптасте у одајама, проповиједаће се на крововима."
Лука,12,4,"А кажем вама, пријатељима својим: Не бојте се оних који убијају тијело и потом не могу ништа више учинити."
Лука,12,5,"Него ћу вам указати кога да се бојите: Бојте се онога који, пошто убије, има власт бацити у пакао; да, кажем вам, њега се бојте."
Лука,12,6,Не продаје ли се пет врабаца за двије паре? И ниједан од њих није заборављен пред Богом.
Лука,12,7,А у вас је и свака длака на глави избројана. Не бојте се дакле; ви сте бољи од много врабаца.
Лука,12,8,"Него вам кажем: Који год призна мене пред људима, признаће и Син Човјечији њега пред анђелима Божијим;"
Лука,12,9,"А који се одрече мене пред људима, тога ћу се одрећи пред анђелима Божијим."
Лука,12,10,"И сваки који рече ријеч против Сина Човјечијега, опростиће му се, а који похули на Светога Духа неће му се опростити."
Лука,12,11,"А кад вас доведу у синагоге и пред началства и власти, не брините се како ћете или шта одговорити или шта ћете казати;"
Лука,12,12,Јер ће вас Свети Дух научити у онај час шта треба рећи.
Лука,12,13,"Рече му пак неко из народа: Учитељу, реци брату мојему да подијели са мном наслијеђе."
Лука,12,14,"А он му рече: Човјече, ко мене постави судијом или дјелитељем над вама?"
Лука,12,15,"А њима рече: Гледајте и чувајте се сваке грамзивости, јер нико не живи од имовине своје, што је сувише богат."
Лука,12,16,Каза им пак причу говорећи: У једнога богатог човјека роди њива.
Лука,12,17,"И размишљаше у себи говорећи: Шта да чиним, јер немам у шта сабрати љетину своју?"
Лука,12,18,И рече: Ово ћу учинити: срушићу житнице своје и саградићу веће; и ондје ћу сабрати сва жита моја и добра моја;
Лука,12,19,"И казаћу души својој: Душо; имаш многа добра сабрана за многе године; почивај, једи, пиј, весели се,"
Лука,12,20,"А Бог му рече: Безумниче, ове ноћи тражиће душу твоју од тебе; а оно што си припремио чије ће бити?"
Лука,12,21,"Тако бива ономе који себи тече благо, а не богати се Богом."
Лука,12,22,"А ученицима својим рече: Зато вам кажем: не брините се душом својом шта ћете јести, ни тијелом у шта ћете се одјенути;"
Лука,12,23,Душа је претежнија од јела и тијело од одијела.
Лука,12,24,"Погледајте гавране како не сију, нити жању, нити имају ризницу ни житницу, и Бог их храни. А колико сте ви претежнији од птица!"
Лука,12,25,А ко од вас бринући се може додати расту своме лакат један?
Лука,12,26,"Ако, дакле, не можете ни најмање, зашто се бринете за остало?"
Лука,12,27,"Погледајте кринове како расту: не труде се, нити преду; али вам кажем: ни Соломон у свој слави својој не обуче се као један од њих."
Лука,12,28,"Ако ли траву у пољу, која данас јесте, а сутра се у пећ баца, Бог тако одијева, колико ће више вас, маловјерни!"
Лука,12,29,"Ни ви не иштите шта ћете јести и шта ћете пити, и не узнемиравајте се."
Лука,12,30,Јер све ово траже незнабошци овога свијета; а Отац ваш зна да вама треба ово.
Лука,12,31,"Него иштите Царство Божије, и све ово ће вам се додати."
Лука,12,32,"Не бој се, мало стадо, јер би воља Оца вашега да вам даде Царство."
Лука,12,33,"Продајте што имате и дајте милостињу; начините себи кесе које неће овештати, ризницу на небесима која се неће испразнити, гдје се лопов не приближава, нити мољац квари."
Лука,12,34,Јер гдје је благо ваше ондје ће бити и срце ваше.
Лука,12,35,Нека буду бедра ваша опасана и свјетиљке запаљене.
Лука,12,36,"А ви слични људима који чекају господара својега, када ће се вратити са свадбе да му, чим дође и куцне, одмах отворе."
Лука,12,37,"Благо слугама оним које господар дошавши нађе будне. Заиста вам кажем да ће се опасати, и посадиће их, и приступиће те ће им служити."
Лука,12,38,"И ако дође у другу стражу, и у трећу стражу дође,и нађе их тако, благо слугама оним."
Лука,12,39,"Али ово знајте: кад би знао домаћин у који ће час доћи лопов, бдио би, и не би пустио да му поткопају кућу."
Лука,12,40,"И ви, дакле, будите спремни; јер у који час не мислите, доћи ће Син Човјечији,"
Лука,12,41,"А Петар му рече: Господе, говориш ли ову причу нама или свима?"
Лука,12,42,"А Господ рече: Ко је, дакле, тај вјерни и мудри управитељ, којега ће поставити господар над чељади својом да им даје оброк на вријеме?"
Лука,12,43,"Благо слуги ономе којега господар његов, дошавши, нађе да чини тако."
Лука,12,44,"Заиста вам кажем, над свим имањем својим поставиће га."
Лука,12,45,"Ако ли рече слуга тај у срцу својему: Неће мој господар још за дуго доћи; и стане бити слуге и слушкиње, и јести и пити, и опијати се;"
Лука,12,46,"Доћи ће господар тога слуге у дан кад не очекује, и у час кад не зна, и расјећи ће га. и дио његов метнуће с невјернима."
Лука,12,47,"А онај слуга који је знао вољу господара својега и није приправио нити учинио по вољи његовој, биће много бијен;"
Лука,12,48,"А који није знао. па је учинио што заслужује батине, биће мало бијен. А од свакога коме је много дано, много ће се и тражити: а коме је повјерено много, од њега ће се више искати."
Лука,12,49,Дођох да бацим огањ на земљу; и како бих желио да се већ запалио!
Лука,12,50,"Али се мени ваља крстити крштењем, и како ми је тешко док се то не изврши!"
Лука,12,51,"Мислите ли да сам дошао да мир дам на земљи? Не, кажем вам, него раздјељење."
Лука,12,52,"Јер од сада ће петоро у једној кући бити раздијељени: троје против двоје, и двоје против троје."
Лука,12,53,Одијелиће се отац од сина и син од оца; мати од кћери и кћи од матере; биће свекрва против снахе своје и снаха против свекрве своје.
Лука,12,54,"А и народу говораше: Кад видите облак гдје се диже од запада, одмах кажете: Долази пљусак; и бива тако."
Лука,12,55,И кад видите гдје југо дува кажете: Биће жега; и бива.
Лука,12,56,"Лицемјери, лице неба и земље умијете распознавати, а вријеме ово како не распознајете?"
Лука,12,57,А зашто и сами од себе не судите оно што је праведно?
Лука,12,58,"Јер кад идеш са супарником својим поглавару, потруди се да се још на путу избавиш од њега, да те не одвуче судији, и судија да те не преда тамничару, а тамничар да те не баци у тамницу."
Лука,12,59,Кажем ти: Нећеш изићи оданде док не даш и посљедњу пару.
Лука,13,1,У то пак вријеме дођоше неки и казаше му за Галилејце чију крв Пилат помијеша са жртвама њиховим.
Лука,13,2,"И одговарајући Исус рече им: Мислите ли да су ти Галилејци били грјешнији од свију Галилејаца, кад су тако пострадали?"
Лука,13,3,"Нису, кажем вам, него ако се не покајете, сви ћете тако изгинути."
Лука,13,4,"Или оних осамнаест што на њих паде кула у Силоаму и поби их, мислите ли да су они кривљи били од свију људи што живе у Јерусалиму?"
Лука,13,5,"Нису, кажем вам, него ако се не покајете, сви ћете тако изгинути."
Лука,13,6,"Каза пак ову причу: Неко имађаше смокву посађену у своме винограду, и дође да тражи рода на њој, и не нађе."
Лука,13,7,"Онда рече виноградару: Ево три године како долазим и тражим рода на овој смокви, и не налазим. Посијеци је! Зашто и земљу да слаби?"
Лука,13,8,"А он одговарајући рече му: Господару, остави је и ове године док окопам око ње и метнем ђубриво."
Лука,13,9,"Па ће можда родити; ако ли не, посјећи ћеш је доцније."
Лука,13,10,А учаше у једној синагоги суботом.
Лука,13,11,"И гле, бјеше ондје жена која имађаше духа немоћи осамнаест година, и бјеше згрчена, и не могаше се никако усправити."
Лука,13,12,"А кад је видје Исус, призва је и рече јој: Жено, ослобођена си од немоћи своје."
Лука,13,13,"И стави на њу руке, и одмах се усправи и слављаше Бога."
Лука,13,14,"А старјешина синагоге, негодујући што је Исус исцијели у суботу, одговоривши рече народу: Шест је дана у које треба радити; у ове, дакле, долазите те се лијечите, а не у дан суботни."
Лука,13,15,"А Господ му одговори и рече: Лицемјере, сваки од вас не одрјешује ли у суботу својега вола или магарца од јасала и води да напоји?"
Лука,13,16,"А ову, кћер Авраамову, коју свеза сатана ево осамнаест година, не требаше ли одријешити од ове свезе у дан суботни?"
Лука,13,17,И док он ово говораше стиђаху се сви који му се противљаху; а сав народ радоваше се за сва славна дјела што их он чињаше.
Лука,13,18,"А он говораше: Чему је слично Царство Божије, и са чиме ћу га упоредити?"
Лука,13,19,"Слично је зрну горушичном, које узевши човјек баци у врт свој, и узрасте и поста дрво велико, и птице небеске настанише се на гранама његовим."
Лука,13,20,Опет рече: Са чиме ћу упоредити Царство Божије?
Лука,13,21,"Слично је квасцу који узе жена и покри га у три копање брашна, док не ускисе све."
Лука,13,22,И пролажаше по градовима и селима учећи и идући у Јерусалим.
Лука,13,23,"Рече му пак неко: Господе, Је ли мало оних који се спасавају? А он им рече:"
Лука,13,24,Борите се да уђете на уска врата; јер вам кажем: многи ће тражити да уђу и неће моћи.
Лука,13,25,"Кад устане домаћин и затвори врата, и почнете напољу стајати и куцати у врата говорећи: Господе, Господе, отвори нам! И одговарајући рећи ће вам: Не познајем вас откуда сте."
Лука,13,26,"Тада ћете почети да говорите: Једосмо пред тобом и писмо, и по трговима нашим учио си."
Лука,13,27,"А он ће рећи: Кажем вам, не познајем вас откуда сте. Одступите од мене сви који чините неправду!"
Лука,13,28,"Ондје ће бити плач и шкргут зуба, кад видите Авраама и Исака и Јакова и све пророке у Царству Божијем, а себе напољу истјеране."
Лука,13,29,И доћи ће од истока и запада и од сјевера и југа и сјешће за трпезу у Царству Божијем.
Лука,13,30,"И гле, има посљедњих који ће бити први, и има првих који ће бити посљедњи."
Лука,13,31,"У тај дан приступише неки фарисеји говорећи му: Изиђи и иди одавде, јер Ирод хоће да те убије."
Лука,13,32,"И рече им: Идите и кажите тој лисици: Ево изгоним демоне и вршим исцјељења данас и сутра, а трећи дан завршићу."
Лука,13,33,Али данас и сутра и прекосутра треба ми ићи; јер пророк не може погинути изван Јерусалима.
Лука,13,34,"Јерусалиме, Јерусалиме, који убијаш пророке и каменујеш послане теби, колико пута хтједох да саберем чеда твоја као кокош пилиће своје под крила, и не хтједосте!"
Лука,13,35,"Ето, оставља вам се дом ваш пуст. А кажем вам: нећете ме видјети док не дође да речете: Благословен који долази у име Господње!"
Лука,14,1,И догоди се да уђе у суботу у дом једног од старјешина фарисејских да једе хљеб; и они мотраху на њега.
Лука,14,2,"И гле, бјеше пред њим неки човјек који имаше водену болест."
Лука,14,3,И одговарајући Исус рече законицима и фарисејима говорећи: Је ли допуштено у суботу лијечити? А они оћуташе.
Лука,14,4,"И он га се дохвати, исцијели га и отпусти."
Лука,14,5,"И одговарајући рече им: Који од вас не би својега магарца или вола, да упадне у бунар, одмах извадио у дан суботни?"
Лука,14,6,И не могоше му одговорити на то.
Лука,14,7,"А званицама каза причу, кад опази како избираху зачеља, и рече им:"
Лука,14,8,"Кад те ко позове на свадбу, не сједај у зачеље, да не буде међу званицама неко угледнији од тебе;"
Лука,14,9,"И да не дође онај који је позвао и тебе и њега, и рекне ти: Подај мјесто овоме. И онда ћеш са стидом поћи да заузмеш посљедње мјесто."
Лука,14,10,"Него кад будеш позван, дошавши сједи на посљедње мјесто, да ти онај који те је позвао рече када дође: Пријатељу, помакни се навише. Тада ће ти бити част пред онима који сједе с тобом за трпезом."
Лука,14,11,"Јер сваки који себе узвисује понизиће се, а који себе понизује узвисиће се."
Лука,14,12,"А и ономе што га је позвао рече: Када дајеш ручак или вечеру, не зови пријатеље своје, ни браћу своју, ни рођаке своје, ни богате сусједе, да не би онда и они тебе позвали и вратили ти."
Лука,14,13,"Него кад чиниш гозбу, зови сиромахе, богаље, хроме, слијепе;"
Лука,14,14,И блажен ћеш бити што ти они немају чиме вратити; него ће ти се вратити о васкрсењу праведних.
Лука,14,15,"А када то чу неки од оних што сјеђаху с њима за трпезом, рече му: Блажен је онај који буде јео објед у Царству Божијем!"
Лука,14,16,А он му рече: Неки човјек зготови велику вечеру и позва многе.
Лука,14,17,"И у вријеме вечере, посла слугу својега да каже званицама: Дођите, јер је већ све готово."
Лука,14,18,"И почеше се сви редом изговарати. Први му рече: Купих њиву и морам изићи да је видим; молим те, изговори ме."
Лука,14,19,"И други рече: Купих пет јармова волова, и идем да их огледам; молим те, изговори ме."
Лука,14,20,"И трећи рече: Ожених се, и зато не могу доћи."
Лука,14,21,"И дошавши слуга тај, јави ово господару своме. Тада се разгњеви домаћин и рече слуги своме: Изиђи брзо на тргове и улице градске, и доведи амо сиромахе, и богаље и хроме, и слијепе."
Лука,14,22,"И рече слуга: Господару, учињено је како си заповједио, и још има мјеста."
Лука,14,23,"И рече господар слуги: Изиђи на путеве и међу ограде, и приволи их да уђу да ми се напуни дом."
Лука,14,24,"Јер вам кажем да ниједан од оних званих људи неће окусити моје вечере. Јер је много званих, али је мало изабраних."
Лука,14,25,"Иђаше пак с њиме мноштво народа, и обазревши се рече им:"
Лука,14,26,"Ако неко дође мени и не мрзи оца својега, и матер, и жену, и дјецу, и браћу, и сестре, па и живот свој, не може бити мој ученик."
Лука,14,27,"И ко не носи крста својега и за мном не иде, не може бити мој ученик."
Лука,14,28,"Јер ко од вас, кад хоће да зида кулу, не сједне најприје да прорачуна издатке, да ли може довршити?"
Лука,14,29,"Да не би, кад постави темељ па не могне довршити, сви који гледају стали му се ругати."
Лука,14,30,"Говорећи: Овај човјек поче зидати, па не може да доврши."
Лука,14,31,"Или који цар, кад пође у рат да се сукоби са другим царем, не сједне најприје и не посавјетује се да ли је моћан срести са десет хиљада онога што иде на њега са двадесет хиљада?"
Лука,14,32,"Ако ли није, он пошаље изасланство док је онај још далеко и моли за мир."
Лука,14,33,"Тако, дакле, сваки од вас који се не одрече свега што има, не може бити мој ученик."
Лука,14,34,"Со је добра, али ако и со обљутави, чиме ће се осолити?"
Лука,14,35,"Није погодна ни за земљу ни за гнојиво, него је проспу напоље. Ко има уши да чује, нека чује!"
Лука,15,1,А приближаваху му се сви цариници и грјешници да га чују.
Лука,15,2,А фарисеји и књижевници гунђаху говорећи: Овај прима грјешнике и једе с њима.
Лука,15,3,А он им каза причу ову говорећи:
Лука,15,4,"Који човјек од вас, имајући сто оваца и изгубивши једну од њих, не остави деведесет и девет у пустињи и не иде за изгубљеном док је не нађе?"
Лука,15,5,"И кад је нађе, метне је на рамена своја радујући се,"
Лука,15,6,"И дошавши дома, сазове пријатеље и сусједе говорећи им: Радујте се са мном, јер нађох овцу своју изгубљену."
Лука,15,7,"Кажем вам да ће тако бити већа радост на небу због једнога грјешника који се каје, неголи за деведесет и девет праведника који немају потребе за покајањем."
Лука,15,8,"Или која жена, имајући десет драхми, ако изгуби једну драхму, не запали свјетиљку и не помете кућу и не тражи пажљиво док не нађе?"
Лука,15,9,"И нашавши сазове пријатељице и сусјетке, говорећи: Радујте се са мном јер нађох драхму коју изгубих."
Лука,15,10,"Тако, кажем вам, бива радост пред анђелима Божијим због једнога грјешника који се каје."
Лука,15,11,"И рече: Човјек неки имађаше два сина,"
Лука,15,12,"И рече млађи од њих оцу: Оче, дај ми дио имања што припада мени. И он им подијели имање."
Лука,15,13,"И послије неколико дана покупи млађи син све своје, и отиде у земљу далеку, и онамо просу имање своје живећи развратно."
Лука,15,14,"А кад потроши све, настаде велика глад у земљи оној, и он поче оскудијевати."
Лука,15,15,"И отишавши приби се код једнога житеља оне земље, и он га посла у поље своје да чува свиње."
Лука,15,16,"И жељаше напунити трбух свој рошчићима које свиње јеђаху, и нико му не даваше."
Лука,15,17,"А кад дође себи, рече: Колико најамника у оца мога имају хљеба исувише, а ја умирем од глади!"
Лука,15,18,"Уставши отићи ћу оцу својему, па ћу му рећи: Оче, сагријеших небу и теби,"
Лука,15,19,И више нисам достојан назвати се сином твојим: прими ме као једнога од најамника својих.
Лука,15,20,"И уставши отиде оцу својему. А кад је још подалеко био, угледа га отац његов и сажали му се, и потрчавши загрли га и пољуби."
Лука,15,21,"А син му рече: Оче, сагријеших небу и теби, и више нисам достојан назвати се сином твојим."
Лука,15,22,"А отац рече слугама својим: Изнесите најљепшу хаљину и обуците га, и подајте му прстен на руку и обућу на ноге."
Лука,15,23,"И доведите теле угојено те закољите, да једемо и да се веселимо."
Лука,15,24,"Јер овај син мој бјеше мртав, и оживје; и изгубљен бјеше, и нађе се. И стадоше се веселити."
Лука,15,25,"А син његов старији бијаше у пољу и долазећи, када се приближи кући, чу пјевање и играње."
Лука,15,26,И дозвавши једнога од слугу питаше: Шта је то?
Лука,15,27,А он му рече: Брат је твој дошао; и отац твој закла теле угојено што га је здрава дочекао.
Лука,15,28,А он се расрди и не хтједе да уђе. Тада изиђе отац његов и мољаше га.
Лука,15,29,"А он одговарајући рече оцу: Ето служим те толико година и никад не преступих заповијест твоју, па мени никад ниси дао ни јарета да бих се провеселио са пријатељима својим."
Лука,15,30,"А када дође тај твој син, који је расуо имање твоје са блудницама, заклао си му теле угојено."
Лука,15,31,"А он му рече: Чедо, ти си свагда са мном, и све моје јесте твоје."
Лука,15,32,"Требало је развеселити се и обрадовати, јер овај брат твој мртав бјеше, и оживје; и изгубљен бјеше, и нађе се."
Лука,16,1,"А ученицима својим говораше: Човјек неки бјеше богат и имаше управитеља, а овај би оклеветан код њега, да му расипа имање."
Лука,16,2,"И дозвавши га рече му: Шта то чујем за тебе? Положи рачун како си управљао домом, јер више не можеш њиме управљати."
Лука,16,3,"А управитељ дома рече у себи: Шта да радим, јер господар мој одузима од мене управу? Копати не могу, просити стидим се."
Лука,16,4,Знам шта ћу радити да би ме примили у домове своје кад ми се одузме управљање.
Лука,16,5,"И дозвавши редом дужнике господара својега, рече првоме: Колико ти дугујеш господару мојему?"
Лука,16,6,А он рече: Сто мјера уља. И рече му: Узми признаницу своју и сједи те брзо напиши педесет.
Лука,16,7,"Потом рече другоме: А ти, колико дугујеш? А он рече: Сто врећа пшенице. И рече му: Узми признаницу своју и напиши осамдесет."
Лука,16,8,И похвали господар неправедног управитеља што вјешто учини; јер су синови овога вијека вјештији од синова свјетлости у своме нараштају.
Лука,16,9,И ја вама кажем: Начините себи пријатеље богатством неправедним да би вас кад осиромашите примили у вјечна обиталишта.
Лука,16,10,Који је вјеран у најмањем и у многом је вјеран; и ко је неправедан у најмањем и у многом је неправедан.
Лука,16,11,"Ако, дакле, у неправедном богатству вјерни не бисте, ко ће вам повјерити истинско?"
Лука,16,12,"И ако у туђем не бисте вјерни, ко ће вам дати ваше?"
Лука,16,13,"Ниједан слуга не може два господара служити; јер, или ће једнога мрзити а другога вољети, или ће се једнога држати а другога презирати. Не можете служити Богу и мамону."
Лука,16,14,"А ово све слушаху и фарисеји, који бијаху среброљупци, и ругаху му се."
Лука,16,15,"И рече им: Ви сте они који се правите праведни пред људима, али Бог зна срца ваша; јер што је у људи високо, гадост је пред Богом."
Лука,16,16,"Закон и Пророци су до Јована; од тада се Царство Божије благовијести, и сваки се труди да уђе у њега."
Лука,16,17,А лакше је небу и земљи проћи неголи једној цртици из Закона пропасти.
Лука,16,18,"Сваки који отпушта жену своју и узима другу, прељубу чини; и сваки који се жени распуштеницом, прељубу чини."
Лука,16,19,"Човјек пак неки бјеше богат и облачаше се у скерлет и у свилу, и сјајно се весељаше сваки дан."
Лука,16,20,"А бјеше неки сиромах, по имену Лазар, који лежаше пред вратима његовим гнојав,"
Лука,16,21,И жељаше да се насити мрвама које падаху са трпезе богатога; а још и пси долажаху и лизаху гној његов.
Лука,16,22,"А кад умрије сиромах, однесоше га анђели у наручје Авраамово; а умрије и богаташ, и сахранише га."
Лука,16,23,"И у паклу, налазећи се у мукама, подиже очи своје и угледа издалека Авраама и Лазара у наручју његову."
Лука,16,24,"И он повика и рече: Оче Аврааме, смилуј се на ме и пошаљи Лазара нека умочи у воду врх од прста својега да ми расхлади језик; јер се мучим у овоме пламену."
Лука,16,25,"А Авраам рече: Синко, сјети се да си ти примио добра своја у животу своме, а тако и Лазар зла; сада пак он се тјеши, а ти се мучиш."
Лука,16,26,"И поврх свега тога, постављена је међу нама и вама провалија велика, да они који би хтјели одовуд к вама пријећи, не могу; нити они отуда к нама прелазе."
Лука,16,27,"Тада рече: Молим те пак, оче, да га пошаљеш дому оца мојега;"
Лука,16,28,Јер имам петорицу браће: нека им посвједочи да не би и они дошли на ово мјесто мучења.
Лука,16,29,"Рече му Авраам: Имају Мојсеја и пророке, нека њих слушају."
Лука,16,30,"А он рече: Не, оче Аврааме, него ако им дође неко из мртвих, покајаће се."
Лука,16,31,"А он му рече: Ако не слушају Мојсеја и пророке, ако неко и из мртвих васкрсне, неће се увјерити."
Лука,17,1,А и ученицима својим говораше: Није могуће да не дођу саблазни; али тешко ономе преко кога долазе.
Лука,17,2,"Боље би му било да му се воденични камен објеси о врат и да га баце у море, него да саблазни једнога од ових малих."
Лука,17,3,"Пазите на себе! А ако ти сагријеши брат твој, покарај га; па ако се покаје, опрости му."
Лука,17,4,"И ако ти седам пута на дан сагријеши, и седам пута обрати се теби и рече: кајем се, опрости му."
Лука,17,5,И рекоше апостоли Господу: Дометни нам вјере!
Лука,17,6,"А Господ рече: Кад бисте имали вјере колико зрно горушично, рекли бисте овоме дуду: Ишчупај се и усади се у море! - и послушао би вас."
Лука,17,7,"А који ће од вас, ако има слугу који оре или који чува стадо, када дође из поља, рећи му: Ходи и одмах сједи за трпезу?"
Лука,17,8,"Зар му неће рећи: Уготови нешто да вечерам и опаши се те ми служи док једем и пијем, па послије ти једи и пиј?"
Лука,17,9,Еда ли ће он захвалити слуги томе кад учини што му је заповјеђено? Не сматрам.
Лука,17,10,"Тако и ви кад извршите све што вам је заповјеђено, говорите: Ми смо непотребне слуге, јер смо учинили што смо дужни учинити."
Лука,17,11,"И кад он иђаше у Јерусалим, пролажаше између Самарије и Галилеје."
Лука,17,12,"И кад улажаше у једно село, сретоше га десет губавих људи, који стадоше издалека,"
Лука,17,13,"И подигоше глас говорећи: Исусе, Учитељу, помилуј нас!"
Лука,17,14,"И видјевши их, рече им: Идите и покажите се свештеницима. И догоди се, док одлажаху, да се очистише."
Лука,17,15,"А један од њих, видјевши да је излијечен, врати се славећи Бога из свега гласа."
Лука,17,16,И паде ничице пред ноге његове и заблагодари му. И тај бјеше Самарјанин.
Лука,17,17,А Исус одговарајући рече: Зар се не очистише десеторица? А гдје су деветорица?
Лука,17,18,"Како се не нађе ниједан други да се врати и даде славу Богу, него само овај иноплеменик?"
Лука,17,19,И рече му: Устани и иди; вјера твоја спасла те је.
Лука,17,20,"А упитан од фарисеја, када ће доћи Царство Божије, он им одговори и рече: Царство Божије не долази на видљив начин."
Лука,17,21,"Нити ће се рећи: Ево га овдје, или: ено га ондје; јер гле, Царство Божије унутра је у вама."
Лука,17,22,"А ученицима рече: Доћи ће дани када ћете зажељети да видите један од дана Сина Човјечијега, и нећете видјети."
Лука,17,23,"И рећи ће вам: ево га овдје, или: ено га ондје; али не одлазите нити тамо јурите!"
Лука,17,24,"Јер као што муња сине с неба, и обасја све што је под небом, тако ће бити и Син Човјечији у Дан свој."
Лука,17,25,"Али му најприје треба много пострадати, и одбачену бити од рода овога."
Лука,17,26,И како бјеше у дане Нојеве онако ће бити и у дане Сина Човјечијега:
Лука,17,27,"Јеђаху, пијаху, жењаху се, удаваху се до онога дана кад Ноје уђе у ковчег, и дође потоп и погуби све."
Лука,17,28,"Слично као што бјеше у дане Лотове: јеђаху, пијаху, куповаху, продаваху, сађаху, зидаху."
Лука,17,29,"А у дан кад изиђе Лот из Содома, удари огањ и сумпор са неба и погуби све."
Лука,17,30,Тако ће бити и у онај Дан када се појави Син Човјечији.
Лука,17,31,"У онај Дан ко буде на крову, а покућство његово у кући, нека не силази да га узме; а тако и онај у пољу, нека се не враћа натраг."
Лука,17,32,Сјећајте се жене Лотове.
Лука,17,33,"Ако неко настоји да сачува живот свој, изгубиће га; а који га изгуби, оживјеће га."
Лука,17,34,"Кажем вам: У ону ноћ два ће бити на једној постељи, један ће се узети а други оставити;"
Лука,17,35,"Двије ће мљети заједно, једна ће се узети а друга оставити;"
Лука,17,36,"Два ће бити на њиви, један ће се узети а други ће се оставити."
Лука,17,37,"И одговарајући рекоше му: Гдје, Господе? А он им рече: Гдје је труп ондје ће се и орлови сабрати."
Лука,18,1,"Каза им пак и причу како треба свагда да се моле, и да не клону,"
Лука,18,2,Говорећи: У некоме граду бијаше некакав судија који се Бога не бојаше и људи не стиђаше.
Лука,18,3,"А у ономе граду бијаше једна удовица, и она долажаше к њему говорећи: Одбрани ме од супарника мојега."
Лука,18,4,"И не хтједе задуго. А најпослије рече у себи: Ако се и не бојим Бога и људи не стидим,"
Лука,18,5,"Но будући да ми досађује ова удовица, одбранићу је, да ми једнако не долази и не додијава."
Лука,18,6,И рече Господ: Чујте шта говори неправедни судија!
Лука,18,7,"А зар Бог неће одбранити изабранике своје који му вапију дан и ноћ, и зар ће оклијевати?"
Лука,18,8,"Кажем вам да ће их убрзо одбранити. Али Син Човјечији када дође, хоће ли наћи вјеру на земљи?"
Лука,18,9,"А и некима који бијаху увјерени за себе да су праведни, а остале ниподаштаваху, каза причу ову:"
Лука,18,10,"Два човјека уђоше у храм да се моле Богу, један фарисеј а други цариник."
Лука,18,11,"Фарисеј стаде и мољаше се у себи овако: Боже, хвала ти што нисам као остали људи: грабљивци, неправедници, прељубници или као овај цариник."
Лука,18,12,Постим двапут у седмици; дајем десетак од свега што стекнем.
Лука,18,13,"А цариник издалека стајаше, и не хтједе ни очију уздигнути небу, него се бијаше у прса своја говорећи: Боже, милостив буди мени грјешноме!"
Лука,18,14,"Кажем вам, овај отиде оправдан дому своме, а не онај. Јер сваки који себе узвисује понизиће се, а који себе понизује узвисиће се."
Лука,18,15,"А доношаху му и дјечицу да их се дотакне; а кад видјеше ученици, забранише им."
Лука,18,16,"А Исус дозвавши их рече: Пустите дјецу нека долазе к мени, и не спречавајте их; јер таквих је Царство Божије."
Лука,18,17,Заиста вам кажем: Који не прими Царство Божије као дијете неће ући у њега.
Лука,18,18,"И запита га неки кнез говорећи: Учитељу благи, шта да учиним па да наслиједим живот вјечни?"
Лука,18,19,А Исус му рече: Што ме зовеш благим? Нико није благ осим једнога Бога.
Лука,18,20,Заповијести знаш: Не чини прељубу; не убиј; не укради; не свједочи лажно; поштуј оца својега и матер своју.
Лука,18,21,А он рече: Све сам ово сачувао од младости своје.
Лука,18,22,"А када то чу Исус, рече му: Још ти једно недостаје: продај све што имаш и раздај сиромасима; и имаћеш благо на небу; па хајде за мном."
Лука,18,23,"А кад он то чу, постаде жалостан; јер бјеше веома богат."
Лука,18,24,"А кад га Исус видје да постаде жалостан, рече: Како је тешко онима који имају богатство ући у Царство Божије!"
Лука,18,25,Јер лакше је камили проћи кроз иглене уши неголи богатоме ући у Царство Божије.
Лука,18,26,А они који чуше рекоше: Па ко се може спасти?
Лука,18,27,А он рече: Што је људима немогуће Богу је могуће.
Лука,18,28,"Петар пак рече: Ето, ми смо оставили све и пођосмо за тобом."
Лука,18,29,"А он им рече: Заиста вам кажем: нема никога који је оставио кућу, или родитеље, или браћу, или сестре, или жену, или дјецу ради Царства Божијега,"
Лука,18,30,Који неће примити многоструко у ово вријеме и у долазећем вијеку живот вјечни.
Лука,18,31,"Узе пак Дванаесторицу и рече им: Ево идемо горе у Јерусалим, и све ће се свршити што су пророци писали за Сина Човјечијега."
Лука,18,32,"Јер ће бити предан незнабошцима и ругаће му се, и мучиће га и попљуваће га."
Лука,18,33,"И пошто га ишибају убиће га, и трећег дана васкрснуће."
Лука,18,34,"А они ништа од тога не схватише и ова ријеч бјеше сакривена од њих, и не разумјеше шта им се говори."
Лука,18,35,"А када се приближаваше Јерихону, слијепац неки сјеђаше крај пута просећи."
Лука,18,36,"Па када чу како народ пролази, распитиваше: Шта је то?"
Лука,18,37,И казаше му да Исус Назарећанин пролази.
Лука,18,38,"И повика говорећи: Исусе, сине Давидов, помилуј ме!"
Лука,18,39,"А они што иђаху напријед кораху га да ућути, а он још јаче викаше: Сине Давидов, помилуј ме!"
Лука,18,40,"А Исус стаде и заповједи да му га доведу; а кад му се приближи, запита га"
Лука,18,41,"Говорећи: Шта хоћеш да ти учиним? А он рече: Господе, да прогледам."
Лука,18,42,А Исус му рече: Прогледај! Вјера твоја спасла те је.
Лука,18,43,"И одмах прогледа, и пође за њим славећи Бога. И сав народ који видје даде хвалу Богу."
Лука,19,1,"И ушавши у Јерихон, пролажаше кроз њега."
Лука,19,2,"И гле, човјек звани именом Закхеј, и он бјеше старјешина цариника, и бјеше богат."
Лука,19,3,"И тражаше да види Исуса ко је он; и не могаше од народа, јер бјеше малога раста."
Лука,19,4,"И он потрчавши напријед, попе се на дивљу смокву да га види; јер је поред ње требало да прође."
Лука,19,5,"А кад Исус дође на оно мјесто, погледавши горе, видје га и рече му: Закхеју, сиђи брзо; јер ми данас ваља бити у дому твоме."
Лука,19,6,И сиђе брзо; и прими га радујући се.
Лука,19,7,"И сви који видјеше негодоваху, говорећи како уђе да гостује код грјешнога човјека."
Лука,19,8,"А Закхеј стаде и рече Господу: Господе, ево пола имања свога даћу сиромасима, и ако кога нечим оштетих, вратићу четвороструко."
Лука,19,9,А Исус му рече: Данас дође спасење дому овоме; јер и ово је син Авраамов.
Лука,19,10,Јер Син Човјечији дође да потражи и спасе изгубљено.
Лука,19,11,"А кад они то слушаху, настави казивати причу; јер он бјеше близу Јерусалима, и они мишљаху да ће се одмах појавити Царство Божије."
Лука,19,12,"Рече дакле: Човјек неки племенита рода отиде у даљну земљу да прими себи царство, па да се врати."
Лука,19,13,"Дозвавши пак десет својих слугу, даде им десет кеса сребра и каза им: Тргујте док се не вратим."
Лука,19,14,"А његови грађани мрзели су га, и послаше за њим изасланство говорећи: Нећемо да он царује над нама."
Лука,19,15,"И догоди се, када се он вратио примивши царство, рече да му дозову оне слуге којима даде сребро, да види шта је који зарадио."
Лука,19,16,"И дође први говорећи: Господару, кеса твоја донесе десет кеса."
Лука,19,17,"И рече му: Добро, добри слуго; за то што си у најмањем био вјеран, ево ти власт над десет градова."
Лука,19,18,"И дође други говорећи: Господару, кеса твоја донесе пет кеса."
Лука,19,19,А он рече и њему: И ти буди над пет градова.
Лука,19,20,"И трећи дође говорећи: Господару, ево твоја кеса коју сам држао завезану у убрусу;"
Лука,19,21,"Јер сам се бојао тебе, зато што си човјек строг: узимаш што ниси оставио, и жањеш што ниси сијао, и сабираш гдје ниси вијао."
Лука,19,22,"А он му рече: По твојим ћу ти ријечима судити, зли слуго! Знао си да сам ја човјек строг. који узимам што нисам оставио, и жањем што нисам сијао, и сабирам гдје нисам вијао."
Лука,19,23,"Па зашто ниси дао сребро моје у мјењачницу, и дошавши ја бих га примио са добитком?"
Лука,19,24,И рече присутнима: Узмите од њега кесу и подајте ономе што има десет кеса.
Лука,19,25,"И рекоше му: Господару, он има десет кеса."
Лука,19,26,"Кажем вам пак: Свакоме који има даће се; а од онога који нема, узеће се и оно што има."
Лука,19,27,"А оне непријатеље моје који нису хтјели да ја царујем над њима, доведите амо, и исијеците их преда мном."
Лука,19,28,И рекавши ово Исус пође напријед идући навише у Јерусалим.
Лука,19,29,"А када се приближи Витфаги и Витанији, код горе назване Маслинска, посла двојицу ученика својих,"
Лука,19,30,"Рекавши: Идите у село што је према вама, и када уђете у њега, наћи ћете магаре привезано на које никада нико од људи није усједао; одријешите га и доведите."
Лука,19,31,И ако вас ко упита: Зашто дријешите? овако му кажите: Оно треба Господу.
Лука,19,32,"А кад отидоше послани, нађоше као што им каза."
Лука,19,33,"А кад они дријешаху магаре, рекоше им господари његови: Што дријешите магаре?"
Лука,19,34,А они рекоше: Оно треба Господу.
Лука,19,35,"И доведоше га Исусу, и набацише хаљине своје на магаре, и посадише Исуса."
Лука,19,36,"И кад он иђаше, простираху хаљине своје по путу."
Лука,19,37,"А када се он већ приближи подножју Горе Маслинске, поче све мноштво ученика у радости хвалити Бога громким гласом за сва чудеса која видјеше."
Лука,19,38,Говорећи: Благословен цар који долази у име Господње! Мир на небу и слава на висинама!
Лука,19,39,"И неки од фарисеја из народа рекоше му: Учитељу, забрани ученицима својим."
Лука,19,40,"И одговарајући рече им: Кажем вам, ако они ућуте, камење ће повикати."
Лука,19,41,"И када се приближи, видјевши град заплака над њим,"
Лука,19,42,"Говорећи: Кад би и ти знао, бар у овај дан твој, оно што је за мир твој! Али је сада сакривено од очију твојих."
Лука,19,43,"Јер ће доћи на тебе дани, и окружиће те непријатељи твоји опкопима, и опколиће те, и стегнуће те са свију страна;"
Лука,19,44,"И срушиће тебе и дјецу твоју у теби, и неће оставити у теби ни камена на камену, зато што ниси познао вријеме у којему си похођен."
Лука,19,45,"И ушавши у храм, стаде изгонити оне што продаваху у њему и куповаху,"
Лука,19,46,"Говорећи им: Написано је: Дом мој, дом је молитве, а ви начинисте од њега пећину разбојничку."
Лука,19,47,И учаше сваки дан у храму. А првосвештеници и књижевници и народни прваци гледаху да га погубе.
Лука,19,48,И не налажаху шта би му учинили; јер сав народ бјеше прионуо уз њега слушајући га.
Лука,20,1,"И догоди се једнога од оних дана док је он учио народ у храму и проповиједао јеванђеље, дођоше свештеници и књижевници са старјешинама."
Лука,20,2,"И рекоше му говорећи: Кажи нам, каквом влашћу то чиниш? Или ко је тај што ти је дао ту власт?"
Лука,20,3,"А он одговарајући рече им: И ја ћу вас упитати једну ријеч, и кажите ми:"
Лука,20,4,"Крштење Јованово – да ли бјеше с неба или од људи?"
Лука,20,5,"А они помислише у себи говорећи: Ако кажемо: с неба, рећи ће: зашто му, дакле, не вјеровасте?"
Лука,20,6,"Ако ли речемо: од људи, сав ће нас народ каменовати; јер је увјерен да је Јован пророк."
Лука,20,7,И одговорише да не знају откуда.
Лука,20,8,А Исус им рече: Ни ја вама нећу казати каквом власти ово чиним.
Лука,20,9,"А народу поче казивати причу ову: Човјек неки посади виноград, и предаде га виноградарима, па отиде на дуже вријеме."
Лука,20,10,"И у своје вријеме посла виноградарима слугу да му даду од рода виноградскога; али виноградари га избише, и послаше празних руку."
Лука,20,11,И опет посла другога слугу; а они и њега избивши и осрамотивши послаше празних руку.
Лука,20,12,И посла опет трећега; а они и њега ранише и истјераше.
Лука,20,13,Онда рече господар винограда: Шта да чиним? Послаћу сина својега љубљенога; ваљда ће се застидјети кад виде њега.
Лука,20,14,А виноградари видјевши га размишљаху у себи говорећи један другоме: Ово је насљедник; ходите да га убијемо да нама остане насљедство.
Лука,20,15,"И истјераше га напоље из винограда и убише. Шта ће, дакле, учинити њима господар винограда?"
Лука,20,16,"Доћи ће и погубити ове виноградаре, и даће виноград другима. А они када то чуше рекоше: Не дао Бог!"
Лука,20,17,"А он погледавши на њих рече: Шта значи, дакле, оно што је написано: Камен који одбацише зидари, онај постаде глава од угла?"
Лука,20,18,Сваки који падне на тај камен разбиће се; а на кога он падне сатрће га.
Лука,20,19,"И тражаху првосвештеници и књижевници да у онај час дигну руке на њега, но побојаше се народа; јер разумјеше да за њих ову причу каза."
Лука,20,20,"И мотраху на њега; и послаше уходе, који се претвараху да су праведни, не би ли га ухватили у ријечи, те да би га предали начелству и власти намјесниковој."
Лука,20,21,"И упиташе га говорећи: Учитељу, знамо да право говориш и учиш, и не гледаш ко је ко, него заиста учиш путу Божијем:"
Лука,20,22,Да ли нам је допуштено давати данак ћесару или не?
Лука,20,23,"А он, разумјевши препреденост њихову, рече им: Што ме кушате?"
Лука,20,24,Покажите ми динар; чији је на њему лик и натпис? А они одговарајући рекоше: Ћесарев.
Лука,20,25,"А он им рече: Подајте, дакле, ћесарево ћесару, а Божије Богу."
Лука,20,26,И не могоше га ухватити у ријечи пред народом; и задививши се одговору његовом умукоше.
Лука,20,27,"И приступише неки од садукеја, који веле да нема васкрсења, и запиташе га,"
Лука,20,28,"Говорећи: Учитељу, Мојсеј нам написа: Ако коме умре брат који има жену, и овај умре без дјеце, да брат његов узме жену и да подигне потомство брату својему."
Лука,20,29,"Бијаше, дакле, седморо браће, и први узе жену, и умрије без дјеце;"
Лука,20,30,"И узе други жену, и он умрије без дјеце;"
Лука,20,31,"И трећи је узе исто тако; а тако и сва седморица, не оставише дјеце и помријеше."
Лука,20,32,А послије свију умрије и жена.
Лука,20,33,"О васкрсењу, дакле, којега ће од њих бити жена? Јер је седморица имадоше за жену."
Лука,20,34,И одговарајући Исус рече им: Синови овога вијека жене се и удају;
Лука,20,35,"А који се удостојише добити онај вијек и васкрсење из мртвих, нити се жене нити се удају;"
Лука,20,36,"Јер више не могу умријети, јер су као анђели, и синови су Божији када су синови васкрсења."
Лука,20,37,"А да мртви устају, и Мојсеј показа код купине када назива Господа Богом Авраамовим и Богом Исаковим и Богом Јаковљевим."
Лука,20,38,А Бог није Бог мртвих него живих; јер су њему сви живи.
Лука,20,39,"А неки од књижевника одговарајући рекоше: Учитељу, добро си казао."
Лука,20,40,И не смједоше више ништа да га питају. А он им рече:
Лука,20,41,Како говоре да је Христос син Давидов?
Лука,20,42,"Када сам Давид говори у књизи Псалама: Рече Господ Господу мојему: сједи мени са десне стране,"
Лука,20,43,Док положим непријатеље твоје за подножје ногама твојим.
Лука,20,44,"Давид, дакле, њега назива Господом; па како му је син?"
Лука,20,45,"А када сав народ слушаше, рече ученицима својим:"
Лука,20,46,"Чувајте се књижевника, који радо иду у дугачким хаљинама, и воле поздраве на трговима, и прва мјеста по синагогама и зачеља на гозбама;"
Лука,20,47,"Који једу куће удовичке, и лажно се моле дуго, они ће још већма бити осуђени."
Лука,21,1,А погледавши горе видје богате гдје мећу прилоге своје у ризницу храма.
Лука,21,2,А видје и једну сироту удовицу како меће ондје двије лепте;
Лука,21,3,И рече: Заиста вам кажем: ова сиромашна удовица метну више од свију;
Лука,21,4,"Јер сви ови ставише на дар Богу од сувишка свога, а она од сиротиње своје метну сву имовину своју што имаше."
Лука,21,5,"И кад неки говораху за храм да је украшен лијепим камењем и завјетним поклонима, рече:"
Лука,21,6,Доћи ће дани у које од свега што видите неће остати ни камен на камену који се неће разметнути.
Лука,21,7,"И запиташе га говорећи: Учитељу, када ће то бити? И који је знак када ће се то догодити?"
Лука,21,8,"А он рече: Пазите да вас не преваре, јер многи ће доћи у име моје говорећи: Ја сам, и: вријеме се приближило. Немојте, дакле, ићи за њима."
Лука,21,9,"А када чујете за ратове и немире, немојте се уплашити; јер све то најприје треба да буде, али није одмах крај."
Лука,21,10,Тада им рече: Устаће народ на народ и царство на царство;
Лука,21,11,"И земљотреси велики биће по мјестима, и биће глади и помори, и страхоте и знаци велики биће с неба."
Лука,21,12,А прије свега овога дигнуће на вас руке своје и гониће вас и предавати у синагоге и тамнице: водиће вас пред цареве и намјеснике због имена мојега.
Лука,21,13,А то ће вам се догодити за свједочанство.
Лука,21,14,"Ставите, дакле, у срца своја, да не смишљате унапријед како ћете одговарати;"
Лука,21,15,Јер ја ћу вам дати рјечитост и мудрост којој се неће моћи супротставити или одговорити сви ваши противници.
Лука,21,16,"А предаваће вас и родитељи, и браћа, и рођаци, и пријатељи, и побиће неке од вас."
Лука,21,17,И сви ће вас омрзнути због имена мојега.
Лука,21,18,Ни длака с главе ваше неће пропасти.
Лука,21,19,Трпљењем својим спасавајте душе своје.
Лука,21,20,"А када видите да је војска опколила Јерусалим, онда знајте да се приближило опустошење његово."
Лука,21,21,"Тада, који буду у Јудеји нека бјеже у горе, и који буду у самоме граду нека излазе напоље, и који су у пољу нека не улазе у град;"
Лука,21,22,"Јер су ово дани освете, да се испуни све што је написано."
Лука,21,23,"А тешко трудницама и дојиљама у те дане. Јер ће бити невоља велика на земљи, и гњев на народу овоме."
Лука,21,24,"И пашће од оштрице мача, и биће одведени у ропство по свим народима; и Јерусалим ће газити незнабошци док се не испуне времена незнабожаца."
Лука,21,25,И биће знаци на сунцу и мјесецу и звијездама; и на земљи мука и невоља народима у ужасу од хуке морске и валова.
Лука,21,26,Умираће људи од страха и од очекивања онога што наилази на свијет; јер ће се силе небеске покренути.
Лука,21,27,И тада ће угледати Сина Човјечијега гдје долази на облаку са силом и славом великом.
Лука,21,28,"А када се почне ово збивати, усправите се и подигните главе своје, јер се приближава избављење ваше."
Лука,21,29,И каза им причу: Гледајте на смокву и на сва дрвета:
Лука,21,30,"Кад видите да већ потјерају пупољке, сами знате да је већ близу љето."
Лука,21,31,"Тако и ви кад видите да се ово збива, знајте да је близу Царство Божије."
Лука,21,32,Заиста вам кажем да овај нараштај неће проћи док се ово све не збуде.
Лука,21,33,"Небо и земља ће проћи, а ријечи моје неће проћи."
Лука,21,34,"Али пазите на себе да срца ваша не отежају преједањем и пијанством и бригама овога живота, и да Дан онај не наиђе на вас изненада."
Лука,21,35,Јер ће доћи као замка на све који живе на лицу васцијеле земље.
Лука,21,36,"Бдите, дакле, у свако вријеме молећи се да се удостојите да избјегнете све што се има догодити, и да станете пред Сина Човјечијега."
Лука,21,37,"А бијаше он дању у храму и учаше, а ноћу излажаше и борављаше на гори званој Маслинска."
Лука,21,38,И сав народ хиташе јутром њему у храм да га слуша.
Лука,22,1,Приближаваше се пак празник бесквасних хљебова звани Пасха.
Лука,22,2,И тражаху првосвештеници и књижевници како би га убили; али се бојаху народа.
Лука,22,3,"А сатана уђе у Јуду, званог Искариотски, који бјеше из броја Дванаесторице."
Лука,22,4,И он отишавши договори се са првосвештеницима и књижевницима и војводама како ће им га издати.
Лука,22,5,"А они се обрадоваше, и уговорише да му даду новаца."
Лука,22,6,"И он обећа, и тражаше згодну прилику да им га преда без присуства народа."
Лука,22,7,А дође дан бесквасних хљебова у који требаше клати пасхално јагње.
Лука,22,8,И посла Петра и Јована рекавши: Идите и уготовите нам Пасху да једемо.
Лука,22,9,А они му рекоше: Гдје хоћеш да уготовимо?
Лука,22,10,"А он им рече: Ето, кад уђете у град, срешће вас човјек који носи крчаг воде; идите за њим у кућу у коју он уђе."
Лука,22,11,И реците домаћину куће: Учитељ ти вели: гдје је одаја гдје ћу јести Пасху са ученицима својим?
Лука,22,12,И он ће вам показати велику застрту горњу собу; ондје уготовите.
Лука,22,13,И они отидоше и нађоше као што им је казао; и уготовише Пасху.
Лука,22,14,"И када дође час, сједе за трпезу, и дванаест апостола с њим."
Лука,22,15,И рече им: Веома зажељех да ову Пасху једем с вама прије него пострадам;
Лука,22,16,Јер вам кажем да је нећу више јести док се не испуни у Царству Божијем.
Лука,22,17,"И узевши чашу заблагодари, и рече: Узмите и раздијелите је међу собом;"
Лука,22,18,Јер вам кажем да нећу пити од рода виноградскога док не дође Царство Божије.
Лука,22,19,"И узевши хљеб заблагодари, преломи га и даде им говорећи: Ово је тијело моје које се даје за вас; ово чините за мој спомен."
Лука,22,20,"А тако и чашу по вечери, говорећи: Ова је чаша Нови завјет у крви мојој, која се за вас излива."
Лука,22,21,Али ево руке издајника мојега са мном на трпези.
Лука,22,22,"И Син Човјечији, дакле, иде како је одређено; али тешко човјеку ономе који га издаје!"
Лука,22,23,"И они се стадоше питати међу собом који би, дакле, од њих био тај који ће.то учинити."
Лука,22,24,А настаде и препирка међу њима који се од њих сматра да је већи.
Лука,22,25,А он им рече: Цареви народа господаре над њима и властодршци њихови називају се добротвори.
Лука,22,26,"Али ви немојте тако; него ко је међу вама већи, нека буде као млађи, и старјешина као слуга."
Лука,22,27,"Јер ко је већи, који сједи за трпезом или који служи? Није ли онај који сједи за трпезом? А ја сам међу вама као слуга."
Лука,22,28,А ви сте они који сте се одржали са мном у искушењима мојим.
Лука,22,29,"И ја вама завјештавам Царство као што Отац мој мени завјешта,"
Лука,22,30,"Да једете и пијете за мојом трпезом у Царству моме, и да сједите на пријестолима и судите над дванаест племена Израиљевих."
Лука,22,31,"И рече Господ: Симоне, Симоне, ево вас заиска сатана да вас вије као пшеницу."
Лука,22,32,"А ја се молих за тебе да вјера твоја не престане; и ти, када се обратиш, утврди браћу своју."
Лука,22,33,"А он му рече: Господе, с тобом сам спреман и у тамницу и у смрт ићи."
Лука,22,34,"А он рече: Кажем ти, Петре, неће данас запјевати пијетао док се трипут не одречеш да ме познајеш."
Лука,22,35,"И рече им: Кад вас послах без кесе и торбе и обуће, да ли вам што недостаде? А они рекоше: Ништа."
Лука,22,36,"А он им рече: Али сад који има кесу нека је узме, тако и торбу; а који нема нека прода хаљину своју и купи нож."
Лука,22,37,"Јер вам кажем, да још и то што је написано: И уврстише га међу безаконике, треба да се изврши на мени; Јер што је о мени писано завршава се."
Лука,22,38,"А они рекоше: Господе, ево овдје два ножа. А он им рече: Доста је."
Лука,22,39,"И изишавши, отиде по обичају на гору Маслинску; а за њим отидоше и ученици његови."
Лука,22,40,А кад би на мјесту рече им: Молите се да не паднете у искушење.
Лука,22,41,"И сам одступи од њих колико се може каменом добацити, и клекнувши на кољена мољаше се"
Лука,22,42,"Говорећи: Оче, кад би хтио да пронесеш ову чашу мимо мене! Али не моја воља, но твоја нека буде!"
Лука,22,43,А јави му се анђео с неба кријепећи га.
Лука,22,44,"И будући у самртној борби, мољаше се усрдније; а зној његов бијаше као капље крви које капљу на земљу."
Лука,22,45,"И уставши од молитве дође ученицима, и нађе их да спавају од жалости,"
Лука,22,46,И рече им: Што спавате? Устаните и молите се да не паднете у искушење!
Лука,22,47,"Док он још говораше, гле народ, и један од Дванаесторице, звани Јуда, иђаше пред њима, и приближи се Исусу да га пољуби. Јер им бијаше дао овакав знак: кога пољубим, тај је!"
Лука,22,48,"А Исус му рече: Јудо, зар цјеливом издајеш Сина Човјечијега?"
Лука,22,49,"А кад они што бијаху с њим видјеше шта ће бити, рекоше му: Господе, да бијемо ножем?"
Лука,22,50,"И удари један од њих слугу првосвештениковог, и одсијече му десно ухо."
Лука,22,51,"А Исус одговоривши рече: Оставите се тога. И дохвативши се уха његовог, исцијели га."
Лука,22,52,А првосвештеницима и војводама храмовним и старјешинама који бијаху дошли на њега рече Исус: Зар сте као на разбојника изишли с ножевима и кољем да ме ухватите?
Лука,22,53,Сваки дан био сам с вама у храму и не дигосте руке на мене; али ово је ваш час и власт таме.
Лука,22,54,"А кад га ухватише, одведоше га и уведоше у двор првосвештеника. А Петар иђаше за њим издалека."
Лука,22,55,"И кад наложише ватру насред дворишта и сједоше заједно, и Петар сјеђаше међу њима."
Лука,22,56,"Видјевши га пак једна слушкиња гдје сједи код ватре, и погледавши на њега рече: И овај бјеше са њим."
Лука,22,57,"А он га се одрече говорећи: Жено, не познајем га."
Лука,22,58,"И мало затим видје га и други и рече: И ти си од њих. А Петар рече: Човјече, нисам."
Лука,22,59,"И пошто прође око једнога часа, други неко потврђиваше говорећи: Заиста и овај бјеше с њим; јер је Галилејац."
Лука,22,60,"А Петар рече: Човјече, не знам шта говориш. И одмах док он још говораше запјева пијетао."
Лука,22,61,"И обазревши се Господ погледа на Петра, и сјети се Петар ријечи Господње како му рече: Прије него што пијетао запјева одрећи ћеш ме се трипут."
Лука,22,62,"И изишавши напоље, плакаше горко."
Лука,22,63,"А људи који држаху Исуса ругаху му се, и бијаху га."
Лука,22,64,И покривши га удараху га по лицу и питаху га говорећи: Прореци ко те удари?
Лука,22,65,И друге многе хуле говораху на њега.
Лука,22,66,"И када се раздани, сабраше се старјешине народне, првосвештеници и књижевници, и одведоше га у свој Синедрион"
Лука,22,67,"Говорећи: Ако си ти Христос, кажи нам. А он им рече: Ако вам и кажем, нећете вјеровати."
Лука,22,68,"А ако вас и запитам, нећете ми одговорити, нити ћете ме пустити."
Лука,22,69,Од сада ће Син Човјечији сједјети са десне стране силе Божије.
Лука,22,70,"Сви пак рекоше: Ти ли си, дакле, Син Божији? А он им рече: Ви кажете да сам ја."
Лука,22,71,А они рекоше: Што нам још треба свједочења? Јер сами чусмо из уста његових.
Лука,23,1,И устаде све мноштво и одведе га Пилату.
Лука,23,2,"И почеше га тужити говорећи: Овога нађосмо да отпађује народ наш, и забрањује давати ћесару данак, и говори да је он Христос цар."
Лука,23,3,А Пилат га запита говорећи: Јеси ли ти цар јудејски? А он одговарајући рече му: Ти кажеш.
Лука,23,4,А Пилат рече првосвештеницима и народу: Не налазим никакве кривице на овом човјеку.
Лука,23,5,А они упорно наваљиваху говорећи: Он буни народ учећи по свој Јудеји почевши од Галилеје па све довде.
Лука,23,6,А Пилат чувши за Галилеју запита: Зар је овај човјек Галилејац?
Лука,23,7,"И дознавши да је из подручја Иродова, посла га Ироду, који и сам бијаше у Јерусалиму оних дана."
Лука,23,8,"А Ирод видјевши Исуса веома се обрадова; јер је одавно желио да га види, пошто је много слушао о њему, и надаше се да ће видјети од њега неки знак."
Лука,23,9,И постављаше му многа питања; али му он ништа не одговори.
Лука,23,10,Стајаху пак првосвештеници и књижевници и жестоко га оптуживаху.
Лука,23,11,"А Ирод га понизи са својим војницима и наруга му се, обуче му бијелу хаљину и посла га натраг Пилату."
Лука,23,12,И у тај се дан помирише Пилат и Ирод међу собом; јер прије бијаху у завади.
Лука,23,13,"А Пилат, сазвавши првосвештенике и старјешине и народ,"
Лука,23,14,"Рече им: Доведосте ми овога човјека као да он отпађује народ, и ето, ја га пред вама испитах, и не нађох на овоме човјеку ниједне кривице од оних за које га ви оптужујете;"
Лука,23,15,"А ни Ирод, јер вам га натраг посла. И ето, није учинио ништа што би заслуживало смрт."
Лука,23,16,"Да га, дакле, казним и пустим."
Лука,23,17,А мораше да им о Празнику ослободи једнога.
Лука,23,18,"А они сви заједно повикаше говорећи: Узми овога, а пусти нам Вараву!"
Лука,23,19,Овај бијаше бачен у тамницу за некакву побуну учињену у граду и за убиство.
Лука,23,20,А Пилат опет повика хотећи да пусти Исуса.
Лука,23,21,"А они викаху говорећи: Распни га, распни!"
Лука,23,22,"А он им по трећи пут рече: Какво је, дакле, зло он учинио? Ја ништа на њему не нађох што би заслуживало смрт; дакле, да га казним па да га пустим."
Лука,23,23,"А они једнако наваљиваху с великом виком, и искаху да се он разапне; и надвлада вика њихова и првосвештеничка."
Лука,23,24,И Пилат пресуди да буде по тражењу њихову.
Лука,23,25,"И пусти им Вараву, баченог у тамницу за побуну и убиство, којега искаху, а Исуса предаде њима на вољу."
Лука,23,26,"И када га поведоше, задржаше некога Симона Киринејца, који се враћаше из поља, и ставише на њега крст да носи за Исусом."
Лука,23,27,"А за њим иђаше велико мноштво народа и жена, које плакаху и нарицаху за њим."
Лука,23,28,"А Исус обазревши се на њих рече: Кћери јерусалимске, не плачите за мном, него плачите за собом и за дјецом својом."
Лука,23,29,"Јер ево, долазе дани у које ће се рећи: Благо нероткињама, и утробама које не родише, и дојкама које не дојише."
Лука,23,30,Тада ће почети говорити горама: Падните на нас; и бреговима: Покријте нас!
Лука,23,31,"Јер кад овако чине са сировим дрветом, шта ли ће бити са сухим?"
Лука,23,32,Вођаху пак и друга два злочинца са њим да погубе.
Лука,23,33,"И када дођоше на мјесто звано Лобања, ондје разапеше њега и злочинце, једнога с десне стране а другога с лијеве."
Лука,23,34,"А Исус говораше: Оче, опрости им, јер не знају шта чине! И дијелећи хаљине његове бацаху коцку."
Лука,23,35,"И народ стајаше гледајући. А и старјешине ругаху му се с њима говорећи: Друге спасе, нека спасе и себе, ако је он Христос, изабраник Божији."
Лука,23,36,"А и војници му се ругаху, приступаху и даваху му оцат."
Лука,23,37,"И говораху: Ако си ти цар јудејски, спаси самог себе!"
Лука,23,38,А бијаше над њим и натпис написан словима јелинским и латинским и јеврејским: Ово је цар јудејски.
Лука,23,39,"А један од објешених злочинаца хуљаше на њега говорећи: Ако си ти Христос, спаси себе и нас!"
Лука,23,40,"А други одговоривши укораваше га говорећи: Зар се ти не бојиш Бога, када си и сам осуђен тако?"
Лука,23,41,"А ми смо праведно осуђени, јер примамо по својим дјелима као што смо заслужили; а он никаква зла не учини."
Лука,23,42,"И рече Исусу: Сјети ме се, Господе, када дођеш у Царству своме."
Лука,23,43,"И рече му Исус: Заиста ти кажем, данас ћеш бити са мном у рају."
Лука,23,44,"А бијаше око шестога часа, и тама би по свој земљи до часа деветога."
Лука,23,45,"И помрча сунце, и завјеса храмовна раздрије се напола."
Лука,23,46,"И повикавши Исус из свега гласа рече: Оче, у руке твоје предајем дух свој. И рекавши ово издахну."
Лука,23,47,"А кад видје капетан шта се догоди, прослави Бога говорећи: Заиста овај човјек бјеше праведник."
Лука,23,48,"И сав народ који се бијаше скупио да гледа овај призор, кад видје шта би, врати се бијући се у прса."
Лука,23,49,"А стајаху издалека сви познаници његови и жене које га пратише из Галилеје, посматрајући ово."
Лука,23,50,"И гле, човјек по имену Јосиф, који бјеше савјетник и човјек добар и праведан, из Ариматеје, града јудејског,"
Лука,23,51,"Који не бијаше пристао на њихову одлуку и на њихово дјело, а и сам чекаше Царство Божије,"
Лука,23,52,Приступивши Пилату заиска тијело Исусово.
Лука,23,53,"И скиде га и обви платном, и положи га у гроб усјечен у камену, у који не бијаше никад нико положен."
Лука,23,54,"И дан бијаше петак, и субота освиташе."
Лука,23,55,"А иђаху у пратњи и жене, које бијаху дошле са Исусом из Галилеје, и видјеше гроб и како би положено тијело његово,"
Лука,23,56,Па се вратише и припремише мирисе и миро. Суботу пак проведоше у миру по Закону.
Лука,24,1,"А у први дан недјеље дођоше врло рано на гроб, и донесоше мирисе што приправише, а с њима и неке друге жене;"
Лука,24,2,Али нађоше камен одваљен од гроба.
Лука,24,3,И ушавши не нађоше тијело Господа Исуса.
Лука,24,4,"И док се оне чуђаху томе, гле, два човјека стадоше пред њих у блиставим хаљинама;"
Лука,24,5,"А када се оне уплашише и оборише лица земљи, рекоше им: Што тражите живога међу мртвима?"
Лука,24,6,"Није овдје, него устаде; сјетите се како вам каза док бјеше још у Галилеји,"
Лука,24,7,Говорећи како Син Човјечији треба да буде предан у руке људи грјешника и да буде разапет и трећи дан да васкрсне.
Лука,24,8,И сјетише се ријечи његових.
Лука,24,9,"Па вративши се од гроба, јавише све ово Једанаесторици и свима осталима."
Лука,24,10,А то бијаху Магдалина Марија и Јована и Марија Јаковљева и остале с њима које казаше ово апостолима.
Лука,24,11,"И овима се учинише њихове ријечи као бунцање, и не вјероваше им."
Лука,24,12,"А Петар устаде па отрча на гроб, и нагнувши се видје само покрове гдје леже, и отиде чудећи се у себи томе што се догодило."
Лука,24,13,"И гле, двојица од њих иђаху у онај дан у село које бијаше удаљено од Јерусалима шездесет стадија и зваше се Емаус."
Лука,24,14,И они говораху међу собом о свим овим догађајима.
Лука,24,15,"И док они разговараху и расправљаху, приближи се и сам Исус и иђаше с њима."
Лука,24,16,Али очи њихове бјеху задржане да га не познају.
Лука,24,17,"А он им рече: Какав је то разговор који водите међу собом идући, и што сте невесели?"
Лука,24,18,"А један, по имену Клеопа, одговарајући рече му: Зар си ти једини странац у Јерусалиму, и зар ниси сазнао шта се у њему збило ових дана?"
Лука,24,19,"И рече им: Шта? А они му рекоше: О Исусу Назарећанину, који бјеше човјек пророк, силан на дјелу и у ријечи пред Богом и свим народом;"
Лука,24,20,"Како га предадоше првосвештеници и кнезови наши да буде осуђен на смрт, и разапеше га?"
Лука,24,21,"А ми се надасмо да је он тај који ће избавити Израиља. Али поврх свега тога, ово је данас трећи дан откако се ово догоди."
Лука,24,22,"А запрепастише нас и неке жене између нас које су биле рано на гробу,"
Лука,24,23,"Па не нашавши тијело његово, дођоше говорећи да су видјеле и појаву анђела који говораху да је он жив."
Лука,24,24,"И неки од наших отидоше на гроб, и нађоше тако као што и жене казаше, али њега не видјеше."
Лука,24,25,А он им рече: О безумни и спорога срца за вјеровање у све што говорише пророци!
Лука,24,26,Није ли требало да Христос то претрпи и да уђе у славу своју?
Лука,24,27,И почевши од Мојсеја и од свију Пророка разјасни им што је у свим Писмима о њему писано.
Лука,24,28,"И приближише се селу у које иђаху, и он се чињаше да хоће даље да иде."
Лука,24,29,"А они га устављаху говорећи: Остани с нама, јер је дан нагнуо и близу је вече. И уђе да остане с њима."
Лука,24,30,"И док он сјеђаше с њима за трпезом, узевши хљеб благослови и преломивши га даваше им."
Лука,24,31,А њима се отворише очи и познаше га. И он поста невидљив за њих.
Лука,24,32,И рекоше они један другоме: Не гораше ли срце наше у нама док нам говораше путем и док нам објашњаваше Писма?
Лука,24,33,"И уставши онога часа, вратише се у Јерусалим, и нађоше окупљену Једанаесторицу и оне који бијаху с њима."
Лука,24,34,"Који говораху: Заиста устаде Господ, и јави се Симону."
Лука,24,35,"И они испричаше шта би на путу, и како га познаше при ломљењу хљеба."
Лука,24,36,"И док они ово говораху, и сам Исус стаде међу њих, и рече им: Мир вам!"
Лука,24,37,"А они се уплашише, и будући устрашени, помислише да виде духа."
Лука,24,38,И рече им: Што сте збуњени? И зашто такве помисли улазе у срца ваша?
Лука,24,39,"Видите руке моје и ноге моје, да сам ја главом; опипајте ме и видите; јер дух нема тијела и костију као што видите да ја имам."
Лука,24,40,И ово рекавши показа им руке и ноге.
Лука,24,41,"А док још не вјероваху од радости и док се чуђаху, рече им: Имате ли овдје шта за јело?"
Лука,24,42,"А они му дадоше комад рибе печене, и меда у саћу."
Лука,24,43,И узевши једе пред њима.
Лука,24,44,"А њима рече: Ово су ријечи које сам вам говорио још док сам био с вама, да се мора све испунити што је о мени написано у Закону Мојсејеву и у Пророцима и у Псалмима."
Лука,24,45,Тада им отвори ум да разумију Писма.
Лука,24,46,"И рече им: Тако је писано, и тако је требало да Христос пострада и васкрсне из мртвих трећега дана,"
Лука,24,47,"И да се у његово име проповиједа покајање и опроштење гријехова по свим народима, почевши од Јерусалима."
Лука,24,48,А ви сте свједоци овоме.
Лука,24,49,"И ево, ја ћу послати обећање Оца својега на вас; а ви сједите у граду Јерусалиму док се не обучете у силу с висине."
Лука,24,50,"И изведе их напоље до Витаније, и подигавши руке своје благослови их."
Лука,24,51,"И док их он благосиљаше, одступи од њих и узношаше се на небо."
Лука,24,52,"А они му се поклонише и вратише се у Јерусалим са радошћу великом,"
Лука,24,53,И бјеху непрестано у храму хвалећи и благосиљајући Бога. Амин!
Јован,1,1,"У почетку бјеше Логос (Ријеч), и Логос бјеше у Бога, и Логос бјеше Бог."
Јован,1,2,Он бјеше у почетку у Бога.
Јован,1,3,"Све кроз њега постаде, и без њега ништа не постаде што је постало."
Јован,1,4,"У њему бјеше живот, и живот бјеше свјетлост људима."
Јован,1,5,"И свјетлост свијетли у тами, и тама је не обузе."
Јован,1,6,"Би човјек послан од Бога, по имену Јован."
Јован,1,7,"Овај дође за свједочанство, да свједочи о свјетлости, да сви вјерују кроз њега."
Јован,1,8,"Он не бјеше свјетлост, него да свједочи о свјетлости."
Јован,1,9,Бјеше свјетлост истинита која обасјава свакога човјека који долази на свијет.
Јован,1,10,"У свијету бјеше, и свијет кроз њега постаде, и свијет га не позна."
Јован,1,11,"Својима дође, и своји га не примише."
Јован,1,12,"А онима који га примише даде власт да буду чеда Божија, онима који вјерују у име његово;"
Јован,1,13,"Који се не родише од крви, ни од жеље тјелесне, ни од жеље мужевљеве, него од Бога."
Јован,1,14,"И Логос постаде тијело и настани се међу нама, и видјесмо славу његову, славу као Јединороднога од Оца, пун благодати и истине."
Јован,1,15,"Јован свједочи о њему и виче говорећи: Ово је онај за кога рекох: који за мном долази испред мене је, јер прије мене бјеше."
Јован,1,16,"И од пуноће његове ми сви примисмо, и благодат на благодат."
Јован,1,17,"Јер се Закон даде преко Мојсеја, а благодат и истина постаде кроз Исуса Христа."
Јован,1,18,"Бога нико није видио никад: Јединородни Син који је у наручју Оца, он га објави,"
Јован,1,19,И ово је свједочанство Јованово кад послаше Јудејци из Јерусалима свештенике и левите да га запитају: Ко си ти?
Јован,1,20,И признаде и не порече; и признаде: Ја нисам Христос.
Јован,1,21,И упиташе га: Шта дакле? Јеси ли ти Илија? И рече: Нисам. Јеси ли ти пророк? И одговори: Не.
Јован,1,22,А они му рекоше: Ко си? Да одговор дамо онима који нас послаше: Шта кажеш о себи самом?
Јован,1,23,"Рече: Ја сам глас вапијућег у пустињи: Поравните пут Господњи, као што каза Исаија пророк."
Јован,1,24,А изасланици бијаху од фарисеја.
Јован,1,25,"И запиташе га и рекоше му: Зашто, дакле, крштаваш кад ти ниси Христос, ни Илија, ни пророк?"
Јован,1,26,"Одговори им Јован говорећи: Ја крштавам водом, а међу вама стоји кога ви не знате."
Јован,1,27,"То је Онај што долази за мном, који преда мном би, коме ја нисам достојан одријешити ремена на обући његовој."
Јован,1,28,Ово се догоди у Витанији с оне стране Јордана гдје Јован крштаваше.
Јован,1,29,"А сутрадан видје Јован Исуса гдје долази к њему, и рече: Гле, Јагње Божије које узима на се гријехе свијета!"
Јован,1,30,"Ово је онај за кога ја рекох: За мном долази човјек који преда мном би, јер прије мене бјеше."
Јован,1,31,"И ја га не знадох, али да се јави Израиљу, зато дођох ја да крштавам водом."
Јован,1,32,И посвједочи Јован говорећи: Видио сам Духа гдје силази као голуб са неба и остаде на њему.
Јован,1,33,"И ја га не знадох, али Онај који ме посла да крштавам водом он ми рече: На кога видиш да силази Дух и остаје на ње-му то је онај који крштава Духом Светим."
Јован,1,34,И ја сам видио и засвједочио да је он Син Божији.
Јован,1,35,Сутрадан опет стајаше Јован и двојица од ученика његових.
Јован,1,36,"И угледавши Исуса гдје иде, рече: Гле, Јагње Божије!"
Јован,1,37,"И чуше га оба ученика кад говораше, и отидоше за Исусом."
Јован,1,38,"А Исус обазревши се и видјевши их, гдје иду за њим, рече им: Шта тражите? А они му рекоше: Рави, што преведено значи: учитељу, гдје станујеш?"
Јован,1,39,"Рече им: Дођите и видите! И отидоше, и видјеше гдје станује; и остадоше код њега онај дан. А бијаше око десетога часа."
Јован,1,40,"А један од двојице који чуше од Јована и одоше за њим бијаше Андреј, брат Симона Петра."
Јован,1,41,"Он нађе најприје брата својега Симона, и рече му: Нашли смо Месију, што преведено значи: Христос."
Јован,1,42,"И доведе га Исусу. И Исус погледавши на њега рече: Ти си Симон, син Јонин; ти ћеш се звати Кифа, што значи Петар."
Јован,1,43,"Сутрадан хтједе Исус изићи у Галилеју, и нађе Филипа, и рече му: Хајде за мном!"
Јован,1,44,"А Филип бјеше из Витсаиде, из града Андрејева и Петрова."
Јован,1,45,"Филип нађе Натанаила и рече му: Нашли смо онога за кога писа Мојсеј у Закону и Пророци: Исуса, сина Јосифова, Назарећанина."
Јован,1,46,И рече му Натанаило: Из Назарета може ли бити што добро? Рече му Филип: Дођи и види!
Јован,1,47,А Исус видје Натанаила гдје долази к њему и рече за њега: Ево правог Израиљца у коме нема лукавства.
Јован,1,48,"Рече му Натанаило: Откуда ме познајеш? Одговори Исус и рече му: Прије него те позва Филип, видјех те кад бијаше под смоквом."
Јован,1,49,"Одговори Натанаило и рече му: Рави, ти си Син Бо-жији, ти си цар Израиљев."
Јован,1,50,"Одговори Исус и рече му: Зато што ти казах да те видјех под смоквом, вјерујеш? Видјећеш више од овога."
Јован,1,51,"И рече му: Заиста, заиста вам кажем: од сада ћете видјети небо отворено и анђеле Божије како узлазе и силазе на Сина Човјечијега."
Јован,2,1,"И у трећи дан би свадба у Кани Галилејској, и ондје бјеше мати Исусова."
Јован,2,2,А позван бјеше и Исус и ученици његови на свадбу.
Јован,2,3,"И кад неста вина, рече мати Исусова њему: Немају вина."
Јован,2,4,"Исус јој рече: Шта хоћеш од мене, жено? Још није дошао час мој."
Јован,2,5,Рече мати његова слугама: Што год вам рече учините.
Јован,2,6,"А ондје бјеше шест камених судова за воду, постављених по обичају јудејског очишћења, који хватаху по двије или по три мјере."
Јован,2,7,Рече им Исус: Напуните судове водом. И напунише их до врха.
Јован,2,8,И рече им Исус: Захватите сад и носите пехарнику. И однесоше.
Јован,2,9,"А кад окуси пехарник вино које је постало од воде, и не знађаше откуда је, а слуге знадијаху које су захватиле воду, позва пехарник женика."
Јован,2,10,"И рече му: Сваки човјек најприје добро вино износи, а када се опију, онда лошије; а ти си чувао добро вино до сада."
Јован,2,11,"Овим, у Кани Галилејској, учини Исус почетак знамења, и показа славу своју; и вјероваше у њега ученици његови."
Јован,2,12,"Потом сиђе у Капернаум. он и мати његова и браћа његова и ученици његови, и ондје остадоше не много дана."
Јован,2,13,"И близу бјеше Пасха јудејска, и отиде Исус у Јерусалим."
Јован,2,14,И нађе у храму оне што продају говеда и овце и голубове. и мјењаче новца гдје сједе.
Јован,2,15,"И начинивши бич од узица. изагна све из храма, и овце и говеда: а мјењачима просу новац и столове испретура."
Јован,2,16,"И рече онима што продају голубове: Носите то одавде! Не правите од дома Оца мога, дом трговине."
Јован,2,17,А ученици се његови сјетише да је написано: Ревност за дом твој изједа ме.
Јован,2,18,Јудејци пак одговорише и рекоше му: Какав нам знак показујеш да то чиниш?
Јован,2,19,Исус одговори и рсче им: Развалите овај храм и за три дана ћу га подићи.
Јован,2,20,"А Јудејци рекоше: Четрдесет и шест година зидан је овај храм, а ти ћеш за три дана да га подигнеш?"
Јован,2,21,А он говораше о храму тијела својега.
Јован,2,22,"Када пак устаде из мртвих. сјетише се ученици његови да ово говораше, и вјероваше Писму и ријечи коју рече Исус."
Јован,2,23,"А када бјеше у Јерусалиму о празнику Пасхе, многи вјероваше у име његово, видећи знаке његове које чињаше."
Јован,2,24,"А сам Исус не повјераваше себе њима, јер их је он знао све."
Јован,2,25,И не требаше да му ко свједочи за човјека; јер сам знадијаше шта бјеше у човјеку.
Јован,3,1,"А бијаше човјек међу фарисејима, по имену Никодим. кнез јудејски."
Јован,3,2,"Он дође Исусу ноћу и рече му: Рави, знамо да си учитељ од Бога дошао; јер нико не може ова знамења творити која ти твориш ако није Бог с њим."
Јован,3,3,"Одговори Исус и рече му: Заиста, заиста ти кажем: ако се ко не роди одозго. не може видјети Царства Божијега."
Јован,3,4,Рече му Никодим: Како се може човјек родити кад је стар? Еда ли може по други пут ући у утробу матере своје и родити се?
Јован,3,5,"Одговори Исус: Заиста, заиста ти кажем: ако се ко не роди водом и Духом. не можс ући у Царство Божије."
Јован,3,6,"Што је рођено од тијела, тијело је; а што је рођено од Духа, дух је."
Јован,3,7,Не чуди се што ти рекох: ваља вам се родити одозго.
Јован,3,8,"Дух дише гдје хоће, и глас његов чујеш, а не знаш откуда долази и куда иде: тако је сваки који је рођен од Духа."
Јован,3,9,Одговори Никодим и рече му: Како може то бити?
Јован,3,10,"Исус одговори и рече му: Ти си учитељ Израиљев, а то ли не знаш?"
Јован,3,11,"Заиста, заиста ти кажем да оно што знамо говоримо и што смо видјели свједочимо, и свједочанство наше не примате."
Јован,3,12,"Кад вам казах оно што је земаљско па не вјерујете, како ћете вјеровати ако вам кажем оно што је небеско?"
Јован,3,13,"И нико се није попео на небо осим Онај који сиђе с неба, Син Човјечији који је на небу."
Јован,3,14,"И као што Мојсеј подиже змију у пустињи, тако треба да се подигне Син Човјечији,"
Јован,3,15,"Да сваки који вјерује у њега не погине, него да има живот вјечни,"
Јован,3,16,"Јер Бог тако завоље свијет да је Сина својега Једнороднога дао, да сваки који вјерује у њега не погине, него да има живот вјечни."
Јован,3,17,"Јер не посла Бог Сина својега на свијет да суди свијету, него да се свијет спасе кроз њега."
Јован,3,18,"Који у њега вјерује не суди му се, а који не вјерује већ је осуђен, јер није вјеровао у име Јединороднога Сина Божијега."
Јован,3,19,"А ово је суд што је свјетлост дошла на свијет, а људи више завољеше таму неголи свјетлост; јер њихова дјела бијаху зла."
Јован,3,20,"Јер сваки који чини зло мрзи свјетлост и не иде ка свјетлости, да се не разоткрију дјела његова, јер су зла."
Јован,3,21,"А ко истину твори, иде ка свјетлости, да се виде дјела његова, јер су у Богу учињена."
Јован,3,22,"Потом дође Исус и ученици његови у јудејску земљу, и ту борављаше с њима и крштаваше."
Јован,3,23,"А и Јован крштаваше у Енону близу Салима, јер ондје бјеше много воде; и долажаху те се крштаваху."
Јован,3,24,Јер још не бијаше Јован бачен у тамницу.
Јован,3,25,Тада настаде распра међу ученицима Јовановим и неким Јудејцем око очишћења.
Јован,3,26,"И дођоше Јовану и рекоше му: Рави, онај што бјеше с тобом преко Јордана, за кога си ти свједочио, ено крштава, и сви иду њему."
Јован,3,27,Јован одговори и рече: Не може човјек ништа примати ако му не буде дано с неба.
Јован,3,28,Ви ми сами свједочите да рекох: Нисам ја Христос него сам послан пред њим.
Јован,3,29,"Ко има невјесту женик је, а пријатељ жеников стоји и слуша га, и радошћу се радује гласу женикову. Ова, дакле, радост моја испуњена је."
Јован,3,30,"Он треба да расте, а ја да се умањујем."
Јован,3,31,"Који одозго долази над свима је. Који је са земље од земље Је, и од земље говори; а који долази с неба над свима је;"
Јован,3,32,"И што је видио и чуо, то свједочи; и свједочанство његово нико не прима."
Јован,3,33,"Који прими свједочанство његово, потврди да је Бог истинит."
Јован,3,34,"Јер кога Бог посла, онај ријечи Божије говори: јер Бог Духа не даје на мјеру."
Јован,3,35,"Јер Отац љуби Сина, и све је дао њему у руку."
Јован,3,36,"Ко вјерује у Сина, има живот вјечни; а ако је непослушан Сину, неће видјети живота, него гњев Божији остаје на њему."
Јован,4,1,"Када, дакле, сазнаде Господ да су фарисеји чули да Исус више ученика задобија и крштава него Јован -"
Јован,4,2,Иако сам Исус не крштаваше него ученици његови -
Јован,4,3,Остави Јудеју и отиде опет у Галилеју.
Јован,4,4,А ваљало му је проћи кроз Самарију.
Јован,4,5,"Тако дође у град самаријски звани Сихар, близу села које даде Јаков Јосифу, сину својему."
Јован,4,6,А ондје бијаше извор Јаковљев. Исус пак уморан од пута сјеђаше тако на извору; бјеше око шестога часа.
Јован,4,7,Дође жена из Самарије да захвати воде. Рече јој Исус: Дај ми да пијем.
Јован,4,8,Јер ученици његови бијаху отишли у град да купе хране.
Јован,4,9,"Рече му жена Самарјанка: Како ти, који си Јудејац, тражиш од мене жене Самарјанке да пијеш? Јер се Јудејци не друже са Самарјанима."
Јован,4,10,"Одговори Исус и рече јој: Кад би ти знала дар Божији, и ко је тај који ти говори: дај ми да пијем, ти би тражила од њега и дао би ти воду живу."
Јован,4,11,"Рече му жена: Господе, ни ведра немаш, а студенац је дубок; одакле ти онда вода жива?"
Јован,4,12,"Еда ли си ти већи од оца нашега Јакова, који нам даде овај студенац, и он из њега пијаше и синови његови и стока његова?"
Јован,4,13,Одговори Исус и рече јој: Сваки који пије од ове воде опет ће ожедњети;
Јован,4,14,"А који пије од воде коју ћу му ја дати неће ожедњети довијека, него вода коју ћу му дати постаће у њему извор воде која тече у живот вјечни."
Јован,4,15,"Рече му жена: Господе, дај ми ту воду да не жедним и не долазим овамо да захватам."
Јован,4,16,"Рече јој Исус: Иди, зови мужа својега, и дођи овамо."
Јован,4,17,Одговори жена и рече: Немам мужа. Рече јој Исус: Добро каза: немам мужа;
Јован,4,18,"Јер си пет мужева имала, и сада кога имаш није ти муж; то си право казала."
Јован,4,19,"Рече му жена: Господе, видим да си ти пророк."
Јован,4,20,"Оци наши клањаху се Богу на гори овој, а ви кажете да је у Јерусалиму мјесто гдје се треба клањати."
Јован,4,21,"Рече јој Исус: Жено, вјеруј ми да долази час када се нећете клањати Оцу ни на гори овој ни у Јерусалиму."
Јован,4,22,Ви се клањате ономе што не знате; а ми се клањамо ономе што знамо; јер је спасење од Јудејаца.
Јован,4,23,"Али долази час, и већ је ту, када ће се истински богомољци клањати Оцу у духу и истини, јер Отац тражи да такви буду они који му се клањају."
Јован,4,24,"Бог је дух; и који му се клањају, у духу и истини треба да се клањају."
Јован,4,25,"Рече му жена: Знам да долази Месија звани Христос; кад он дође, објавиће нам све."
Јован,4,26,Рече јој Исус: Ја сам - који говорим с тобом.
Јован,4,27,"И утом дођоше ученици његови, и зачудише се што са женом разговара, али ниједан не рече: шта тражиш, или што говориш са њом?"
Јован,4,28,А жена остави свој крчаг и отиде у град и рече људима:
Јован,4,29,Ходите да видите човјека који ми каза све што сам учинила. Да није он Христос?
Јован,4,30,"Изиђоше, дакле, из града и пођоше њему."
Јован,4,31,"А у међувремену мољаху га ученици његови говорећи: Рави, једи!"
Јован,4,32,А он им рече: Ја имам јело да једем за које ви не знате.
Јован,4,33,Тада ученици говораху међу собом: Да му неко не донесе да једе?
Јован,4,34,"Исус им рече: Јело је моје да вршим вољу Онога који ме је послао, и извршим његово дјело."
Јован,4,35,"Не кажете ли ви да су још четири мјесеца па ће настати жетва? Ето, велим вам: подигните очи своје и видите њиве како се већ жуте за жетву."
Јован,4,36,"И који жање прима плату, и сабира род за живот вјечни, да се радује заједно и који сије и који жање."
Јован,4,37,"Јер у томе је истинита ријеч, да је други који сије, а други који жање."
Јован,4,38,"Ја вас послах да жањете гдје се ви нисте трудили; други су се трудили, а ви сте у труд њихов ушли."
Јован,4,39,А из града онога многи од Самарјана повјероваше у њега за ријеч жене која је свједочила: Каза ми све што учиних.
Јован,4,40,"Када, дакле, дођоше к њему Самарјани, мољаху га да остане код њих; и остаде ондје два дана."
Јован,4,41,"И много их више вјерова за ријеч његову,"
Јован,4,42,"Те жени говораху: Сад не вјерујемо више због твога казивања, јер сами смо чули и знамо да је ово заиста Спаситељ свијета, Христос."
Јован,4,43,"А послије два дана изиђе оданде, и отиде у Галилеју."
Јован,4,44,Јер сам Исус посвједочи да пророк у својој постојбини нема части.
Јован,4,45,"А када дође у Галилеју, примише га Галилејци, који бијаху видјели све што учини у Јерусалиму о Празнику, јер и они дођоше на Празник."
Јован,4,46,"Исус пак дође опет у Кану Галилејску, гдје претвори воду у вино. И бјеше неки царев човјек чији син боловаше у Капернауму."
Јован,4,47,"Овај чувши да је Исус дошао из Јудеје у Галилеју, отиде к њему и мољаше га да сиђе и да му исцијели сина; јер бијаше на самрти."
Јован,4,48,"Каза му, дакле, Исус: Ако не видите знаке и чудеса. нећете да повјерујете."
Јован,4,49,"Рече му царев човјек: Господе, дођи док није умрло дијете моје."
Јован,4,50,"Рече му Исус: Иди, син твој је жив. И вјерова човјек ријечи коју му рече Исус и пође."
Јован,4,51,"А већ док он силажаше, гле, сретоше га слуге његове и јавише му говорећи: Дијете је твоје живо."
Јован,4,52,Тада их упита за час у који му би лакше; и казаше му: Јуче у седми час пусти га грозница.
Јован,4,53,"Тада разумје отац да то бјеше у онај час у који му рече Исус: Син твој је жив. И вјерова он и сва кућа његова."
Јован,4,54,"Ово је опет друго знамење које учини Исус дошавши из Јудеје у Галилеју."
Јован,5,1,"Потом бјеше празник јудејски, и изиђе Исус у Јерусалим."
Јован,5,2,"А у Јерусалиму код Овчијих врата постоји бања, која се јеврејски зове Витезда, и има пет тријемова."
Јован,5,3,"У њима лежаше велико мноштво болесника, слијепих, хромих, сухих, који чекаху да се вода заталаса."
Јован,5,4,"Јер анђео Господњи повремено силажаше и узбуркаваше воду; и који би први ушао пошто се узбурка вода, оздравио би, ма од какве болести боловао."
Јован,5,5,А ондје бијаше неки човјек који тридесет и осам година бјеше болестан.
Јован,5,6,"Кад видје Исус овога гдје лежи, и разумје да је већ много година болестан, рече му: Хоћеш ли здрав да будеш?"
Јован,5,7,"Одговори му болесник: Господе, човјека немам, да ме спусти у бању када се узбурка вода: а док ја дођем, други сиђе прије мене."
Јован,5,8,"Рече му Исус: Устани, узми одар свој и ходи!"
Јован,5,9,"И одмах оздрави човјек, и узе одар свој и хођаше. А тај дан бјеше субота."
Јован,5,10,"Тада говораху Јудејци исцијељеном: Субота је, није ти допуштено да носиш одар."
Јован,5,11,Он им одговори: Који ме учини здравим он ми рече: Узми одар свој и ходи.
Јован,5,12,А они га запиташе: Ко је тај човјек који ти рече: Узми одар свој и ходи?
Јован,5,13,А излијечени не знађаше ко је; јер се Исус бјеше удаљио због многог народа на ономе мјесту.
Јован,5,14,"Потом га нађе Исус у храму и рече му: Ето постао си здрав, више не гријеши, да ти се што горе не догоди."
Јован,5,15,Човјек отиде и јави Јудејцима да је Исус тај који га учини здравим.
Јован,5,16,"И зато гоњаху Јудејци Исуса, и гледаху да га убију, јер чињаше то у суботу."
Јован,5,17,"А Исус им одговори: Отац мој до сада дјела, и ја дјелам."
Јован,5,18,"И зато још више тражаху Јудејци да га убију, не само што нарушаваше суботу, него што и Бога називаше својим Оцем градећи се једнак Богу."
Јован,5,19,"А Исус одговори и рече им: Заиста, заиста вам кажем: Син не може ништа чинити сам од себе него што види да Отац чини; јер што Он чини, то исто чини и Син;"
Јован,5,20,"Јер Отац љуби Сина, и све му показује што сам чини; и показаће му већа дјела од ових да се ви чудите."
Јован,5,21,"Јер као што Отац подиже мртве и оживљава, тако и Син које хоће оживљава."
Јован,5,22,"Јер Отац не суди никоме, него је сав суд дао Сину."
Јован,5,23,Да сви поштују Сина као што поштују Оца. Ко не поштује Сина не поштује ни Оца који га је послао.
Јован,5,24,"Заиста, заиста вам кажем: Ко моју ријеч слуша и вјерује Ономе који ме је послао, има живот вјечни, и не долази на суд, него је прешао из смрти у живот."
Јован,5,25,"Заиста, заиста вам кажем, да долази час, и већ је настао, када ће мртви чути глас Сина Божијега, и чувши га оживјеће."
Јован,5,26,"Јер као што Отац има живот у себи, тако даде и Сину да има живот у себи;"
Јован,5,27,"И даде му власт и да суди, јер је Син Човјечији."
Јован,5,28,"Не чудите се томе, јер долази час у који ће сви који су у гробовима чути глас Сина Божијега,"
Јован,5,29,"И изићи ће они који су чинили добро у васкрсење живота, а они који су чинили зло у васкрсење суда."
Јован,5,30,"Ја не могу ништа чинити сам од себе; Како чујем онако судим, и суд је мој праведан; јер не тражим вољу своју но вољу Оца који ме је послао."
Јован,5,31,"Ако ја свједочим сам за себе, свједочанство моје није истинито."
Јован,5,32,Други је који свједочи за мене; и знам да је истинито свједочанство којим свједочи за мене.
Јован,5,33,"Ви сте послали к Јовану, и он је посвједочио за истину."
Јован,5,34,"А ја не примам свједочанство од човјека, него ово говорим да се ви спасете."
Јован,5,35,Он бјеше свјетиљка која гораше и свијетљаше; а ви хтједосте мало времена да се радујете свјетлости његовој.
Јован,5,36,"Али ја имам свједочанство веће од Јованова; јер дјела која ми даде Отац да их свршим, ова дјела која ја чиним свједоче за мене да ме је Отац послао."
Јован,5,37,"И Отац који ме посла он је и посвједочио за мене. Нити сте глас његов икада чули, ни лице његово видјели."
Јован,5,38,И ријеч његову немате да обитава у вама; зато што ви не вјерујете Ономе кога Он посла.
Јован,5,39,"Истражујете Писма, јер ви мислите да у њима имате живот вјечни; а баш она свједоче о мени;"
Јован,5,40,И нећете да дођете к мени да имате живот.
Јован,5,41,"Славу од људи не примам,"
Јован,5,42,Него вас познајем да љубави Божије немате у себи.
Јован,5,43,"Ја сам дошао у име Оца својега и не примате ме; ако други дође у име своје, њега ћете примити."
Јован,5,44,"Како ви можете вјеровати када примате славу један од другога, а славу која је од јединога Бога не тражите?"
Јован,5,45,"Не мислите да ћу вас ја тужити Оцу; има који вас оптужује, Мојсеј, у кога се ви уздате."
Јован,5,46,"Јер да вјеровасте Мојсеју, вјеровали бисте и мени; јер он писа о мени."
Јован,5,47,"А кад његовим Писмима не вјерујете, како ћете вјеровати мојим ријечима?"
Јован,6,1,"Послије тога отиде Исус преко Галилејског, Тиверијадског мора."
Јован,6,2,"И за њим иђаше мноштво народа, јер гледаху знамења његова која чињаше на болесницима."
Јован,6,3,"А Исус изиђе на гору, и ондје сјеђаше са ученицима својим."
Јован,6,4,"А бијаше близу Пасха, празник јудејски."
Јован,6,5,"Подигнувши Исус очи, и видјевши да мноштво народа долази к њему, рече Филипу: Одакле да купимо хљеба да ови једу?"
Јован,6,6,"А ово говораше кушајући га, јер сам знађаше шта ће чинити."
Јован,6,7,"Одговори му Филип: Ни за двјеста динара хљеба није им доста, да свако од њих само мало добије."
Јован,6,8,"Рече му један од ученика његових, Андреј, брат Симона Петра:"
Јован,6,9,Овдје има једно момче које има пет хљебова јечмених и двије рибе. Али шта је то на толико мноштво?
Јован,6,10,"А Исус рече: Реците људима да посједају. А бјеше траве много на ономе мјесту. Посједаше, дакле, људи на број око пет хиљада."
Јован,6,11,"А Исус узе хљебове, и заблагодаривши, раздаде ученицима, а ученици онима који бијаху посједали: тако и од риба колико хтједоше."
Јован,6,12,"А када се наситише рече ученицима својим: Скупите преостале комаде, да ништа не пропадне."
Јован,6,13,"И сакупише, и напунише дванаест котарица комада од пет хљебова јечмених што преостаде иза оних који су јели."
Јован,6,14,А људи видјевши знамење које учини Исус говор.аху: Ово је заиста Пророк који треба да дође на свијет.
Јован,6,15,"А кад разумије Исус да хоће да дођу да га ухвате и учине царем, он отиде опет на гору сам."
Јован,6,16,"Када пак наста вече, сиђоше ученици његови на море,"
Јован,6,17,"И ушавши у лађу пођоше преко мора у Капернаум. И већ бјеше пао мрак, а Исус не бјеше дошао к њима."
Јован,6,18,А море се подизаше од великога вјетра.
Јован,6,19,"Пошто су, дакле, веслали око двадесет и пет или тридесет стадија, угледаше Исуса како иде по мору и приближава се лађи, па се препадоше."
Јован,6,20,А он им рече: Ја сам; не бојте се!
Јован,6,21,И хтједоше га узети у лађу: и одмах се лађа обрете на земљи у коју иђаху.
Јован,6,22,"Сутрадан народ који је стајао с оне стране мора, видје да ондје не бјеше друге лађице осим оне једне у коју уђоше ученици његови, и да не уђе Исус са ученицима својим у лађицу него само ученици његови отидоше;!"
Јован,6,23,А друге лађице из Тиверијаде дођоше близу онога мјеста гдје једоше хљеб када Господ заблагодари.
Јован,6,24,"Када, дакле, видје народ да Исуса не бјеше ондје, ни ученика његових, уђоше и они у лађе, и дођоше у Капернаум тражећи Исуса."
Јован,6,25,"И нашавши га с оне стране мора, рекоше му: Рави, када си дошао овамо?"
Јован,6,26,"Исус им одговори и рече: Заиста, заиста вам кажем: не тражите ме што сте знамења видјели, него што сте хљеба јели и наситили се."
Јован,6,27,"Трудите се не за јело које пролази, него за јело које остаје за живот вјечни, које ће вам дати Син Човјечији, јер овога потврди Бог Отац."
Јован,6,28,А они му рекоше: Шта да чинимо да бисмо творили дјела Божија?
Јован,6,29,Одговори Исус и рече им: Ово је дјело Божије да вјерујете у Онога кога Он посла.
Јован,6,30,"А они му рекоше: Какав, дакле, знак ти показујеш да видимо и да ти вјерујемо? Шта ти чиниш?"
Јован,6,31,"Оцеви наши једоше ману у пустиљи, као што је написано: Хљеб са неба даде им да једу."
Јован,6,32,"Тада им рече Исус: Заиста, заиста вам кажем: није вам Мојсеј дао хљеб са неба него Отац мој даје вам истинити хљеб са неба;"
Јован,6,33,Јер хљеб је Божији онај који силази с неба и даје живот свијету.
Јован,6,34,"Тада му рекоше: Господе, дај нам свагда тај хљеб!"
Јован,6,35,"А Исус им рече: Ја сам хљеб живота: који мени долази неће огладњети, и који у мене вјерује неће никад ожедњети."
Јован,6,36,"Него вам рекох: и видјели сте ме, и не вјерујете."
Јован,6,37,Све што ми даје Отац мени ће доћи; и онога који долази мени нећу истјерати напоље.
Јован,6,38,"Јер сам сишао с неба не да творим вољу своју, него вољу Оца, који ме посла."
Јован,6,39,"А ово је воља Оца који ме посла, да све што ми је дао ништа од тога не изгубим, него да то васкрснем у посљедњи дан."
Јован,6,40,"А ово је воља Оца који ме посла, да сваки који види Сина и вјерује у њега има живот вјечни; и ја ћу га васкрснути у посљедњи дан."
Јован,6,41,"Тада гунђаху Јудејци на њега што рече: Ја сам хљеб који сиђе с неба,"
Јован,6,42,"И говораху: Није ли ово Исус, син Јосифов, коме ми знамо оца и матер? Како, дакле, он говори: С неба сам сишао?"
Јован,6,43,А Исус им одговори и рече: Не гунђајте међу собом.
Јован,6,44,Нико не може доћи мени ако га не привуче Отац који ме посла; и ја ћу га васкрснути у посљедњи дан.
Јован,6,45,"У Пророцима је написано: И биће сви научени од Бога. Сваки који чује од Оца и научи, долази к мени."
Јован,6,46,"Не да је ко видио Оца, осим Онога који је од Бога: он је видио Оца."
Јован,6,47,"Заиста, заиста вам кажем: Који вјерује у мене има живот вјечни."
Јован,6,48,Ја сам хљеб живота.
Јован,6,49,"Оци ваши једоше ману у пустињи, и помријеше."
Јован,6,50,Ово је хљеб који силази с неба: да који од њега једе не умре.
Јован,6,51,"Ја сам хљеб живи који сиђе с неба; ако ко једе од овога хљеба живјеће вавијек; и хљеб који ћу ја дати тијело је моје, које ћу ја дати за живот свијета."
Јован,6,52,Јудејци се пак препираху међу собом говорећи: Како може овај дати нама тијело своје да једемо?
Јован,6,53,"А Исус им рече: Заиста. заиста вам кажем: ако не једете тијело Сина Човјечијега и не пијете крви његове, немате живота у себи."
Јован,6,54,Који једе моје тијело и пије моју крв има живот вјечни;и ја ћу га васкрснути у посљедњи дан.
Јован,6,55,"Јер тијело моје истинско је јело, а крв је моја истинско пиће."
Јован,6,56,Који једе моје тијело и пије моју крв у мени пребива и ја у њему.
Јован,6,57,"Као што мене посла живи Отац, и као што ја живим због Оца, и онај који једе мене и он ће живјети због мене."
Јован,6,58,"Ово је хљеб који сиђе с неба: не као што оци ваши једоше ману, и помријеше; који једе хљеб овај живјеће вавијек."
Јован,6,59,Ово рече у синагоги кад учаше у Капернауму.
Јован,6,60,"Тада многи од ученика његових, чувши то, рекоше: Ово је тврда бесједа. Ко је може слушати?"
Јован,6,61,"А Исус, знајући у себи да ученици његови ропћу због тога, рече им: Зар вас ово саблажњава?"
Јован,6,62,А шта ако видите Сина Човјечијега да одлази горе гдје је прије био?
Јован,6,63,"Дух је оно што оживљава, тијело не користи ништа. Ријечи које вам ја говорим дух су и живот су."
Јован,6,64,"Али има међу вама неких који не вјерују. Јер знађаше Исус од почетка који су то што не вјерују, и ко ће га издати."
Јован,6,65,И говораше: Зато сам вам рекао да нико не може доћи к мени ако му не буде дано од Оца мојега.
Јован,6,66,"Од тада многи од ученика његових отидоше натраг, и више не иђаху с њим."
Јован,6,67,А Исус рече Дванаесторици: Да нећете и ви да одете?
Јован,6,68,"Тада му одговори Симон Петар: Господе, коме ћемо отићи? Ти имаш ријечи живота вјечнога."
Јован,6,69,И ми смо повјеровали и познали да си ти Христос Снн Бога живога.
Јован,6,70,Исус им одговори: Не изабрах ли ја вас дванаесторицу? И један од вас је ђаво.
Јован,6,71,"А говораше за Јуду Симонова Искариота, јер он иамјераваше да га изда, иако бјеше један од Дванаесторице."
Јован,7,1,"И послије тога хођаше Исус по Галилеји; јер по Јудеји не хтједе да ходи, пошто тражаху Јудејци да га убију."
Јован,7,2,Бијаше пак близу јудејски празник Сјеница.
Јован,7,3,Тада му рекоше браћа његова: Отиди одавде и иди у Јудеју. да и ученици твоји виде дјела твоја која чиниш;
Јован,7,4,"Јер нико не чини нешто у тајности, а сам тражи да је познат. Када тако што чиниш. покажи се свијету."
Јован,7,5,Јер ни браћа његова не вјероваху у њега.
Јован,7,6,"Тада им рече Исус: Вријеме моје још није дошло, а вријеме је ваше свагда спремно."
Јован,7,7,Не може свијет мрзити вас; а мене мрзи јер ја свједочим о њему да су дјела његова зла.
Јован,7,8,"Ви отидите на овај Празник: ја још нећу ићи на овај Празник, јер се моје вријеме још није испунило."
Јован,7,9,"Рекавши им ово, остаде у Галилеји."
Јован,7,10,"А кад отидоше браћа његова, тада и сам оде на Празник, не јавно, него као утајности."
Јован,7,11,А Јудејци га тражаху о Празнику и говораху: Гдје је онај?
Јован,7,12,"И бијаху о њему многе препирке у народу: једни говораху да је добар, а други говораху: не, него вара народ."
Јован,7,13,Али нико не говораше јавно о њему због страха од Јудејаца.
Јован,7,14,А већ у половини Празника дође Исус у храм и учаше.
Јован,7,15,И чуђаху се Јудејци говорећи: Како овај зна књиге а није се учио?
Јован,7,16,"Тада им одговори Исус и рече: Моја наука није моја, него Онога који ме је послао."
Јован,7,17,"Ако хоће ко вољу његову да твори, познаће да ли је ова наука од Бога, или ја сам од себе говорим."
Јован,7,18,"Који говори сам од себе, своју славу тражи: а ко тражи славу Онога који га је послао, тај је истинит и нема у њему неправде."
Јован,7,19,Није ли Мојсеј дао вама Закон? И нико од вас не извршава Закон. Зашто тражите да ме убијете?
Јован,7,20,Одговори народ и рече: Демон је у теби; ко тражи да те убије?
Јован,7,21,"Одговори Исус и рече им: Једно дјело учиних, и сви се дивите томе."
Јован,7,22,"Мојсеј вам је дао обрезање, не што је оно од Мојсеја, него од отаца, и у суботу обрезујете човјека."
Јован,7,23,"Ако у суботу човјек прима обрезање, па се тиме не нарушава Закон Мојсејев, зашто се на мене гњевите што цијелога човјека излијечих у суботу?"
Јован,7,24,"Не судите по изгледу, него праведан суд судите."
Јован,7,25,Тада говораху неки од Јерусалимљана: Није ли то онај кога траже да убију?
Јован,7,26,"И гле, говори слободно и ништа му не веле. Да стварно не дознаше наши главари да је он заиста Христос?"
Јован,7,27,"Али овога знамо откуда је; а Христос када дође, нико неће знати откуда је."
Јован,7,28,"Тада Исус повика у храму учећи и говорећи: И познајете ме и знате откуда сам; и сам од себе нисам дошао, него је истинит Онај који ме посла, којега ви не знате."
Јован,7,29,"Ја га знам, јер од њега јесам, и Он ме посла."
Јован,7,30,"Тада тражаху да га ухвате, и нико не метну на њега руку, јер још не бјеше дошао час његов."
Јован,7,31,"А од народа многи повјероваше у њега, и говораху: Када дође Христос, зар ће више знамења чинити него овај што учини?"
Јован,7,32,"Чуше фарисеји да народ о њему тако говори, и послаше фарисеји и првосвештеници слуге да га ухвате."
Јован,7,33,"Тада Исус рече: Још мало времена сам са вама, па идем Ономе који ме је послао."
Јован,7,34,Тражићете ме и нећете ме наћи; и гдје сам ја ви не можете доћи.
Јован,7,35,"А Јудејци рекоше међу собом: Куда овај намјерава да иде, а да га ми нећемо наћи? Не мисли ли ући у расијање јелинско и учити Јелине?"
Јован,7,36,Шта значи ова ријеч коју рече: Тражићете ме и нећете наћи; и гдје сам ја ви не можете доћи?
Јован,7,37,А у посљедњи велики дан Празника стајаше Исус и повика говорећи: Ко је жедан нека дође мени и пије!
Јован,7,38,"Који у мене вјерује, као што Писмо рече, из утробе његове потећи ће ријеке воде живе."
Јован,7,39,"А ово рече о Духу кога требаше да приме они који вјерују у име његово, јер Дух Свети још не бјеше дат, зато што Исус још не бјеше прослављен."
Јован,7,40,"А многи од народа, чувши ту ријеч, говораху: Ово је заиста Пророк."
Јован,7,41,Други говораху: Ово је Христос. А једни говораху: Зар ће Христос доћи из Галилеје?
Јован,7,42,Зар не рече Писмо да ће Христос доћи од сјемена Давидова и из села Витлејема гдје бјеше Давид?
Јован,7,43,Тако настаде раздор у народу због њега.
Јован,7,44,А неки од њих хтједоше да га ухвате; али нико не метну руку на њега.
Јован,7,45,"Дођоше пак слуге првосвештеницима и фарисејима, и они им рекоше: Зашто га не доведосте?"
Јован,7,46,Слуге одговорише: Никада човјек није тако говорио као овај човјек.
Јован,7,47,Тада им одговорише фарисеји: Зар сте се и ви преварили?
Јован,7,48,Вјерова ли ко у њега од главара или од фарисеја?
Јован,7,49,"Него народ овај који не зна Закон, проклет је!"
Јован,7,50,"Рече им Никодим, који му је долазио ноћу и бјеше један од њих:"
Јован,7,51,Еда ли Закон наш суди човјеку докле га најприје не саслуша и дозна шта чини?
Јован,7,52,Одговорише му и рекоше: Да ниси и ти из Галилеје? Испитај и види да пророк из Галилеје не долази.
Јован,7,53,И отидоше сваки дому своме.
Јован,8,1,А Исус отиде на Маслинску гору.
Јован,8,2,"И ујутру опет дође у храм, и сав народ долажаше к љему; и сједе и учаше их."
Јован,8,3,"А књижевници и фарисеји доведоше жену ухваћену у прељуби, и поставише је на средину."
Јован,8,4,"И рекошс му: Учитељу, ова жена је ухваћена у прељуби на дјелу;"
Јован,8,5,А Мојсеј нам у Закону заповједи да такве каменујемо. Ти дакле. шта велиш?
Јован,8,6,"Ово пак рекоше искушавајући га да би га имали за што окривити. А Исус сагнувши се доље, писаше прстом по земљи."
Јован,8,7,"А кад га упорно питаху, исправи се и рече им: Који је међу вама без гријеха нека први баци камен на њу."
Јован,8,8,Па се опет саже доље и писаше по земљи.
Јован,8,9,"А они чувши то, и покарани од своје савјести, излажаху један по један, почевши од старјешина до посљедњих; и остаде Исус сам и жена стојећи на средини."
Јован,8,10,"А када се Исус исправи, и не видјевши никога до саму жену, рече јој: Жено, гдје су они што те тужаху? Зар те нико не осуди?"
Јован,8,11,"А она рече: Нико. Господе. А Исус јој рече: Ни ја те не осуђујем; иди, и од сада више не гријеши,"
Јован,8,12,"Исус им опет рече, говорећи: Ја сам свјетлост свијету; ко иде за мном неће ходити у тами, него ће имати свјетлост живота."
Јован,8,13,Тада му рекоше фарисеји: Ти сам за себе свједочиш; свједочанство твоје није истинито.
Јован,8,14,"Исус одговори и рече им: Ако ја и свједочим за самога себе, истинито је свједочанство моје, јер знам откуда дођох и куда идем; а ви не знате откуда долазим и куда идем."
Јован,8,15,"Ви судите по тијелу, ја не судим никоме."
Јован,8,16,"Али ако ја и судим, суд је мој истинит, јер нисам сам него ја и Отац који ме посла."
Јован,8,17,А и у Закону вашему стоји написано да је свједочанство двојице људи истинито.
Јован,8,18,"Ја сам онај који свједочи за себе, и свједочи за мене Отац који ме посла."
Јован,8,19,"Тада му говораху: Гдје је Отац твој? Исус одговори: Не знате ни мене ни Оца мојега; кад бисте знали мене, знали бисте и Оца мојега."
Јован,8,20,"Ове ријечи каза Исус код ризнице кад учаше у храму; и нико га не ухвати, јер још не бјеше дошао час његов."
Јован,8,21,"А Исус им поново рече: Ја идем, и тражићете ме; и помријећете у гријеху своме; куд ја идем ви не можете доћи."
Јован,8,22,"Тада рекоше Јудејци: Да се неће сам убити, јер говори: куд ја идем ви не можете доћи?"
Јован,8,23,"И рече им: Ви сте одоздо, ја сам одозго; ви сте од овога свијета, ја нисам од овога свијета."
Јован,8,24,"Зато вам и рекох да ћете помријети у гријесима својим; јер ако не повјерујете да Ја јесам, помријећете у гријесима својим."
Јован,8,25,"Тада му говораху: Ко си ти? И рече им Исус: Почетак, што вам и кажем."
Јован,8,26,"Много имам о вама говорити и судити; али Онај који ме лосла истинит је, и ја говорим у свијету оно што чух од њега."
Јован,8,27,И не разумјеше да им говори за Оца.
Јован,8,28,"А Исус им рече: Кад подигнете Сина Човјечијега, онда ћете дознати да Ја јесам, и да ништа сам од себе не чиним: него како ме научи Отац мој онако говорим."
Јован,8,29,И Онај који ме посла са мном је. Не остави Отац мене сама; јер ја свагда чиним што је њему угодно.
Јован,8,30,"Кад он ово говораше, многи повјероваше у њега."
Јован,8,31,"Тада Исус говораше оним Јудејцима који су му повјеровали: Ако ви останете у науци мојој, заиста сте моји ученици;"
Јован,8,32,"И познаћете истину, и истина ће вас ослободити."
Јован,8,33,"Одговорише му: Ми смо сјеме Авраамово, и никад никоме нисмо робовали. Како ти говориш: постаћете слободни?"
Јован,8,34,"Исус им одговори: Заиста, заиста вам кажем да сваки који чини гријех роб је гријеху."
Јован,8,35,"А роб не остаје у кући вавијек, син остаје вавијек."
Јован,8,36,"Ако вас, дакле, Син ослободи, заиста ћете бити слободни."
Јован,8,37,"Знам да сте сјеме Авраамово; али тражите да ме убијете, јер моја ријеч нема мјеста у вама."
Јован,8,38,"Ја говорим што сам видио од Оца својега, и ви. дакле, чините што сте видјели од оца вашега."
Јован,8,39,"Одговорише и рекоше му: Отац наш је Авраам. Исус им рече: Да сте дјеца Авраамова, чинили бисте дјела Авраамова."
Јован,8,40,"А сада тражите да убијете мене, човјека који сам вам казао истину, коју чух од Бога. То Авраам није чинио."
Јован,8,41,Ви чините дјела оца својега. Тада му рекоше: Ми нисмо рођени од блуда; једнога оца имамо - Бога.
Јован,8,42,"А Исус им рече: Кад би Бог био отац ваш, љубили бисте мене; јер ја од Бога изиђох и дођох; јер нисам дошао сам од себе, него ме Он посла."
Јован,8,43,Зашто не разумијете говор мој? Јер не можете да слушате ријеч моју.
Јован,8,44,"Вама је отац ђаво, и жеље оца својега хоћете да чините; он бјеше човјекоубица од почетка, и не стоји у истини, јер нема истине у њему; кад говори лаж, своје говори, јер је он лажа и отац лажи."
Јован,8,45,"А мени не вјерујете, јер ја истину говорим."
Јован,8,46,"Који ме од вас кори за гријех? Ако ли истину говорим, зашто ми ви не вјерујете?"
Јован,8,47,"Онај који је од Бога, ријечи Божије слуша; зато ви не слушате, јер нисте од Бога."
Јован,8,48,"А Јудејци одговорише и рекоше му: Не кажемо ли ми добро да си ти Самарјанин, и да је демон у теби?"
Јован,8,49,"Исус одговори: У мени демона нема, него поштујем Оца својега; а ви ме срамотите."
Јован,8,50,А ја не тражим славе своје; постоји Онај који тражи и суди.
Јован,8,51,"Заиста, заиста вам кажем: Ко одржи ријеч моју неће видјети смрти вавијек."
Јован,8,52,"Тада му рекоше Јудејци: Сада знамо да је демон у теби. Авраам умрије и пророци, а ти говориш: ко одржи ријеч моју неће окусити смрти вавијек."
Јован,8,53,"Еда ли си ти већи од оца нашега Авраама, који умрије? И пророци помријеше. Ко се ти сам правиш?"
Јован,8,54,"А Исус одговори: Ако ја прослављам самога себе, слава је моја ништа. Отац је мој онај који ме прославља, за кога ви говорите да је Бог ваш,"
Јован,8,55,"И не познајете га, а ја га знам. И ако речем да га не знам, бићу лажа као и ви. Него га знам, и ријеч његову држим."
Јован,8,56,"Авраам, отац ваш, био је рад да види дан мој; и видје и обрадова се."
Јован,8,57,"А Јудејци му рекоше: Још немаш ни педесет година, а Авраама си видио?"
Јован,8,58,"А Исус им рече: Заиста, заиста вам кажем: прије него Авраам настаде, Ја јесам."
Јован,8,59,"Тада узеше камење да баце на њега; а Исус се сакри, и изиђе из храма, па прође између њих и тако отиде."
Јован,9,1,И пролазећи видје човјека слијепа од рођења.
Јован,9,2,"И запиташе га ученици његови говорећи: Рави, ко сагријеши, овај или родитељи његови, те се роди слијеп?"
Јован,9,3,"Исус одговори: Не сагријеши ни он ни родитељи његови, него да се јаве дјела Божија на њему."
Јован,9,4,"Мени ваља чинити дјела Онога који ме посла, док је дан. Долази ноћ кад нико не може радити."
Јован,9,5,"Док сам у свијету, свјетлост сам свијету."
Јован,9,6,"Рекавши ово, пљуну на земљу и начини блато од пљувачке, и помаза блатом очи слијепоме."
Јован,9,7,"И рече му: Иди умиј се у бањи Силоамској, што преведено значи: послан. Он оде, дакле, и уми се, и дође гледајући."
Јован,9,8,А сусједи и они који га бијаху видјели прије да бјеше слијеп говораху: Није ли ово онај што је сједио и просио?
Јован,9,9,Једни говораху да је он. а други да је налик на њега. Он говораше: Ја сам.
Јован,9,10,Тада му говораху: Како ти се отворише очи?
Јован,9,11,"Он одговори и рече: Човјек који се зове Исус начини блато, и помаза очи моје, и рече ми: иди у бању Силоамску и умиј се. И кад отидох и умих се, прогледах."
Јован,9,12,Тада му рекоше: Гдје је он? Рече: Не знам.
Јован,9,13,"Онда њега, некадашњега слијепца, одведоше фарисејима."
Јован,9,14,А бјеше субота кад Исус начини блато и отвори му очи.
Јован,9,15,"А фарисеји га тада опет питаху како прогледа. А он им рече: Блато ми метну на очи, и умих се и видим."
Јован,9,16,"Тада говораху неки од фарисеја: Није овај човјек од Бога, јер не светкује суботу. Други говораху: Како може човјек грјешан таква знамења чинити? И наста раздор међу њима."
Јован,9,17,Опет рекоше слијепцу: Шта ти велиш за онога што отвори очи твоје? А он рече: Пророк је.
Јован,9,18,"Тада Јудејци не вјероваше за њега да је био слијеп и прогледао, док не дозваше родитеље тога што је прогледао,"
Јован,9,19,"И запиташе их говорећи: Је ли ово син ваш за кога ви кажете да се роди слијеп? Како, дакле, сада види?"
Јован,9,20,"А родитељи његови одговорише им и рекоше: Знамо да је ово син наш, и да се роди слијеп;"
Јован,9,21,"А како сада види не знамо, или ко му отвори очи ми не знамо: сам је већ одрастао, питајте њега, нека сам каже за себе."
Јован,9,22,Ово рекоше родитељи његови јер се бојаху Јудејаца; јер се Јудејци већ бијаху договорили да буде одлучен од синагоге ко год њега призна за Христа.
Јован,9,23,"Зато рекоше родитељи његови: Одрастао је, њега питајте."
Јован,9,24,"Тада по други пут дозваше човјека који је био слијеп. и рекоше му: Подај славу Богу, ми знамо да је онај човјек грјешан."
Јован,9,25,"А он одговори и рече: Је ли грјешан, не знам; једно знам - да ја бијах слијеп, и сада видим."
Јован,9,26,Тада му опет рекоше: Шта ти учини? Како отвори очи твоје?
Јован,9,27,Одговори им: Већ вам казах и не слушасте. Шта опет хоћете да чујете? Да нећете и ви да постанете ученици његови?
Јован,9,28,"Они га изгрдише и рекоше: Ти си ученик његов, а ми смо ученици Мојсејеви."
Јован,9,29,Ми знамо да је Мојсеју говорио Бог; а овога не знамо откуда је.
Јован,9,30,"Одговори човјек и рече им: У томе и јесте чудо што ви не знате откуда је, а он отвори очи моје."
Јован,9,31,"А знамо да Бог не слуша грјешнике; него ако ко Бога поштује и вољу његову твори, тога слуша."
Јован,9,32,Откако је вијека није се чуло да ико отвори очи рођеноме слијепцу.
Јован,9,33,"Кад он не би био од Бога, не би могао ништа чинити."
Јован,9,34,"Одговорише и рекоше му: Ти си се родио сав у гријесима, па ти нас да учиш? И истјераше га напоље."
Јован,9,35,"Чу Исус да га истјераше напоље, па нашавши га рече му: Вјерујеш ли ти у Сина Божијега?"
Јован,9,36,"Он одговори и рече: А ко је он, Господе, да у њега вјерујем?"
Јован,9,37,"А Исус му рече: И видио си га и онај који говори с тобом, тај је."
Јован,9,38,"А он рече: Вјерујем, Господе! И поклони му се."
Јован,9,39,"И рече Исус: За суд ја дођох у овај свијет, да виде који не виде, и који виде да постану слијепи."
Јован,9,40,"И чуше ово неки од фарисеја који бијаху са њим, и рекоше му: Еда ли смо и ми слијепи?"
Јован,9,41,"Рече им Исус: Кад бисте били слијепи, не бисте имали гријеха; а сада кажете: видимо, тако ваш гријех остаје."
Јован,10,1,"Заиста, заиста вам кажем: Ко не улази на врата у тор овчији него прелази на другом мјесту, он је лопов и разбојник."
Јован,10,2,А који улази на врата пастир је овцама.
Јован,10,3,"Њему вратар отвара, и овце глас његов слушају, и своје овце зове по имену, и изводи их;"
Јован,10,4,"И када своје овце истјера, иде пред њима, и овце иду за њим, јер познају глас његов."
Јован,10,5,"А за туђином неће поћи, него ће побјећи од њега, јер не познају глас туђинаца."
Јован,10,6,"Ову причу каза им Исус, али они не разумјеше шта бијаше то што им говораше."
Јован,10,7,"Тада им рече Исус опет: Заиста, заиста вам кажем: ја сам врата овцама."
Јован,10,8,Сви који год дођоше прије мене лопови су и разбојници; али их овце не послушаше.
Јован,10,9,"Ја сам врата; ако ко уђе кроза ме спашће се, и ући ће и изићи ће, и пашу ће наћи."
Јован,10,10,Лопов не долази за друго него да украде и закоље и упропасти. Ја дођох да живот имају и да га имају у изобиљу.
Јован,10,11,Ја сам пастир добри. Пастир добри живот свој полаже за овце.
Јован,10,12,"А најамник, који није пастир, коме овце нису своје, види вука гдје долази, и оставља овце. и бјежи; и вук разграби овце и распуди их."
Јован,10,13,"А најамник бјежи, јер је најамник и не мари за овце."
Јован,10,14,"Ја сам пастир добри и познајем своје, и моје мене познају."
Јован,10,15,Као што Отац познаје мене и ја Оца; и живот свој полажем за овце.
Јован,10,16,"И друге овце имам које нису из овога тора, и те ми ваља привести, и чуће глас мој, и биће једно стадо и један пастир."
Јован,10,17,"Зато ме Отац љуби, јер ја живот свој полажем да га опет узмем."
Јован,10,18,"Нико га не узима од мене, него га ја сам од себе полажем. Власт имам положити га и власт имам опет узети га. Ову заповијест примих од Оца свога."
Јован,10,19,Тада опет настаде раздор међу Јудејцима због ових ријечи.
Јован,10,20,"А многи од њих говораху: У њему је демон, и махнита. Што га слушате?"
Јован,10,21,Други говораху: Ово нису ријечи бјесомучника. Зар може демон слијепима очи отварати?
Јован,10,22,"А бијаше тада Празник обновљења храма у Јерусалиму, и бијаше зима."
Јован,10,23,И ходаше Исус у храму по тријему Соломонову.
Јован,10,24,"И Јудејци га опколише и говораху му: Докле ћеш мучити душе наше? Ако си ти Христос, кажи нам отворено."
Јован,10,25,"Исус им одговори: Рекох вам па не вјерујете. Дјела која творим ја у име Оца својега, она свједоче о мени,"
Јован,10,26,"Али ви не вјерујете; јер нисте од оваца мојих, као што вам рекох."
Јован,10,27,"Овце моје слушају глас мој, и ја њих познајем, и за мном иду."
Јован,10,28,"И ја им дајем живот вјечни, и никад неће изгинути, и нико их неће отети из руке моје."
Јован,10,29,Отац мој који ми их је дао већи је од свију: и нико их не може отети из руке Оца мојега.
Јован,10,30,Ја и Отац једно смо.
Јован,10,31,А Јудејци опет подигоше камење да га каменују.
Јован,10,32,"Исус им одговори: Многа добра дјела показах вам од Оца својега, за које од тих дјела ме каменујете?"
Јован,10,33,"Одговорише му Јудејци говорећи: Не каменујемо те за добро дјело, него за хулу, што се ти. човјек будући, правиш Бог."
Јован,10,34,Одговори им Исус: Није ли написано у Закону вашему: Ја рекох: богови сте?
Јован,10,35,"Кад оне назва боговима, којима ријеч Божија би дата. а Писмо се не може укинути,"
Јован,10,36,"Како ви говорите ономе кога Отац посвети и посла на свијет: хулиш, зато што рекох: ја сам Син Божији?"
Јован,10,37,"Ако не творим дјела Оца својега, не вјерујте ми."
Јован,10,38,"Ако ли творим, иако мени не вјерујете, дјелима вјерујте, да познате и вјерујете да је Отац у мени и ја у њему."
Јован,10,39,Тада опет тражаху да га ухвате; али им се измаче из руку.
Јован,10,40,И отиде опет преко Јордана на мјесто гдје Јован најприје крштаваше; и остаде ондје.
Јован,10,41,"И многи дођоше к њему и говораху: Јован не учини ниједно знамење, али све што каза Јован за овога истина бјеше."
Јован,10,42,И многи вјероваше у њега ондје.
Јован,11,1,"Бијаше пак неки болесник, Лазар из Витаније, из села Марије и Марте, сестре њезине."
Јован,11,2,"А Марија, чији брат Лазар боловаше, бјеше она која помаза Господа мирисом и обриса ноге његове својом косом,"
Јован,11,3,Онда сестре послаше к њему говорећи: Господе. ево болује онај кога ти љубиш.
Јован,11,4,"А када чу Исус, рече: Ова болест није на смрт, него на славу Божију, да се Син Божији прослави кроз њу."
Јован,11,5,А Исус љубљаше Марту и сестру њезину и Лазара.
Јован,11,6,"Па када чу да је болестан, тада остаде два дана на мјесту гдје бјеше."
Јован,11,7,Послије тога рече ученицима: Хајдемо опет у Јудеју.
Јован,11,8,"Рекоше му ученици: Рави, сад Јудејци тражаху да те каменују, па зар опет идеш онамо?"
Јован,11,9,"Исус одговори: Није ли дванаест часова у дану? Ко дању иде не спотиче се, јер види свјетлост овога свијета;"
Јован,11,10,"А ко иде ноћу спотиче се, јер нема свјетлости у њему."
Јован,11,11,"Ово каза, и потом им рече: Лазар, пријатељ наш, заспао је, но идем да га пробудим."
Јован,11,12,"Онда рекоше ученици његови: Господе, ако је заспао,устаће."
Јован,11,13,"А Исус им бјеше рекао за смрт његову, они пак мишљаху да говори о починку сна."
Јован,11,14,Тада им Исус рече отворено: Лазар умрије.
Јован,11,15,"И мило ми је због вас што нисам био ондје, да вјерујете; него хајдемо њему."
Јован,11,16,"Онда Тома, звани Близанац, рече осталим ученицима: Хајдемо и ми да помремо с њим."
Јован,11,17,"Када пак дође Исус, нађе га, а он већ четири дана у гробу."
Јован,11,18,А Витанија бјеше близу Јерусалима око петнаест стадија.
Јован,11,19,И многи од Јудејаца бијаху дошли Марти и Марији да их тјеше за братом њиховим.
Јован,11,20,"Када пак Марта чу да Исус долази, изиђе пред њега, а Марија сјеђаше дома."
Јован,11,21,"Онда рече Марта Исусу: Господе, да си ти био овдје, не би умро брат мој."
Јован,11,22,"Али и сада знам, да што год заиштеш у Бога, даће ти Бог."
Јован,11,23,Рече јој Исус: Васкрснуће брат твој.
Јован,11,24,Марта му рече: Знам да ће васкрснути о васкрсењу у посљедњи дан.
Јован,11,25,"Исус јој рече: Ја сам васкрсење и живот: који вјерује у мене ако и умре, живјеће."
Јован,11,26,И сваки који живи и вјерује у мене неће умријети вавијек. Вјерујеш ли ово?
Јован,11,27,"Рече му: Да, Господе! Ја вјерујем да си ти Христос Син Божији који долази у свијет."
Јован,11,28,"И ово рекавши, отиде те зовну тајно Марију, сестру своју, рекавши: Учитељ је дошао и зове те."
Јован,11,29,"Она, како чу, устаде брзо и отиде к њему."
Јован,11,30,"Јер Исус још не бјеше дошао у село, него бијаше на ономе мјесту гдје га срете Марта."
Јован,11,31,"А Јудејци, који бијаху са њом у кући и тјешаху је, кад видјеше Марију да брзо устаде и изиђе, пођоше за њом говорећи да иде на гроб да плаче ондје."
Јован,11,32,"А Марија, чим дође гдје бјеше Исус и видје га, паде пред ноге његове говорећи му: Господе, да си ти био овдје, не би умро мој брат."
Јован,11,33,"Онда Исус, кад је видје гдје плаче, и гдје плачу Јудејци који дођоше с њом, потресе се у духу и сам се узбуди,"
Јован,11,34,"И рече: Гдје сте га метнули? Рекоше му: Господе, дођи да видиш."
Јован,11,35,Исусу ударише сузе.
Јован,11,36,"Онда Јудејци говораху: Гле, како га љубљаше."
Јован,11,37,А неки од њих рекоше: Не могаше ли овај који отвори очи слијепоме учинити да и овај не умре?
Јован,11,38,"А Исус се опет потресе у себи, и дође на гроб. А то бијаше пећина, и камен лежаше на њој."
Јован,11,39,"Исус рече: Склоните камен! Рече му Марта, сестра умрлога: Господе, већ заудара; јер је четири дана у гробу."
Јован,11,40,"Рече јој Исус: Не рекох ли ти да ако вјерујеш, видјећеш славу Божију?"
Јован,11,41,"Тада склонише камен гдје лежаше мртвац. А Исус подиже очи горе, и рече: Оче, благодарим ти што си ме услишио!"
Јован,11,42,"А ја знадох да ме свагда слушаш; него рекох народа ради који овдје стоји, да вјерују да си ме ти послао."
Јован,11,43,"И ово рекавши, викну громким гласом: Лазаре, изиђи напоље!"
Јован,11,44,"И изиђе умрли увијен по рукама и ногама погребним повојима, и лице му убрусом повезано. Исус им рече: Раздријешите га и пустите нека иде."
Јован,11,45,"Онда многи од Јудејаца који бијаху дошли Марији, видјевши шта учини Исус, повјероваше у њега."
Јован,11,46,Неки пак од њих отидоше фарисејима и казаше им шта учини Исус.
Јован,11,47,"Онда првосвештеници и фарисеји сабраше Синедрион, и говораху: Шта да радимо? Овај човјек чини многа знамења."
Јован,11,48,"Ако га оставимо тако, сви ће повјеровати у њега, па ће доћи Римљани и узети нам и земљу и народ."
Јован,11,49,"А један од њих, по имену Кајафа, који оне године бјеше првосвештеник, рече им: Ви не знате ништа;"
Јован,11,50,"Нити помишљате да је за нас боље да један човјек умре за народ, а не да сав народ пропадне."
Јован,11,51,"А ово не рече сам од себе, него будући првосвештеник оне године, прорече да ће Исус умријети за народ;"
Јован,11,52,"И не само за народ, него и да расијану дјецу Божију сабере у једно."
Јован,11,53,"Од тога, дакле, дана договорише се да га убију."
Јован,11,54,"А Исус не хођаше више јавно међу Јудејцима, него отиде оданде у крај близу пустиње, у град звани Јефрем, и ондје борављаше са ученицима својим."
Јован,11,55,"А бјеше близу Пасха јудејска, и многи из цијеле земље отидоше у Јерусалим прије Пасхе да се очисте."
Јован,11,56,"Тада тражаху Исуса, и стојећи у храму говораху међу собом: Шта вам се чини, да неће доћи на Празник?"
Јован,11,57,"А првосвештеници и фарисеји бијаху издали заповијест, ако ко дозна гдје је, нека јави да га ухвате."
Јован,12,1,"А Исус на шест дана прије Пасхе дође у Витанију, гдје бјеше Лазар који умрије, кога он подиже из мртвих."
Јован,12,2,"Ондје му пак зготовише вечеру, и Марта служаше, а Лазар бјеше један од оних што сјеђаху са њим за трпезом."
Јован,12,3,"А Марија, узевши литру правога нардова скупоцјенога мириса, помаза ноге Исусове, и обриса косом својом ноге његове; а кућа се напуни мириса од мира."
Јован,12,4,"Онда рече један од ученика његових, Јуда Симонов Искариотски, који га намјераваше издати:"
Јован,12,5,Зашто се ово миро не продаде за триста динара и не даде сиромасима?
Јован,12,6,"А ово не рече што му бјеше стало до сиромаха, него што бјеше лопов, и имаше кесу, и узимаше што се меташе у њу."
Јован,12,7,А Исус рече: Остави је! Она је то сачувала за дан мојега погреба;
Јован,12,8,"Јер сиромахе свагда имате са собом, а мене немате свагда."
Јован,12,9,"Дознаде пак многи народ из Јудеје да је ондје и дођоше не само ради Исуса, него и да виде Лазара кога он подиже из мртвих."
Јован,12,10,А првосвештеници се договорише да и Лазара убију;
Јован,12,11,Јер многи од Јудејаца долажаху због њега и вјероваху у Исуса.
Јован,12,12,"Сутрадан многи народ који бјеше дошао на Празник, чувши да Исус долази у Јерусалим,"
Јован,12,13,"Узеше гране од палми и изиђоше му у сретање и клицаху: Осана! Благословен који долази у име Господње, цар Израиљев!"
Јован,12,14,"А Исус нашавши магаре усједе на њега, као што је писано:"
Јован,12,15,"Не бој се, кћери Сионова, ево цар твој долази сједећи на магарету."
Јован,12,16,"Али ово не разумјеше испрва ученици његови; него када се прослави Исус, онда се сјетише да ово бјеше за њега писано, и да му ово учинише."
Јован,12,17,А свједочаше народ који бјеше с њим када Лазара позва из гроба и подиже га из мртвих.
Јован,12,18,"Због тога му и изиђе народ у сретање, јер чу да је он учинио ово знамење."
Јован,12,19,"А фарисеји рекоше међу собом: Видите како ништа не помаже. Ето, свијет оде за њим."
Јован,12,20,А бијаху и неки Јелини међу онима који дођоше да се поклоне о Празнику.
Јован,12,21,"Они, дакле, приступише Филипу, који бјеше из Витсаиде Галилејске, и мољаху га говорећи: Господине, хоћемо да видимо Исуса."
Јован,12,22,"Дође Филип и каза Андреју, а опет Андреј и Филип казаше Исусу."
Јован,12,23,А Исус им одговори говорећи: Дошао је час да се прослави Син Човјечији.
Јован,12,24,"Заиста, заиста вам кажем: ако зрно пшенице паднувши на земљу не умре, онда једно остане; ако ли умре, род многи доноси."
Јован,12,25,"Који воли живот свој изгубиће га, а ко мрзи живот свој на овоме свијету сачуваће га за живот вјечни."
Јован,12,26,"Ко мени служи, за мном нека иде, и гдје сам ја, ондје ће и слуга мој бити; и ко мени служи томе ће дати почаст Отац мој."
Јован,12,27,"Сад је душа моја узбуђена, и шта да речем? Оче, спаси ме од часа овога; али зато дођох за час овај."
Јован,12,28,"Оче, прослави име своје! Тада глас дође с неба: И прославих, и опет ћу прославити!"
Јован,12,29,"А народ који стајаше, када то чу, говораше да је гром загрмио; а други говораху: Анђео ми је говорио."
Јован,12,30,Исус одговори и рече: Овај глас није био мене ради но вас ради.
Јован,12,31,Сад је суд овоме свијету; сад ће кнез овога свијета бити избачен напоље.
Јован,12,32,"И када ја будем подигнут са земље, све ћу привући себи."
Јован,12,33,"А ово говораше, указујући каквом ће смрћу умријети."
Јован,12,34,Народ му одговори: Ми чусмо из Закона да Христос остаје вавијек; и како ти говориш да се Сину Човјечијему ваља подигнути? Ко је тај Син Човјечији?
Јован,12,35,А Исус им рече: Још је мало времена свјетлост са вама; идите док свјетлост имате да вас тама не обузме; а ко иде по тами не зна куда иде.
Јован,12,36,"Док свјетлост имате вјерујте у свјетлост, да будете синови свјетлости. Рекавши ово, Исус отиде и сакри се од њих."
Јован,12,37,"Јер иако је учинио толика знамења пред њима, не вјероваху у њега;"
Јован,12,38,"Да се испуни ријеч Исаије пророка који рече: Господе, ко вјерова проповједи нашој? И рука Господња коме се откри?"
Јован,12,39,"Зато не могаху вјеровати, јер опет рече Исаија:"
Јован,12,40,"Заслијепио је очи њихове и окаменио срца њихова, да не виде очима ни срцем разумију, и не обрате се да их исцијелим."
Јован,12,41,Ово рече Исаија када видје славу његову и говораше о њему.
Јован,12,42,"Али и од старјешина многи вјероваше у њега; но због фарисеја не признаваху, да не буду искључени из синагоге;"
Јован,12,43,Јер завољеше више славу људску него славу Божију.
Јован,12,44,"А Исус повика и рече: Ко вјерује у мене, не вјерује у мене, него у Онога који ме је послао."
Јован,12,45,"И ко види мене, види Онога који ме је послао."
Јован,12,46,"Ја у свијет дођох као свјетлост, да свако ко вјерује у мене не остане у тами."
Јован,12,47,"И ко чује моје ријечи и не вјерује, ја му не судим; јер не дођох да судим свијету, него да спасем свијет."
Јован,12,48,"Ко одбацује мене, и не прима ријечи моје, има себи судију: ријеч коју ја говорих, она ће му судити у посљедњи Дан."
Јован,12,49,"Јер ја не говорих сам од себе, него Отац мој који ме посла, он ми даде заповијест шта да кажем и шта да говорим."
Јован,12,50,"И знам да је заповијест његова живот вјечни. Што год, дакле, ја говорим, онако говорим како ми је рекао Отац."
Јован,13,1,"А пред празник Пасхе, знајући Исус да је дошао његов час да пређе из овога свијета Оцу, љубивши своје који су у свијету, љубио их је до краја."
Јован,13,2,"И кад би вечера, пошто ђаво већ бјеше метнуо у срце Јуди Симонову Искариотском да га изда,"
Јован,13,3,"Знајући Исус да му је Отац све дао у руке, и да од Бога изиђе, и Богу иде,"
Јован,13,4,"Устаде од вечере и скиде горње хаљине, па узе убрус и опаса се њиме."
Јован,13,5,"Потом усу воду у умиваоницу, и поче прати ноге ученицима и отирати убрусом којим бјеше опасан."
Јован,13,6,"Онда дође Симону Петру, а овај му рече: Господе, зар ти моје ноге да опереш?"
Јован,13,7,"Одговори Исус и рече му: Што ја чиним, ти сад не знаш, али ћеш послије разумјети."
Јован,13,8,"Рече му Петар: Никада ти нећеш опрати моје ноге. Исус му одговори: Ако те не оперем, немаш удјела са мном."
Јован,13,9,"Рече му Симон Петар: Господе, не само ноге моје, него и руке и главу."
Јован,13,10,"Рече му Исус: Окупани нема потребе шта да пере осим ногу, јер је сав чист; и ви сте чисти, али не сви."
Јован,13,11,"Јер знађаше издајника својега, зато рече: Нисте сви чисти."
Јован,13,12,"А кад им опра ноге, узе хаљине своје па опет сједе за трпезу и рече им: Знате ли шта сам вам учинио?"
Јован,13,13,"Ви ме зовете Учитељем и Господом, и право велите, јер јесам."
Јован,13,14,"Кад вам, дакле, опрах ноге, ја Господ и Учитељ, и ви сте дужни једни другима прати ноге."
Јован,13,15,"Јер сам вам дао примјер да, као што ја учиних вама, и ви чините."
Јован,13,16,"Заиста, заиста вам кажем: Није слуга већи од господара својега, нити је посланик већи од онога који га је послао."
Јован,13,17,"Кад ово знате, блажени сте ако то творите."
Јован,13,18,"Не говорим о свима вама; ја знам које изабрах; него да се испуни Писмо: Који са мном хљеб једе, подиже пету своју на мене."
Јован,13,19,"Од сада вам говорим прије него се збуде, да, када се збуде, вјерујете да Ја јесам."
Јован,13,20,"Заиста, заиста вам кажем: Који прима онога кога пошаљем, мене прима; а ко прима мене, прима Онога који ме је послао."
Јован,13,21,"Рекавши ово Исус се узбуди духом, и посвједочи и рече: Заиста, заиста вам кажем, један од вас издаће ме."
Јован,13,22,"Онда се ученици згледаху међу собом, и бијаху у недоумици о коме говори."
Јован,13,23,"А један од ученика његових, кога Исус љубљаше, бјеше наслоњен на наручје Исусово."
Јован,13,24,"Њему, дакле, Симон Петар даде знак да упита ко би то био о коме говори."
Јован,13,25,"А овај, наслонивши се на прса Исусова, рече му: Господе, ко је то?"
Јован,13,26,"Исус одговори: Онај је коме ја умочивши залогај дам. И умочивши залогај, даде Јуди Симоновом Искариотском."
Јован,13,27,"И по залогају тада уђе у њега сатана. Онда му рече Исус: Што чиниш, чини брже."
Јован,13,28,А ово не разумједе нико од оних што бијаху за трпезом зато му рече.
Јован,13,29,"А неки мишљаху, будући да у Јуде бјеше кеса, да му Исус рече: Купи што нам треба за празник: или да даде штогод сиромасима."
Јован,13,30,А он узевши залогај одмах изиђе: а бјеше ноћ.
Јован,13,31,"Кад он изиђе, Исус рече: Сада се прослави Син Човјечији, и Бог се прослави у њему."
Јован,13,32,"Ако се Бог прослави у њему, и Бог ће њега прославити у себи, и одмах ће га прославити."
Јован,13,33,"Дјечице, још сам мало с вама; тражићете ме, и као што рекох Јудејцима да куда ја идем ви не можете доћи, то и вама сада говорим."
Јован,13,34,"Заповијест нову дајем вам: да љубите једни друге, као што ја вас љубих, да и ви љубите једни друге."
Јован,13,35,По томе ће сви познати : да сте моји ученици ако будете имали љубав међу собом.
Јован,13,36,"Рече му Симон Петар: Господе, куда идеш? Исус му одговори: Куда ја идем не можеш сада ићи за мном, али ћеш послије поћи за мном."
Јован,13,37,"Петар му рече: Господе, зашто сад не могу ићи за тобом? Живот свој положићу за тебе."
Јован,13,38,"Одговори му Исус: Живот ли ћеш свој положити за мене? Заиста, заиста ти кажем: неће пијетао запјевати док ме се трипут не одрекнеш."
Јован,14,1,"Нека се не збуњује срце ваше, вјерујте у Бога, и у мене вјерујте."
Јован,14,2,"У кући Оца мојега станови су многи. А да није тако, зар бих вам рекао: Идем да вам припремим мјесто."
Јован,14,3,"И ако отидем и припремим вам мјесто, опет ћу доћи, и узећу вас к себи да гдје сам ја. будете и ви."
Јован,14,4,"И куда ја идем знате, и пут знате."
Јован,14,5,"Рече му Тома: Господе, не знамо куда идеш; и како можемо знати пут?"
Јован,14,6,Исус му рсче: Ја сам пут и истина и живот: нико не долази Оцу осим кроз мене.
Јован,14,7,"Кад бисте мене знали и Оца мојега бисте знали; и од сада познајете га, и видјели сте га."
Јован,14,8,"Рече му Филип: Господе, покажи нам Оца, и биће нам доста."
Јован,14,9,"Исус му рече: Толико сам времена с вама и ниси ме познао, Филипе? Ко је видио мене, видио је Оца; па како ти говориш: Покажи нам Оца?"
Јован,14,10,"Зар не вјерујеш да сам ја у Оцу и Отац у мени? Ријечи које вам ја говорим не говорим од самога себе, него Отац који пребива у мени он твори дјела."
Јован,14,11,"Вјерујте ми да сам ја у Оцу и Отац у мени: ако ли не, због самих дјела вјерујте ми."
Јован,14,12,"Заиста, заиста вам кажем: Ко вјерује у мене. дјела која ја творим и он ће творити, и већа од ових ће творити; јер ја идем Оцу своме."
Јован,14,13,"И што год заиштете (од Оца) у име моје то ћу учинити, да се прослави Отац у Сину."
Јован,14,14,"И ако шта заиштете у име моје, ја ћу учинити."
Јован,14,15,"Ако ме љубите, заповијести моје држите,"
Јован,14,16,"И ја ћу умолити Оца. и даће вам другог Утјешитеља да пребива с вама вавијек,"
Јован,14,17,"Духа Истине, кога свијет не може примити. јер га не види, нити га познаје: а ви га познајете, јер са вама пребива, и у вама ће бити."
Јован,14,18,Нећу вас оставити сиротне: доћи ћу к вама.
Јован,14,19,"Још мало и свијет ме више неће видјети, а ви ћете ме видјети, јер ја живим, и ви ћете живјети."
Јован,14,20,"У онај дан знаћете ви да сам ја у Оцу своме, и ви у мени,и ја у вама."
Јован,14,21,"Ко има заповијести моје и држи их, то је онај који ме љуби; а који мене љуби. тога ће љубити Отац мој; и ја ћу га љубити и јавићу му се сам."
Јован,14,22,"Рече му Јуда, не Искариотски: Господе, шта је то да ћеш се јавити нама, а не свијету?"
Јован,14,23,"Одговори му Исус и рече: Ако ме неко љуби, ријеч моју држаће, и Отац мој љубиће њега; и њему ћемо доћи и у њему ћемо се настанити."
Јован,14,24,"Ко мене не љуби, ријечи моје не држи; а ријеч коју чујете није моја него Оца који ме је послао."
Јован,14,25,Ово сам вам говорио док сам боравио с вама.
Јован,14,26,"А Утјешитељ Дух Свети, кога ће Отац послати у име моје, Он ће вас научити свему и подсјетиће вас на све што вам рекох."
Јован,14,27,"Мир вам остављам, мир свој дајем вам; не дајем вам га као што свијет даје. Нека се не збуњује срце ваше и нека се не боји."
Јован,14,28,"Чусте да вам ја казах: Идем, и доћи ћу вама. Кад бисте ме љубили, обрадовали бисте се што рекох: идем Оцу: јер Отац мој већи је од мене."
Јован,14,29,"А сада сам вам рекао, прије него се збуде, да вјерујете када се збуде."
Јован,14,30,"Нећу више много говорити с вама, јер долази кнез овога свијета, и у мени нема ништа."
Јован,14,31,"Него да зна свијет да љубим Оца, и као што ми заповједи Отац, онако творим. Устаните, хајдемо одавде!"
Јован,15,1,"Ја сам истински чокот, и Отац мој је виноградар."
Јован,15,2,Сваку лозу на мени која не рађа рода одсијеца је; а сваку која род рађа чисти је да више рода роди.
Јован,15,3,Ви сте већ чисти због ријечи коју сам вам говорио.
Јован,15,4,"Останите у мени, и ја ћу у вама. Као што лоза не може рода родити сама од себе ако не остане на чокоту, тако ни ви ако у мени не останете."
Јован,15,5,"Ја сам чокот, а ви лозе. Ко остаје у мени и ја у њему, тај доноси многи плод. јер без мене не можете чинити ништа."
Јован,15,6,"Ко у мени не остане, избациће се напоље као лоза, и осушиће се, и скупиће је, и у огањ бацити, и спалити."
Јован,15,7,"Ако останете у мени и ријечи моје у вама остану, што год хоћете иштите и биће вам."
Јован,15,8,"Овим се прослави Отац мој да род многи доносите, и бићете моји ученици."
Јован,15,9,"Као што Отац љуби мене, и ја љубим вас: останите у љубави мојој."
Јован,15,10,"Ако заповијести моје одржите, остаћете у љубави мојој, као што сам ја одржао заповијести Оца мојега и остајем у љубави његовој."
Јован,15,11,Ово сам вам казао да радост моја у вама остане и радост ваша да се испуни.
Јован,15,12,Ово је заповијест моја: да љубите једни друге као што ја вас љубим.
Јован,15,13,"Од ове љубави нико нема веће, да ко живот свој положи за пријатеље своје."
Јован,15,14,Ви сте пријатељи моји ако творите што вам ја заповиједам.
Јован,15,15,"Више вас не називам слугама, јер слуга не зна шта ради господар његов; него сам вас назвао пријатељима, јер све што чух од Оца својега, објавих вам."
Јован,15,16,"Не изабрасте ви мене, него ја вас изабрах и поставих вас да ви идете и род доносите; и род ваш да остане, да што год заиштете од Оца у име моје да вам да."
Јован,15,17,Ово вам заповиједам: да љубите једни Друге.
Јован,15,18,"Ако вас мрзи свијет, знајте да је мене омрзнуо прије вас."
Јован,15,19,"Кад бисте били од свијета, свијет би своје љубио, а како нисте од свијета него вас ја изабрах од свијета, зато вас мрзи свијет."
Јован,15,20,"Опомињите се ријечи коју вам ја рекох: није слуга већи од господара својега. Ако мене гонише, и вас ће гонити: ако моју ријеч одржаше, и вашу ће одржати."
Јован,15,21,"Али све ће вам ово чинити због имена мојега, јер не познају Онога који ме посла."
Јован,15,22,"Да нисам дошао и говорио им, не би гријеха имали; а сад изговора немају за гријех свој."
Јован,15,23,Који мрзи мене и Оца мојега мрзи.
Јован,15,24,"Да не творих међу њима дјела која нико други није творио, не би гријеха имали: а сада су и видјели, и омрзнули и мене и Оца мојега."
Јован,15,25,Али да се испуни ријеч написана у Закону њихову: Омрзнуше ме ни за што.
Јован,15,26,"А када дође Утјешитељ, кога ћу вам ја послати од Оца, Дух Истине, који од Оца исходи, Он ће свједочити за мене."
Јован,15,27,"А и ви ћете свједочити, јер сте од почетка са мном."
Јован,16,1,Ово сам вам казао да се не саблазните.
Јован,16,2,Изгониће вас из синагога; Али долази час када ће сваки ко вас убије мислити да Богу службу приноси.
Јован,16,3,"И то ће чинити, јер не познаше Оца ни мене."
Јован,16,4,"Али ово сам вам казао да се, када дође час, сјећате овога да вам ја казах; а испочетка не казах вам ово, јер бијах с вама."
Јован,16,5,"А сада идем Ономе који ме посла, и нико ме од вас не пита: куда идеш?"
Јован,16,6,"Али зато што сам вам ово казао, жалост је испунила срце ваше."
Јован,16,7,"Но ја вам истину говорим: боље је за вас да ја одем, јер ако ја не одем, Утјешитељ неће доћи к вама; ако ли одем, послаћу га к вама."
Јован,16,8,"И кад Он дође, покараће свијет за гријех, и за правду, и за суд."
Јован,16,9,"За гријех, дакле, што не вјерују у мене;"
Јован,16,10,"За правду пак, што идем Оцу својему, и више ме нећете видјети;"
Јован,16,11,"А за суд, што је кнез овога свијета осуђен."
Јован,16,12,"Још вам имам много говорити, али сада не можете носити."
Јован,16,13,"А када дође Он, Дух Истине, увешће вас у сву истину; јер неће говорити од себе, него ће говорити оно што чује, и јавиће вам оно што долази."
Јован,16,14,"Он ће мене прославити, јер од мојега ће узети, и јавиће вам."
Јован,16,15,"Све што има Отац моје је, зато рекох да ће од мојега узети, и јавити вам."
Јован,16,16,"Још мало, и нећете ме видјети, и опет мало и угледаћете ме, јер ја идем Оцу."
Јован,16,17,"Тада неки од ученика његових рекоше међу собом: Шта је то што нам каже: Још мало, и нећете ме видјети, и опет мало и угледаћете ме; и: Ја идем Оцу?"
Јован,16,18,"Говораху, дакле: Шта је то што каже: мало? Не знамо шта говори."
Јован,16,19,"А Исус разумије да хтједоше да га питају, па им рече: Зато ли се запиткујете међу собом, што рекох: Још мало, и нећете ме видјети, и опет мало, и угледаћете ме."
Јован,16,20,"Заиста, заиста вам кажем да ћете ви заплакати и заридати, а свијет ће се радовати; и ви ћете жалосни бити, али ће се ваша жалост окренути на радост."
Јован,16,21,"Жена кад рађа трпи муку, јер дође час њезин; а када роди дијете, више се не опомиње жалости, због радости што се роди човјек на свијет."
Јован,16,22,"И ви, дакле, имате сада жалост; али ћу вас опет видјети, и радоваће се срце ваше, и радост вашу нико неће узети од вас."
Јован,16,23,"И у онај дан нећете ме питати ништа. Заиста, заиста вам кажем да што год заиштете од Оца у име моје, даће вам."
Јован,16,24,"До сада не искасте ништа у име моје; иштите и добићете, да радост ваша буде испуњена."
Јован,16,25,"Ово сам вам говорио у причама; али долази час кад вам више нећу говорити у причама, него ћу вам отворено јавити о Оцу."
Јован,16,26,"У онај дан ћете у име моје заискати, и не кажем вам да ћу ја умолити Оца за вас:"
Јован,16,27,"Јер сам Отац љуби вас, зато што сте ви љубили мене, и вјеровали да ја од Бога изиђох."
Јован,16,28,"Изиђох од Оца, и дошао сам на свијет; опет остављам свијет, и идем Оцу."
Јован,16,29,"Рекоше му ученици његови: Ето сад отворено говориш, и причу никакву не говориш."
Јован,16,30,"Сада знамо да све знаш, и не треба да те ко пита. По томе вјерујемо да ти од Бога изиђе."
Јован,16,31,Исус им одговори: Сада ли вјерујете?
Јован,16,32,"Ево долази час, и већ је дошао, да се разбјегнете сваки на своју страну, а мене сама оставите: али нисам сам, јер је Отац са мном."
Јован,16,33,"Ово сам вам казао, да у мени мир имате. У свијету ћете имати жалост; али не бојте се, ја сам побиједио свијет."
Јован,17,1,"Ово изговори Исус, па подиже очи своје небу и рече: Оче, дошао је час, прослави Сина својега, да и Син твој прослави тебе;"
Јован,17,2,"Као што си му дао власт над сваким тијелом, да свему што си му дао, дарује им живот вјечни."
Јован,17,3,А ово је вјечни живот да познају тебе једнога истинитога Бога и кога си послао Исуса Христа.
Јован,17,4,Ја те прославих на земљи; дјело сврших које си ми дао да извршим.
Јован,17,5,"И сада прослави ти мене, Оче, у тебе самога, славом коју имадох у тебе прије него свијет постаде."
Јован,17,6,"Објавих име твоје људима које си ми дао од свијета; твоји бијаху па си их мени дао, и твоју су ријеч одржали."
Јован,17,7,Сад разумјеше да је све што си ми дао од тебе.
Јован,17,8,"Јер ријечи које си ми дао, дао сам њима: и они примише, и познаше заиста да од тебе изиђох, и вјероваше да ме ти посла."
Јован,17,9,"Ја се за њих молим, не молим се за свијет, него за оне које си ми дао, јер су твоји."
Јован,17,10,"И све моје твоје је, и твоје моје; и прославио сам се у њима."
Јован,17,11,"И више нисам у свијету. а они су у свијету, и ја долазим теби. Оче свети, сачувај их у име твоје, оне које си ми дао, да буду једно као ми."
Јован,17,12,"Док бијах с њима у свијету, ја их чувах у име твоје; оне које си ми дао сачувах; и нико од њих не погибе осим сина погибли, да се испуни Писмо."
Јован,17,13,"А сада долазим теби, и ово говорим на свијету, да имају радост моју испуњену у себи."
Јован,17,14,"Ја сам им дао ријеч твоју: и свијет их омрзну, јер нису од свијета, као ни ја што нисам од свијета."
Јован,17,15,"Не молим да их узмеш са свијета, него да их сачуваш од злога."
Јован,17,16,"Од свијета нису, као ни ја што нисам од свијета."
Јован,17,17,Посвети их истином твојом: ријеч твоја јесте истина.
Јован,17,18,"Као што ти мене посла у свијет, и ја њих послах у свијет."
Јован,17,19,"Ја посвећујем себе за њих, да и они буду посвећени истином."
Јован,17,20,"Не молим пак само за њих, него и за оне који због ријечи њихове повјерују у мене:"
Јован,17,21,"Да сви једно буду, као ти, Оче, што си у мени и ја у теби, да и они у нама једно буду да свијет вјерује да си ме ти послао."
Јован,17,22,"И славу коју си ми дао ја сам дао њима, да буду једно као што смо ми једно."
Јован,17,23,"Ја у њима и ти у мени, да буду усавршени у једно, и да позна свијет да си ме ти послао и да љубиш њих као што мене љубиш."
Јован,17,24,"Оче, хоћу да и они које си ми дао буду са мном гдје сам ја, да гледају славу моју коју си ми дао, јер си ме љубио прије постања свијета."
Јован,17,25,"Оче праведни, свијет тебе не позна, а ја те познах, и ови познаше да си ме ти послао."
Јован,17,26,"И ја им објавих име твоје и објавићу: да љубав којом ме љубиш у њима буде, и ја у њима."
Јован,18,1,"Рекавши ово Исус изиђе са ученицима својим преко потока Кедрона, гдје бјеше врт, у који уђе он и ученици његови."
Јован,18,2,"А и Јуда, издајник његов, знађаше то мјесто; јер се Исус често окупљаше ондје са ученицима својим."
Јован,18,3,"Онда Јуда узе чету, и од првосвештеника и фарисеја слуге, и дође онамо са буктињама и свјетиљкама и оружјем."
Јован,18,4,"А Исус знајући све шта има да му се догоди, изиђе и рече им: Кога тражите?"
Јован,18,5,"Одговорише му: Исуса Назарећанина. Исус им рече: Ја сам. А с њима стајаше и Јуда, издајник његов."
Јован,18,6,"А када им рече: Ја сам, одступише назад и попадаше на земљу."
Јован,18,7,Онда их опет запита: Кога тражите? А они рекоше: Исуса Назарећанина.
Јован,18,8,"Одговори Исус: Рекох вам да сам ја. Ако, дакле, мене тражите, пустите ове нека иду."
Јован,18,9,Да се испуни ријеч коју рече: Не изгубих ни једнога од оних које си ми дао.
Јован,18,10,"А Симон Петар имаше нож, па га потеже и удари слугу првосвештениковог, и одсијече му десно ухо. А слуги бјеше име Малхо."
Јован,18,11,Тада рсче Исус Петру: Стави нож у корице! Чашу коју ми је дао Отац зар да је не пијем?
Јован,18,12,"Онда чета и заповједник и слуге јудејске ухватише Исуса и свезаше га,"
Јован,18,13,"И одведоше га најприје Ани, јер бјеше таст Кајафи, који бјеше првосвештеник оне године."
Јован,18,14,А Кајафа бјеше онај што даде савјет Јудсјцима да је боље да један човјек умре за народ.
Јован,18,15,"За Исусом пак иђаше Симон Петар и други ученик: а тај ученик бјеше познат првосвештенику, па уђе са Исусом у двориштс првосвештеника."
Јован,18,16,"А Петар стајаше напољу код врата. Онда изиђе тај други ученик, који бјеше познат првосвештенику, и рече вратарки те уведе Петра."
Јован,18,17,Тада слушкиња вратарка рече Петру: Да ниси и ти од ученика овога човјека? Он рече: Нисам.
Јован,18,18,"А слуге и момци бјеху наложили ватру и стајаху те се гријаху, јер бјеше хладно; а и Петар бјеше с њима, и стајаше и гријаше се."
Јован,18,19,Првосвештеник пак упита Исуса за ученике његове и за науку његову.
Јован,18,20,"Исус му одговори: Ја говорих јавно свијету: ја свагда учих у синагоги и у храму. гдје се увијек скупљају Јудејци, и ништа у тајности не говорих."
Јован,18,21,"Што питаш мене? Питај оне који су слушали шта им говорих; ето, они знају шта ја говорих."
Јован,18,22,"А кад он ово рече, један од слугу који стајаху ондје удари Исусу шамар и рече: Зар тако одговараш првосвештенику?"
Јован,18,23,"Исус му одговори: Ако зло рекох, докажи да је зло: ако ли добро, зашто ме бијеш?"
Јован,18,24,Ана га посла свезанога Кајафи првосвештенику.
Јован,18,25,А Симон Петар стајаше и гријаше се. Онда му рекоше: Да ниси и ти од ученика његових? А он се одрече и каза: Нисам.
Јован,18,26,"Рече један од слугу првосвештеникових, који бијаше рођак ономе што му Петар одсијече ухо: Не видјех ли ја тебе у врту са њим?"
Јован,18,27,Онда се Петар опет одрече; и одмах пијетао запјева.
Јован,18,28,"Исуса пак поведоше од Кајафе у судницу. А бјеше јутро, и они не уђоше у судницу да се не би оскврнили, него да би могли јести Пасху."
Јован,18,29,Онда Пилат изиђе к њима напоље и рече: Какву оптужбу износите против овога човјека?
Јован,18,30,"Одговорише му и рекоше: Кад он не би био злочинац, не бисмо га предали теби."
Јован,18,31,А Пилат им рече: Узмите га ви и по закону вашему судите му. А Јудејци му рекоше: Ми не смијемо никога погубити.
Јован,18,32,"Да се испуни ријеч Исусова коју рече, указујући каквом ће смрћу умријети."
Јован,18,33,"Онда уђе Пилат опет у судницу, па дозва Исуса и рече му: Ти ли си цар јудејски?"
Јован,18,34,"Одговори му Исус: Говориш ли ти то сам од себе, или ти други казаше о мени?"
Јован,18,35,Пилат одговори: Зар сам ја Јудејац? Народ твој и првосвештеници предаше те мени. Шта си учинио?
Јован,18,36,"Исус одговори: Царство моје није од овога свијета: кад би било од овога свијета царство моје, слуге моје би се бориле да не будем предан Јудејцима: али царство моје није одавде."
Јован,18,37,"Тада му рече Пилат: Дакле, ти си цар? Исус одговори: Ти кажеш да сам ја цар. Ја сам за то рођен и за то сам дошао на свијет да свједочим истину. И сваки који је од истине слуша глас мој."
Јован,18,38,"Рече му Пилат: Шта је истина? И ово рекавши, изиђе опет Јудејцима, и рече им: Ја ниједне кривице не налазим на њему."
Јован,18,39,"А у вас је обичај да вам једнога пустим на Пасху. Хоћете ли, дакле, да вам пустим цара јудејскога?"
Јован,18,40,"Тада сви опет повикаше говорећи: Не овога, него Вараву! А Варава бјеше разбојник."
Јован,19,1,"Тада, дакле, Пилат узе Исуса и ишиба га."
Јован,19,2,"А војници оплетоше вијенац од трња и метнуше му на главу, и обукоше му пурпурну хаљину,"
Јован,19,3,"И говораху: Здраво, царе јудејски! И удараху га по образима."
Јован,19,4,"Пилат пак опет изиђе напоље и рече им: Ево вам га изводим напоље, да знате да на њему не налазим ниједне кривице."
Јован,19,5,А Исус изиђе напоље носећи трнови вијенац и пурпурну хаљину. И рече им Пилат: Ево човјека!
Јован,19,6,"Када га, дакле, видјеше првосвештеници и слуге, повикаше говорећи: Распни га, распни! Пилат им рече: Узмите га ви и распните, јер ја не налазим на њему кривицу."
Јован,19,7,"Одговорише му Јудејци: Ми имамо закон и по закону нашему мора да умре, јер начини себе Сином Божијим."
Јован,19,8,"Када, дакле, Пилат чу ову ријеч, побоја се већма."
Јован,19,9,"И опет уђе у судницу, и рече Исусу: Одакле си ти? А Исус му не даде одговора."
Јован,19,10,Пилат му тад рече: Зар мени не одговараш? Не знаш ли да имам власт да те распнем и власт имам да те пустим?
Јован,19,11,Исус одговори: Не би имао власти никакве нада мном када ти не би било дано одозго; зато онај који ме предаде теби има већи гријех.
Јован,19,12,"Од тада гледаше Пилат да га пусти. Али Јудејци викаху говорећи: Ако овога пустиш, ниси пријатељ ћесару. Сваки који себе царем гради противи се ћесару."
Јован,19,13,"Пилат, дакле, чувши ову ријеч, изведе Исуса напоље, и сједе на судијску столицу, на мјесту званом Литостротон, а јеврејски Гавата."
Јован,19,14,"А бјеше петак уочи Пасхе, око шестога часа; и он рече Јудејцима: Ево цар ваш!"
Јован,19,15,"А они повикаше: Узми, узми, распни га! Пилат им рече: Зар цара вашега да разапнем? Одговорише првосвештеници: Немамо цара осим ћесара."
Јован,19,16,"Тада, дакле, предаде га њима да се разапне. А они узеше Исуса и одведоше."
Јован,19,17,"И носећи крст свој изиђе на мјесто звано Лобања, а јеврејски Голгота."
Јован,19,18,"Ондје га разапеше, и са њим другу двојицу, с једне и са друге стране, а Исуса у средини."
Јован,19,19,"Пилат пак написа и натпис, па постави на крст; а бјеше написано: Исус Назарећанин цар јудејски."
Јован,19,20,"И овај натпис читаше многи Јудејци, јер близу града бјеше мјесто гдје разапеше Исуса; и бјеше написано јеврејски, јелински и римски."
Јован,19,21,"А првосвештеници јудејски говораху Пилату: Не пиши: цар јудејски, него да он рече: ја сам цар јудејски."
Јован,19,22,"Пилат одговори: Што писах, писах."
Јован,19,23,"Војници пак када разапеше Исуса, узеше хаљине његове и начинише четири дијела, свакоме војнику по дио, и доламу; а долама не бјеше шивена него изаткана изједна."
Јован,19,24,"Онда рекоше међу собом: Да је не деремо, него да бацимо коцку за њу коме ће допасти. Да се испуни Писмо које говори: Раздијелише хаљине моје међу собом, и за доламу моју бацише коцку.Војници, дакле, тако учинише."
Јован,19,25,"А стајаху код Исусова крста мати његова, и сестра матере његове Марија Клеопова, и Марија Магдалина."
Јован,19,26,"А Исус видјевши матер и ученика кога љубљаше гдје стоји поред ње, рече матери својој: Жено, ето ти сина!"
Јован,19,27,Потом рече ученику: Ево ти мајке! И од онога часа узе је ученик к себи.
Јован,19,28,"Послије тога, знајући Исус да се већ све свршило, да се сасвим испуни Писмо рече: Жедан сам!"
Јован,19,29,"Стајаше пак суд пун оцта; а они напунише сунђер оцта, и натакнувши на трску, принесоше устима његовим."
Јован,19,30,"А кад Исус окуси оцат рече: Сврши се! И преклонивши главу, предаде дух."
Јован,19,31,"А будући да бјеше петак, па да не би тијела остала на крсту у суботу, јер бијаше велики дан она субота, Јудејци замолише Пилата да им се пребију голијени, па да их скину."
Јован,19,32,"Онда дођоше војници, и првоме пребише голијени и другоме распетоме с њим:"
Јован,19,33,"А дошавши до Исуса, кад видјеше да је већ умро, не пребише му голијени,"
Јован,19,34,Него један од војника прободе му ребра копљем; и одмах изиђе крв и вода.
Јован,19,35,"И онај који је видио, посвједочио је, и истинито је свједочанство његово, и он зна да истину говори, да и ви вјерујете."
Јован,19,36,Јер се ово догоди да се испуни Писмо: Кост његова неће се преломити.
Јован,19,37,И опет друго Писмо говори: Погледаће на онога кога прободоше.
Јован,19,38,"А потом Јосиф из Ариматеје, који бјеше ученик Исусов, али кришом због страха од Јудејаца, замоли Пилата да узме тијело Исусово. И допусти Пилат. Онда дсфе и узе ти-јело Исусово."
Јован,19,39,"А дође и Никодим, који је први пут долазио ноћу Исусу, и донесе помијешане смирне и алоја око сто литара."
Јован,19,40,"Тада узеше тијело Исусово, и обавише га платном с мирисима, као што је обичај у Јудејаца да сахрањују."
Јован,19,41,"А на ономе мјесту, гдје бјеше распет био је врт, и у врту гроб нов, у који још нико не бијаше положен."
Јован,19,42,"Ондје, дакле, због петка јудејскога, пошто бјеше близу гроб, положише Исуса."
Јован,20,1,"А у први дан седмице дође Марија Магдалина на гроб рано, док још бјеше мрак, и видје да је камен дигнут са гроба."
Јован,20,2,"Онда отрча и дође Симону Петру и другом ученику кога љубљаше Исус, и рече им: Узеше Господа из гроба, и не знамо гдје га положише."
Јован,20,3,"Тада изиђе Петар и други ученик, и пођоше ка гробу."
Јован,20,4,"Трчаху пак оба заједно, и други ученик трчаше брже од Петра и стиже први на гроб."
Јован,20,5,"И надвиривши се, видје покрове гдје леже; али не уђе."
Јован,20,6,Тада стиже Симон Петар за њим и уђе у гроб и видје покрове гдје леже.
Јован,20,7,"И убрус који бјеше на глави његовој, да не лежи са покровима, него посебно савијен на једном мјесту."
Јован,20,8,"Тада, дакле, уђе и други ученик, који први дође на гроб, и видје и вјерова;"
Јован,20,9,Јер још не знађаху Писмо да Он треба да васкрсне из мртвих.
Јован,20,10,Онда се ученици опет вратише дома.
Јован,20,11,А Марија стајаше напољу код гроба и плакаше. И када плакаше надвири се над гроб
Јован,20,12,"И видје два анђела у бијелим хаљинама гдје сједе, један чело главе, а други чело ногу, гдје бјеше лежало тијело Исусово."
Јован,20,13,"И они јој рекоше: Жено, што плачеш? Рече им: Зато што узеше Господа мојега, и не знам гдје га положише."
Јован,20,14,"И ово рекавши, обазре се натраг и угледа Исуса гдје стоји, и не знађаше да је Исус."
Јован,20,15,"Рече јој Исус: Жено, што плачеш? Кога тражиш? Она, мислећи да је градинар, рече му: Господине, ако си га ти однио, кажи ми гдје си га положио, и ја ћу га узети."
Јован,20,16,"Исус јој рече: Марија! Она, окренувши се, рече му: Равуни, што ће рећи: Учитељу!"
Јован,20,17,"Рече јој Исус: Не дотичи ме се, јер још нисам узишао Оцу својему; него иди браћи мојој и кажи им: Узлазим Оцу мојему и Оцу вашему, и Богу мојему и Богу вашему."
Јован,20,18,А Марија Магдалина отиде и јави ученицима да је видјела Господа и да јој ово рече.
Јован,20,19,"А кад би увече онога првога дана седмице, и док су врата била затворена, гдје се бијаху ученици његови сакупили због страха од Јудејаца, дође Исус, и стаде на средину и рече им: Мир вам!"
Јован,20,20,"И ово рекавши, показа им руке и ребра своја. Тада се ученици обрадоваше видјевши Господа."
Јован,20,21,"А Исус им рече опет: Мир вам! Као што је Отац послао мене, и ја шаљем вас."
Јован,20,22,"И ово рекавши, дуну и рече им: Примите Дух Свети!"
Јован,20,23,"Којима опростите гријехе, опраштају им се; и којима задржите, задржани су."
Јован,20,24,"А Тома, звани Близанац, један од Дванаесторице, не бјеше са њима када дође Исус."
Јован,20,25,"А други му ученици говораху: Видјели смо Господа. А он им рече: Ако не видим на рукама његовим ране од клинова, и не метнем прст свој у ране од клинова, и не метнем руку своју у ребра његова, нећу вјеровати."
Јован,20,26,"И послије осам дана опет бијаху унутра ученици његови и Тома с њима. Дође Исус кад бијаху врата затворена, и стаде на средину и рече: Мир вам!"
Јован,20,27,"Затим рече Томи: Пружи прст свој амо и види руке моје; и пружи руку своју и метни у ребра моја, и не буди невјеран него вјеран."
Јован,20,28,И одговори Тома и рече му: Господ мој и Бог мој!
Јован,20,29,"Рече му Исус: Зато што си ме видио, повјеровао си; блажени који не видјеше а вјероваше."
Јован,20,30,"А и многа друга знамења учини Исус пред ученицима својим, која нису записана у књизи овој."
Јован,20,31,"А ова су записана да вјерујете да Исус јесте Христос, Син Божији, и да вјерујући имате живот у име његово."
Јован,21,1,Послије тога опет се јави Исус ученицима својим на мору Тиверијадском. А јави се овако:
Јован,21,2,"Бијаху заједно Симон Петар и Тома, звани Близанац, и Натанаило из Кане Галилејске, и синови Зеведејеви, и друга двојица од ученика његових."
Јован,21,3,"Рече им Симон Петар: Идем да ловим рибу. Рекоше му: Идемо и ми с тобом. Изиђоше и уђоше одмах у лађу, и оне ноћи не ухватише ништа."
Јован,21,4,"А кад већ настаде јутро, стајаше Исус на обали, али ученици не познаше да је то Исус."
Јован,21,5,"А Исус им рече: Дјецо, немате ли што за јело? Одговорише му: Немамо."
Јован,21,6,"А он им рече: Баците мрежу са десне стране лађе, и наћи ћете. Онда бацише, и већ је не могаху извући од мноштва рибе."
Јован,21,7,"Онда онај ученик, кога љубљаше Исус, рече Петру: То је Господ! А Симон Петар, када чу да је Господ, опаса се огртачем, јер бјеше наг, и баци се у море."
Јован,21,8,"А други ученици стигоше лађицом, јер не бијаху далеко од земље него око двјеста лаката, вукући мрежу са рибом."
Јован,21,9,"Чим пак изиђоше на земљу, видјеше огањ наложен и на њему положену рибу, и хљеб."
Јован,21,10,Исус им рече: Донесите од рибе што сада ухватисте.
Јован,21,11,"А Симон Петар уђе и извуче мрежу на земљу пуну великих риба, сто педесет и три; и од толикога мноштва не продрије се мрежа."
Јован,21,12,"Рече им Исус: Ходите, обједујте. А ниједан од ученика не смједе да га упита: Ко си ти? знајући да је Господ."
Јован,21,13,"Тада дође Исус, и узе хљеб и даде им, тако и рибу."
Јован,21,14,Ово се већ трећи пут јави Исус ученицима својим пошто устаде из мртвих.
Јован,21,15,"А кад обједоваше, рече Исус Симону Петру: Симоне Јонин, љубиш ли ме више него ови? Рече му: Да, Господе, ти знаш да те волим. Рече му: Напасај јагањце моје."
Јован,21,16,"Рече му опет по други пут: Симоне Јонин, љубиш ли ме? Рече му: Да, Господе, ти знаш да те волим. Рече му: Чувај овце моје."
Јован,21,17,"Рече му трећи пут: Симоне Јонин, волиш ли ме? Петар се ожалости што му рече трећи пут: волиш ли ме? И рече му: Господе, ти све знаш, ти знаш да те волим. Рече му Исус: Напасај овце моје."
Јован,21,18,"Заиста, заиста ти кажем: Када си био млађи, опасивао си се сам и ходио си куда си хтио; а кад остариш, раширићеш руке своје и други ће те опасати и одвести куда не желиш."
Јован,21,19,"А ово рече указујући каквом ће смрћу прославити Бога. И казавши ово, рече му: Хајде за мном!"
Јован,21,20,"А Петар осврнувши се видје гдје за њима иде ученик кога Исус љубљаше, који се и на вечери наслони на прса његова и рече: Господе, ко је тај који ће те издати?"
Јован,21,21,"Видјевши Петар овога, рече Исусу: Господе, а шта ће овај?"
Јован,21,22,"Исус му рече: Ако хоћу да он остане док не дођем, шта је теби до тога? Ти хајде за мном."
Јован,21,23,"Онда изиђе ова ријеч међу браћом да онај ученик неће умријети; али Исус му не рече да неће умријети, него: Ако хоћу да он остане док не дођем, шта је теби до тога?"
Јован,21,24,"Ово је онај ученик који свједочи о овоме, и написа ово, и знамо да је истинито свједочанство његово."
Јован,21,25,"А има и много друго што учини Исус, које кад би се редом написало, ни у сами свијет, мислим, не би стале написане књиге. Амин."
Дела апостолска,1,1,"Прву ти књигу написах, о Теофиле, о свему што поче Исус и творити и учити"
Дела апостолска,1,2,"До дана када се вазнесе, пошто Духом Светим даде заповјести апостолима које изабра,"
Дела апостолска,1,3,"Којима и по страдању своме показа себе жива многим истинитим доказима, јављајући им се четрдесет дана и говорећи о Царству Божијему."
Дела апостолска,1,4,"С њима боравећи заповједи им да се не удаљују из Јерусалима, него да чекају обећање Оца, које чусте, рече, од мене;"
Дела апостолска,1,5,"Јер је Јован крстио водом, а ви ћете се крстити Духом Светим не дуго послије овијех дана."
Дела апостолска,1,6,"Онда они који бијаху сабрани питаху га говорећи: Господе, хоћеш ли у ово вријеме успоставити царство Израиљево?"
Дела апостолска,1,7,"А он им рече: Није ваше знати времена и рокове које Отац задржа у својој власти,"
Дела апостолска,1,8,Него ћете примити силу када сиђе Свети Дух на вас; и бићете ми свједоци у Јерусалиму и по свој Јудеји и Самарији и све до краја земље.
Дела апостолска,1,9,"И ово рекавши, док они гледаху, подиже се, и узе га облак испред очију њихових."
Дела апостолска,1,10,"И док нетремице гледаху за њим како иде на небо, гле, два човјека у хаљинама бијелим стадоше поред њих,"
Дела апостолска,1,11,"И они рекоше: Људи Галилејци, што стојите и гледате на небо? Овај Исус који се од вас вазнесе на небо, тако ће исто доћи као што га видјесте да одлази на небо."
Дела апостолска,1,12,"Тада се вратише у Јерусалим са горе зване Маслинска, која је близу Јерусалима један суботни дан хода."
Дела апостолска,1,13,"И кад уђоше, попеше се у горњу одају гдје су боравили, и то: Петар и Јаков, и Јован и Андреј, Филип и Тома, Вартоломеј и Матеј, Јаков Алфејев и Симон Зилот, и Јуда Јаковљев."
Дела апостолска,1,14,"Ови сви бијаху истрајно и једнодушно на молитви и мољењу, са женама и са Маријом матером Исусовом и са браћом његовом."
Дела апостолска,1,15,"И у те дане устаде Петар између ученика, - а бијаше народа на окупу око сто двадесет душа, - и рече:"
Дела апостолска,1,16,"Људи браћо, требало је да се изврши оно Писмо што прорече Дух Свети устима Давидовим за Јуду, који бјеше предводник оних што ухватише Исуса;"
Дела апостолска,1,17,Јер се бројаше с нама и бијаше примио удјел службе ове.
Дела апостолска,1,18,"Он, дакле, стече њиву од плате неправедне, и стрмоглавивши се пуче по сриједи и просу се сва утроба његова."
Дела апостолска,1,19,"И то постаде знано свима који живе у Јерусалиму, тако да се та њива прозва њиховим језиком Акелдама, што значи: њива крви."
Дела апостолска,1,20,"Јер је написано у књизи Псалама: Да буде двор његов пуст, и да не буде никога ко би живио у њему; и: Епископство његово да прими други."
Дела апостолска,1,21,"Треба, дакле, од ових људи који су били заједно с нама за све вријеме откако међу нас дође и изиђе од нас Господ Исус,"
Дела апостолска,1,22,"Почевши од крштења Јованова до дана када се узнесе од нас, да један од ових буде с нама свједок његовог васкрсења."
Дела апостолска,1,23,"И поставише двојицу: Јосифа званог Варсава, који би назван Јуст, и Матију."
Дела апостолска,1,24,"И помоливши се рекоше: Ти, Господе, познаваоче срдаца свију, покажи једнога од ове двојице кога си изабрао,"
Дела апостолска,1,25,"Да прими удјел ове службе и апостолства, из којег испаде Јуда, да иде на мјесто своје."
Дела апостолска,1,26,"И бацише коцке за њих, и паде коцка на Матију, и би прибројан Једанаесторици апостола."
Дела апостолска,2,1,"И кад се наврши педесет дана, бијаху сви апостоли једнодушно на окупу."
Дела апостолска,2,2,"И уједанпут настаде шум са неба као хујање силнога вјетра, и напуни сав дом гдје они сјеђаху;"
Дела апостолска,2,3,"И показаше им се раздијељени језици као огњени, и сиђе по један на свакога од њих."
Дела апостолска,2,4,"И испунише се сви Духа Светога и стадоше говорити другим језицима, као што им Дух даваше да казују."
Дела апостолска,2,5,"А у Јерусалиму борављаху Јудејци, људи побожни из свакога народа који је под небом."
Дела апостолска,2,6,"Па кад настаде ова хука, скупи се народ, и смете се; јер сваки од њих слушаше гдје они говоре његовим језиком."
Дела апостолска,2,7,"И дивљаху се и чуђаху се сви говорећи један другоме: Гле, зар нису сви ови што говоре Галилејци?"
Дела апостолска,2,8,Па како ми чујемо сваки свој језик у коме смо се родили:
Дела апостолска,2,9,"Парћани и Миђани и Еламити, и који живе у Месопотамији и Јудеји и Кападокији, у Понту и Азији,"
Дела апостолска,2,10,"У Фригији и Памфилији, у Египту и крајевима Либије близу Кирине, и дошљаци Римљани, и Јудејци и прозелити,"
Дела апостолска,2,11,"Крићани и Арапи, чујемо гдје они говоре на нашим језицима о величанственим дјелима Божијим?"
Дела апостолска,2,12,И сви се дивљаху и бијаху у недоумици говорећи један другом: Шта би ово могло бити?
Дела апостолска,2,13,А други се подсмијеваху и говораху: Напили су се слаткога вина.
Дела апостолска,2,14,"А Петар стаде са једанаесторицом и подиже глас свој и рече им: Људи Јудејци, и сви ви који боравите у Јерусалиму: ово нека вам је на знање, и саслушајте ријечи моје."
Дела апостолска,2,15,"Јер ови нису пијани као што ви мислите, јер је тек трећи час дана."
Дела апостолска,2,16,Него је то оно што је рекао пророк Јоил:
Дела апостолска,2,17,"И биће у посљедње дане, говори Господ, излићу од Духа мојега на свако тијело, и прорицаће синови ваши и кћери ваше, и младићи ваши видјеће виђења и старци ваши сањаће снове."
Дела апостолска,2,18,"Па и на слуге своје и на слушкиње своје у те дане излићу од Духа мојега, и прорицаће."
Дела апостолска,2,19,И даћу чудеса горе на небу и знаке доље на земљи: крв и огањ и пушење дима.
Дела апостолска,2,20,Сунце ће се претворити у таму и мјесец у крв прије него дође велики и славни Дан Господњи.
Дела апостолска,2,21,И биће да ће се спасти сваки који призове име Господње.
Дела апостолска,2,22,"Људи Израиљци, чујте ријечи ове: Исуса Назарећанина, човјека од Бога потврђена међу вама силама и чудесима и знацима које учини Бог преко њега међу вама, као што и сами знате,"
Дела апостолска,2,23,"Овога, по одређеном савјету и промислу Божијем преданог узесте и рукама безаконика приковасте и убисте."
Дела апостолска,2,24,"Њега Бог васкрсе, раздријешивши муке смрти, јер не бјеше могуће да га она држи."
Дела апостолска,2,25,"Јер Давид говори за њега: Господа непрестано гледах пред собом, јер ми је с десне стране, да се не поколебам."
Дела апостолска,2,26,"Зато се развесели срце моје и обрадова се језик мој, па још и тијело моје почиваће у нади."
Дела апостолска,2,27,"Јер нећеш оставити душу моју у аду, нити ћеш дати да Светац твој види труљење."
Дела апостолска,2,28,"Показао си ми путеве живота, испунићеш ме весеља лицем твојим."
Дела апостолска,2,29,"Људи браћо, нека је допуштено са слободом рећи вам за праоца Давида да и умрије, и укопан би, и гроб је његов међу нама до овога дана."
Дела апостолска,2,30,"Будући, дакле, да је био пророк, и знајући да му се Бог заклетвом заклео да ће од плода бедара његових по тијелу подигнути Христа да сједи на пријестолу његову,"
Дела апостолска,2,31,"Предвидјевши говори за васкрсење Христово да не би остављена душа његова у аду, нити тијело његово видје труљења."
Дела апостолска,2,32,"Овога Исуса васкрсе Бог, чему смо сви ми свједоци."
Дела апостолска,2,33,"Десницом, дакле, Божијом вазнесе се, и примивши од Оца обећање Светога Духа, изли ово што ви сада видите и чујете."
Дела апостолска,2,34,"Јер Давид не изиђе на небеса, него сам говори: Рече Господ Господу мојему: сједи мени с десне стране,"
Дела апостолска,2,35,Док положим непријатеље твоје за подножје ногама твојим.
Дела апостолска,2,36,"Чврсто, дакле, нека зна сав дом Израиљев да је и Господом и Христом учинио Бог њега, овога Исуса, кога ви распесте."
Дела апостолска,2,37,"А када чуше, ражали им се у срцу и рекоше Петру и осталим апостолима: Шта да учинимо, људи браћо?"
Дела апостолска,2,38,"А Петар им рече: Покајте се, и да се крсти сваки од вас у име Исуса Христа за опроштење гријехова; и примићете дар Светога Духа."
Дела апостолска,2,39,Јер обећање је за вас и за дјецу вашу и за све даљне које ће дозвати Господ Бог наш.
Дела апостолска,2,40,"И другим многим ријечима свједочаше, и мољаше их говорећи: Спасите се од овога покваренога рода."
Дела апостолска,2,41,Тада они који радо примише ријеч његову крстише се; и додаде се у тај дан око три хиљаде душа.
Дела апостолска,2,42,"И бијаху постојани у науци апостолској, и у заједници, у ломљењу хљеба и у молитвама."
Дела апостолска,2,43,"А уђе страх у сваку душу, јер апостоли чинише многа чудеса и знаке у Јерусалиму."
Дела апостолска,2,44,Страх велики бијаше на свима њима. А сви који вјероваше бијаху на окупу и имаху све заједничко.
Дела апостолска,2,45,И тековину и имање продаваху и раздаваху свима како је коме било потребно.
Дела апостолска,2,46,"И сваки дан бијаху истрајно и једнодушно у храму, и ломећи хљеб по домовима, примаху храну с радошћу и у простоти срца,"
Дела апостолска,2,47,"Хвалећи Бога, и бијаху омиљени код цијелог народа. А Господ сваки дан додаваше Цркви оне који се спасаваху."
Дела апостолска,3,1,А Петар и Јован иђаху заједно горе у храм у девети час молитве.
Дела апостолска,3,2,"И бијаше неки човјек хром од утробе матере своје, којега ношаху и полагаху сваки дан пред врата храма која се зову Красна да проси милостињу од оних који улазе у храм."
Дела апостолска,3,3,"Овај видјевши Петра и Јована да хоће да уђу у храм, затражи милостињу."
Дела апостолска,3,4,А Петар погледавши на њега с Јованом рече: Погледај на нас!
Дела апостолска,3,5,А он их пажљиво гледаше очекујући да од њих нешто добије.
Дела апостолска,3,6,"А Петар рече: Сребра и злата немам, него што имам то ти дајем: У име Исуса Христа Назарећанина устани и ходи."
Дела апостолска,3,7,И узе га за десницу и подиже. И одмах се утврдише његова стопала и глежњи;
Дела апостолска,3,8,"И скочивши стаде, и хођаше, и уђе с њима у храм ходећи и скачући и хвалећи Бога."
Дела апостолска,3,9,И видје га сав народ гдје иде и хвали Бога.
Дела апостолска,3,10,"А познадоше га да то бјеше онај што милостиње ради сјеђаше код Красних врата храма и испунише се чуђења, и бјеху ван себе од тога што му се догоди."
Дела апостолска,3,11,"А док се исцијељени хроми држаше Петра и Јована, сав народ задивљен навали њима у тријем који се зваше Соломонов."
Дела апостолска,3,12,"А видећи то, Петар се обрати народу: Људи Израиљци, што се чудите овоме или шта гледате у нас, као да смо својом силом или побожношћу учинили да овај ходи?"
Дела апостолска,3,13,"Бог Авраамов и Исаков и Јаковљев, Бог отаца наших, прослави Сина својега Исуса, кога ви предадосте, и одрекосте га се пред лицем Пилатовим када он пресуди да га пусти."
Дела апостолска,3,14,А ви се одрекосте Свеца и Праведника и испросисте човјека убицу да вам поклони.
Дела апостолска,3,15,"А Начелника живота убисте, којега Бог васкрсе из мртвих, чему смо ми свједоци."
Дела апостолска,3,16,"И ради вјере у име његово, овога кога видите и познајете утврди име његово, и вјера која је од њега подари му ово исцјељење пред свима вама."
Дела апостолска,3,17,"И сад, браћо, знам да из незнања оно учинисте, као и старјешине ваше."
Дела апостолска,3,18,"А Бог оно што је предсказао устима свију својих пророка, да ће Христос пострадати, тако је и испунио."
Дела апостолска,3,19,"Покајте се, дакле, и обратите се да се очистите од гријехова својих,"
Дела апостолска,3,20,"Да дођу од лица Господњега времена утјехе, и да пошље унапријед назначенога вам Христа Исуса,"
Дела апостолска,3,21,Којега треба да прими небо до времена васпостављања свега о чему је Бог говорио устима свију светих пророка својих од вајкада.
Дела апостолска,3,22,"Јер Мојсеј оцима рече: Господ Бог ваш подигнуће вам Пророка из ваше браће, као мене; њега послушајте у свему што год вам каже."
Дела апостолска,3,23,"И биће да ће се свака душа, која не послуша тога Пророка, истријебити из народа."
Дела апостолска,3,24,"А и сви пророци од Самуила и даље који год говорише, такође најавише ове дане."
Дела апостолска,3,25,Ви сте синови пророка и завјета који учини Бог с оцима вашим говорећи Аврааму: У сјемену твојему благословиће се сва племена на земљи.
Дела апостолска,3,26,"Вама прво Бог подигавши Сина својега Исуса, посла га да вас благослови и одврати свакога од злих дјела ваших."
Дела апостолска,4,1,"А док они говораху народу, наиђоше на њих свештеници и војвода храма и садукеји,"
Дела апостолска,4,2,Срдећи се што они уче народ и јављају у Исусу васкрсење из мртвих.
Дела апостолска,4,3,"И дигоше на њих руке, и метнуше их у затвор до ујутру, јер већ бјеше вече."
Дела апостолска,4,4,"А многи од оних који чуше ријеч повјероваше, и достиже број људи око пет хиљада."
Дела апостолска,4,5,"И би сутрадан да се скупише кнезови њихови и старјешине и књижевници у Јерусалим,"
Дела апостолска,4,6,И Ана првосвештеник и Кајафа и Јован и Александар и колико их год бјеше од рода првосвештеничкога;
Дела апостолска,4,7,И поставивши их у средину питаху: Каквом силом или у чије име учинисте ви ово?
Дела апостолска,4,8,"Тада Петар, испунивши се Духа Светога, рече им: Кнезови народни и старјешине Израиљеве,"
Дела апостолска,4,9,"Ако нас данас испитујете због доброчинства болесном човјеку, како он оздрави,"
Дела апостолска,4,10,"Нека је на знање свима вама, и свему народу Израиљеву, да у име Исуса Христа Назарећанина, којега ви распесте, којега Бог подиже из мртвих, њиме стоји овај пред вама здрав."
Дела апостолска,4,11,"Он је камен који ви зидари одбацисте, а који постаде глава од угла: и нема ни у једноме другоме спасења."
Дела апостолска,4,12,Јер нема другога Имена под небом данога људима којим бисмо се могли спасти.
Дела апостолска,4,13,"А видећи смјелост Петрову и Јованову, и знајући да су људи неуки и прости, дивљаху се, а препознаше их и да су били са Исусом,"
Дела апостолска,4,14,"Но гледајући исцијељеног човјека гдје стоји с њима, не могаху ништа рећи против."
Дела апостолска,4,15,"Онда им заповједише да изиђу напоље из Синедриона, па се савјетоваху међу собом,"
Дела апостолска,4,16,"Говорећи: Шта ћемо чинити овим људима? Јер знаменито чудо што се догоди кроз њих очигледно је свима који живе у Јерусалиму, и не можемо порећи."
Дела апостолска,4,17,"Али да се не би даље ширило по народу, да им строго запријетимо да никоме од људи више не говоре о Имену овоме."
Дела апостолска,4,18,И дозвавши их заповједише им да ништа не говоре нити уче о Имену Исусову.
Дела апостолска,4,19,"А Петар и Јован одговарајући им рекоше: Судите, је ли право пред Богом да слушамо вас више него Бога?"
Дела апостолска,4,20,Јер ми не можемо да не говоримо оно што видјесмо и чусмо.
Дела апостолска,4,21,"А они запријетивши им отпустише их, не налазећи ништа како би их мучили, и то због народа; јер сви хваљаху Бога за оно што се догодило."
Дела апостолска,4,22,"Јер више од четрдесет година бјеше ономе човјеку, на коме се догоди ово чудо оздрављења."
Дела апостолска,4,23,"А кад их отпустише, ови дођоше својима и јавише шта им рекоше првосвештеници и старјешине."
Дела апостолска,4,24,"А кад они чуше, једнодушно подигоше глас Богу и рекоше: Господе, ти који си створио небо и земљу и море и свс што је у њима;"
Дела апостолска,4,25,"Ти си устима Давида, слуге својега, рекао: Зашто се буне незнабошци, и народи помишљају залудне ствари?"
Дела апостолска,4,26,Устадоше цареви земаљски и кнезови сабраше се заједно на Господа и на Помазаника његовог.
Дела апостолска,4,27,"Јер се заиста сабраше у овоме граду на Светога Сина твојега Исуса, којега си помазао, Ирод и Понтијски Пилат са незнабошцима и с племенима Израиљевим,"
Дела апостолска,4,28,Да учине оно што рука твоја и савјет твој унапријед одреди да буде.
Дела апостолска,4,29,"И сад, Господе, погледај на њихове пријетње, и дај слугама твојим да са сваком смјелошћу говоре ријеч твоју,"
Дела апостолска,4,30,"Пружајући и ти руку своју на исцјељивање, да бивају знаци и чудеса именом Светога Сина твојега Исуса."
Дела апостолска,4,31,"И пошто се они помолише Богу, затресе се мјесто гдје бијаху сабрани, и испунише се сви Духа Светога, и говораху ријеч Божију са смјелошћу."
Дела апостолска,4,32,"А у народа који повјерова бјеше једно срце и једна душа; и ниједан не говораше за имање своје да је његово, него им све бјеше заједничко."
Дела апостолска,4,33,"И апостоли с великом силом даваху свједочанство о васкрсењу Господа Исуса Христа, и благодат велика бјеше на свима њима."
Дела апостолска,4,34,"Јер нико међу њима не бјеше у оскудици, пошто сви који имађаху њиве или куће, продаваху и доношаху новце од проданога,"
Дела апостолска,4,35,И полагаху пред ноге апостолима; и даваше се свакоме према потреби коју је имао.
Дела апостолска,4,36,"А Јосија, прозвани од апостола Варнава, што значи: син утјехе, Левит, родом са Кипра,"
Дела апостолска,4,37,"Имао је њиву, и продавши је донесе новце и положи пред ноге апостолима."
Дела апостолска,5,1,"А неки човјек, по имену Ананија, са женом својом Сапфиром продаде имање,"
Дела апостолска,5,2,"И сакри од новаца са знањем и жене своје, и донијевши један дијел положи пред ноге апостолима."
Дела апостолска,5,3,"А Петар рече: Ананија, зашто испуни сатана срце твоје да слажеш Духу Светоме и сакријеш од новаца што узе за њиву?"
Дела апостолска,5,4,"Кад је била у тебе, не бјеше ли твоја? И кад је продаде, не бјеше ли у твојој власти? Зашто си такву ствар метнуо у срце своје? Ниси слагао људима него Богу."
Дела апостолска,5,5,"А кад чу Ананија ријечи ове, паде и издахну; и велики страх обузе све који чуше ово."
Дела апостолска,5,6,И уставши младићи узеше га и изнесоше те сахранише.
Дела апостолска,5,7,"А кад прође око три часа, уђе и жена љегова не знајући шта се догодило."
Дела апостолска,5,8,"А Петар је упита: Кажи ми јесте ли за толико продали њиву? А она рече: Да, за толико."
Дела апостолска,5,9,"А Петар јој рече: Зашто се договористе да искушате Духа Господњега? Гле, ноге оних који твога мужа сахранише пред вратима су, и тебе ће изнијети."
Дела апостолска,5,10,"И одмах паде крај ногу његових и издахну. А младићи ушавши нађоше је мртву, па је изнесоше и сахранише код мужа њезина."
Дела апостолска,5,11,И велики страх обузе сву Цркву и све који чуше ово.
Дела апостолска,5,12,А рукама апостолским биваху многи знаци и чудеса у народу; и бијаху сви једнодушно у тријему Соломоновом.
Дела апостолска,5,13,"Од осталих пак нико не смједе да им се придружи, али их народ хваљаше;"
Дела апостолска,5,14,"И све се више умножаваху они који вјероваху у Господа, мноштво људи и жена,"
Дела апостолска,5,15,"Тако да су на улице износили болеснике и полагали на постељама и носилима, да би кад прође Петар бар сјенка његова осјенила кога од њих."
Дела апостолска,5,16,"А стицаше се и мноштво народа из околних градова у Јерусалим доносећи болесне и од нечистих духова мучене, и сви се исцјељиваху."
Дела апостолска,5,17,"Али се подиже првосвештеник и сви који бијаху с њим, секта садукејска, и испунише се зависти,"
Дела апостолска,5,18,"И дигоше руке своје на апостоле, и бацише их у општи затвор."
Дела апостолска,5,19,"А анђео Господњи отвори ноћу врата тамнице, изведе их и рече:"
Дела апостолска,5,20,Идите и станите у храму па говорите народу све ријечи овога живота.
Дела апостолска,5,21,"А они, чувши то, уђоше ујутру у храм, и учаху. Пошто пак дође првосвештеник и који бијаху с њим, сазваше Синедрион и све старјешине синова Израиљевих, и послаше у тамницу да ове доведу."
Дела апостолска,5,22,"А кад слуге отидоше и не нађоше их у тамници, онда се вратише и јавише,"
Дела апостолска,5,23,"Говорећи: Тамницу нађосмо чврсто закључану и чуваре гдје стоје пред вратима, али кад отворисмо, унутра ни једнога не нађосмо."
Дела апостолска,5,24,А кад чуше ове ријечи свештеник и војвода храма и првосвештеници бијаху у недоумици шта се то догодило с њима.
Дела апостолска,5,25,А неко дође и јави им говорећи: Ено они људи што их бацисте у тамницу стоје у храму и уче народ.
Дела апостолска,5,26,Тада отиде војвода с момцима и доведе их не на силу; јер се бојаху народа да их не побије камењем.
Дела апостолска,5,27,"А кад их доведоше, поставише их пред Синедрион, и запита их првосвештеник говорећи:"
Дела апостолска,5,28,"Нисмо ли вам строго забранили да не учите о Имену овом? А ви сте ето напунили Јерусалим вашим учењем, и хоћете да баците на нас крв овога Човјека."
Дела апостолска,5,29,А Петар и апостоли одговарајући рекоше: Богу се треба покоравати више него људима.
Дела апостолска,5,30,"Бог отаца наших васкрсе Исуса, којега ви убисте објесивши на дрво."
Дела апостолска,5,31,"Њега Бог десницом својом узвиси за Началника и Спаситеља, да даде Израиљу покајање и опроштење гријехова."
Дела апостолска,5,32,"И ми смо његови свједоци ових ријечи, и Дух Свети којега Бог даде онима који се њему покоравају."
Дела апостолска,5,33,"А кад они то чуше, разјарише се веома и договараху се да их побију."
Дела апостолска,5,34,"Али устаде у Синедриону један фарисеј, по имену Гамалило, законик, поштован од свега народа, и заповједи да апостоле мало удаље напоље,"
Дела апостолска,5,35,"Па им рече: Људи Израиљци, добро пазите шта ћете чинити са овим људима."
Дела апостолска,5,36,"Јер прије ових дана устаде Тевда говорећи да је он нешто велико; уз њега пристаде људи бројем око четири стотине; он би убијен, и сви који га слушаху разиђоше се и пропадоше."
Дела апостолска,5,37,Послије овога устаде Јуда Галилејац у дане пописа и одвуче доста народа за собом; он такође погибе и сви који га слушаху растурише се.
Дела апостолска,5,38,"И сад вам кажем: Прођите се ових људи и оставите их; јер ако буде од људи ова намисао или ово дјело, пропашће;"
Дела апостолска,5,39,"Но ако је од Бога, не можете га уништити, да се како и богоборци не нађете."
Дела апостолска,5,40,"Онда га послушаше, и дозвавши апостоле избише их и забранише им да говоре о Имену Исусовом, и отпустише их."
Дела апостолска,5,41,А ови онда отидоше из Синедриона радујући се што се удостојише да поднесу срамоту за Име његово.
Дела апостолска,5,42,И сваки дан у храму и по домовима не престајаху да уче и проповиједају јеванђеље о Исусу Христу.
Дела апостолска,6,1,"И у ове дане, када се множаху ученици, подигоше јелинисти вику на Јевреје што се њихове удовице заборављаху кад се дијељаше помоћ сваки дан."
Дела апостолска,6,2,"Онда Дванаесторица, сазвавши мноштво ученика, рекоше: Не доликује нама да оставивши ријеч Божију служимо око трпеза."
Дела апостолска,6,3,"Потражите, дакле, браћо, између вас седам освједочених људи, пуних Духа Светога и мудрости, које ћемо поставити на ову службу."
Дела апостолска,6,4,А ми ћемо у молитви и у служби ријечи приљежно остати.
Дела апостолска,6,5,"И ријеч ова би угодна свему народу. И изабраше Стефана, човјека испуњенога вјером и Духом Светим, и Филипа. и Прохора, и Никанора, и Тимона, и Пармена, и Николу прозелита из Антиохије."
Дела апостолска,6,6,Ове поставише пред апостоле и они помоливши се Богу положише руке на њих.
Дела апостолска,6,7,"И ријеч Божија растијаше и веома се множаше број ученика у Јерусалиму, и велико мноштво свештеника покораваху се вјери."
Дела апостолска,6,8,А Стефан пун вјере и силе чињаше знаке и чудеса велика у народу.
Дела апостолска,6,9,"Тада устадоше неки из синагоге која се зове Либертинска, Киринска и Александријска и од оних из Киликије и Азије, и препираху се са Стефаном,"
Дела апостолска,6,10,И не могаху противстати мудрости и духу којим говораше.
Дела апостолска,6,11,Тада подметнуше људе који рекоше: Чули смо га да говори хулне ријечи на Мојсеја и на Бога.
Дела апостолска,6,12,"И побунише народ и старјешине и књижевнике, и нападоше и ухватише га, и доведоше пред Синедрион,"
Дела апостолска,6,13,Па изведоше лажне свједоке који говораху: Овај човјек не престаје да хули на ово свето мјесто и на Закон.
Дела апостолска,6,14,Јер смо га чули гдје говори: Овај Исус Назарећанин разориће ово мјесто и измијениће обичаје које нам предаде Мојсеј.
Дела апостолска,6,15,"И погледавши на њега сви који сјеђаху у Синедриону, видјеше лице његово као лице анђела."
Дела апостолска,7,1,А првосвештеник рече: Је ли то тако?
Дела апостолска,7,2,"А он рече: Људи браћо и оци, чујте! Бог славе јави се оцу нашему Аврааму кад бјеше у Месопотамији, прије него се досели у Харан."
Дела апостолска,7,3,"И рече му: Изиђи из земље своје и од рода својега и из дома оца својега, и дођи у земљу коју ћу ти показати."
Дела апостолска,7,4,"Тада изиђе из земље Халдејске, и досели се у Харан: и оданде, по смрти оца његова, пресели га у ову земљу у којој ви сада живите."
Дела апостолска,7,5,"И не даде му насљедства у њој ни стопе, и обећа да ће је дати у посјед њему и сјемену његову послије њега, док он још немаше дјетета."
Дела апостолска,7,6,А Бог рече овако: Сјеме твоје биће дошљаци у земљи туђој и поробиће га и злостављаће га четири стотине година.
Дела апостолска,7,7,"И народу томе коме ће робовати ја ћу судити, рече Бог; и потом ће изићи, и служиће ми на овоме мјесту."
Дела апостолска,7,8,"И даде му завјет обрезања, и тако роди Исака, и обреза га у осми дан: и Исак Јакова, и Јаков дванаест праотаца."
Дела апостолска,7,9,"А праоци позавидјеше Јосифу и продадоше га у Египат; и Бог бијаше с њим,"
Дела апостолска,7,10,"И избави га од свију невоља његових, и даде му милост и премудрост пред Фараоном, царем египатским, и постави га поглаварем над Египтом и свим домом његовим."
Дела апостолска,7,11,"А дође глад на сву земљу Египатску и Ханаанску и невоља велика, и не налажаху хране оци наши."
Дела апостолска,7,12,"А Јаков чувши да има пшенице у Египту, посла први пут оце наше."
Дела апостолска,7,13,"И кад дођоше други пут, каза се Јосиф браћи својој, и род Јосифов постаде познат Фараону."
Дела апостолска,7,14,"А Јосиф посла и дозва оца својега Јакова и сву родбину своју, седамдесет и пет душа."
Дела апостолска,7,15,"И сиђе Јаков у Египат, и сконча, он и оци наши;"
Дела апостолска,7,16,"И пренесоше их у Сихем, и положише у гроб који купи Авраам за новце од синова Емора Сихемљанина."
Дела апостолска,7,17,"И како се приближаваше вријеме обећања за које се Бог закле Аврааму, народ се увећа и умножи у Египту."
Дела апостолска,7,18,"Док не наста други цар над Египтом, који не знаше Јосифа."
Дела апостолска,7,19,"Овај поступи лукаво са родом нашим, злостављаше оце наше да бацају дјецу своју да не остају у животу."
Дела апостолска,7,20,"У то вријеме се роди Мојсеј и бјеше мио Богу, и би три мјесеца гајен у дому оца својега."
Дела апостолска,7,21,"А када је био избачен, узе га кћи Фараонова и одгаји га себи за сина."
Дела апостолска,7,22,"И научи се Мојсеј свој мудрости египатској, и бјеше силан у ријечима и у дјелима."
Дела апостолска,7,23,"А кад му се навршаваше четрдесета година, дође му на срце да обиђе браћу своју, синове Израиљеве."
Дела апостолска,7,24,"И видјевши некога гдје му се чини неправда, узе га у одбрану и освети угњетаваног, убивши Египћанина."
Дела апостолска,7,25,А мишљаше он да браћа његова разумију да им Бог његовом руком даје спасење; али они не разумјеше.
Дела апостолска,7,26,"А сутрадан појави се међу њима док су се тукли и стаде их мирити говорећи: Људи, ви сте браћа. зашто чините неправду један другоме?"
Дела апостолска,7,27,А онај што чињаше неправду ближњему одгурну га рекавши: Ко тебе постави за старјешину и судију над нама?
Дела апостолска,7,28,Или хоћеш и мене да убијеш као што си јуче убио Египћанина?
Дела апостолска,7,29,"А Мојсеј побјеже због ове ријечи, и поста дошљак у земљи Мадијамској, гдје роди два сина."
Дела апостолска,7,30,"И кад се наврши четрдесет година, јави му се у пустињи горе Синајске Анђео Господњи у пламену огњеном у купини."
Дела апостолска,7,31,"А када Мојсеј видје, дивљаше се виђењу. Када пак он приступи да размотри, би глас Господњи њему:"
Дела апостолска,7,32,"Ја сам Бог отаца твојих, Бог Авраамов и Бог Исаков и Бог Јаковљев. А Мојсеј се уплаши и не смијаше да погледа."
Дела апостолска,7,33,"А Господ му рече: Изуј обућу са ногу својих, јер је мјесто на коме стојиш света земља."
Дела апостолска,7,34,"Гледајући видјех муку народа мојега који је у Египту, и чух њихово уздисање, и сиђох да их избавим; и сад ходи да те пошаљем у Египат."
Дела апостолска,7,35,"Овога Мојсеја, којега се одрекоше говорећи: Ко тебе постави за старјешину и судију? - тога Бог посла за старјешину и избавитеља руком Анђела који му се јави у купини."
Дела апостолска,7,36,Овај их изведе учинивши чудеса и знаке у земљи Египатској и у Црвеном мору и у пустињи четрдесет година.
Дела апостолска,7,37,"Ово је Мојсеј који рече синовима Израиљевим: Господ Бог ваш подигнуће вам Пророка из браће ваше, као мене: њега послушајте."
Дела апостолска,7,38,"Ово је онај што бјеше у цркви у пустињи са Анђелом, који му је говорио на гори Синајској, и са оцима нашим: који прими ријечи живе, да их нама даде;"
Дела апостолска,7,39,"Којега не хтједоше послушати оци наши, него га одбацише, и окренуше се срцем својим према Египту,"
Дела апостолска,7,40,"Рекавши Арону: Начини нам богове који ће ићи пред нама, јер са овим Мојсејем, који нас је извео из земље Египатске, не знамо шта му се догоди."
Дела апостолска,7,41,"И у дане оне начинише теле и принесоше жртву идолу, и радоваху се дјелима руку својих."
Дела апостолска,7,42,"А Бог се окрену од њих и предаде их да служе војсци небеској, као што је писано у књизи Пророка: Еда што заклано и жртве принесосте ми за четрдесет година у пустињи, доме Израиљев?"
Дела апостолска,7,43,"И прихватисте чадор Молохов, и звијезду бога вашег Ремфана, кипове које начинисте да им се клањате; и преселићу вас даље од Вавилона."
Дела апостолска,7,44,"Оци наши имаху шатор свједочанства у пустињи, као што заповједи Онај што говори Мојсеју да га начини по обрасцу који бјеше видио;"
Дела апостолска,7,45,"Њега и наслиједивши оци наши унесоше са Исусом Навином при заузимању земље незнабожаца, које прогна Бог испред лица отаца наших; све до дана Давидових,"
Дела апостолска,7,46,Који нађе благодат пред Богом и мољаше да нађе стан Богу Јаковљеву.
Дела апостолска,7,47,А Соломон му сазида дом.
Дела апостолска,7,48,"Али Свевишњи не живи у рукотвореним храмовима, као што говори пророк:"
Дела апостолска,7,49,"Небо ми је престо, а земља подножје ногама мојима; какав ћете ми дом сазидати, говори Господ; или које је мјесто за почивање моје?"
Дела апостолска,7,50,Није ли рука моја створила све ово?
Дела апостолска,7,51,"Тврдоврати и необрезани срцем и ушима, ви се свагда противите Духу Светоме; како оци ваши, тако и ви."
Дела апостолска,7,52,"Којега од пророка не протјераше оци ваши? И побише оне који предсказаше долазак Праведника, којега сада ви издајници и убице постадосте,"
Дела апостолска,7,53,"Ви који примисте Закон наредбама анђелским, и не одржасте."
Дела апостолска,7,54,"Кад ово чуше, разјарише се врло у срцима својима, и шкргутаху зубима на њега."
Дела апостолска,7,55,"А он, пун Духа Светога, погледа на небо и видје славу Божију и Исуса гдје стоји с десне стране Богу,"
Дела апостолска,7,56,И рече: Ево видим небеса отворена и Сина Човјечијега гдје стоји с десне стране Богу.
Дела апостолска,7,57,"А они повикавши иза гласа затиснуше уши своје, и навалише једнодушно на њега,"
Дела апостолска,7,58,"Па избацивши га изван града стадоше га каменовати. А свједоци метнуше хаљине своје код ногу младића по имену Савла,"
Дела апостолска,7,59,"И каменоваху Стефана, који се мољаше Богу и говораше: Господе Исусе, прими дух мој!"
Дела апостолска,7,60,"Онда клече на кољена и повика иза гласа: Господе, не урачунај им гријех овај! И ово рекавши, усну."
Дела апостолска,8,1,"А Савле одобраваше његово убиство. А у тај дан постаде велико гоњење на Јерусалимску цркву, и сви се расијаше по крајевима јудејским и самаријским, осим апостола."
Дела апостолска,8,2,А људи побожни сахранише Стефана и учинише над њим велики плач.
Дела апостолска,8,3,"А Савле је пустошио Цркву, улазећи у куће и силом одвлачећи људе и жене предаваше их у тамницу."
Дела апостолска,8,4,"Међутим, оии што се расијаше пролажаху и проповиједаху ријеч."
Дела апостолска,8,5,А Филип сишавши у град самаријски проповиједаше им Христа.
Дела апостолска,8,6,"А народ је пазио једнодушно на оно што им говораше Филип, слушајући и гледајући знаке које чињаше;"
Дела апостолска,8,7,"Јер духови нечисти с великом виком излажаху из многих који их имаху, и многи узети и хроми оздравише."
Дела апостолска,8,8,И би велика радост у граду ономе.
Дела апостолска,8,9,"А бјеше отприје у граду неки човјек, по имену Симон, који чараше и довођаше у чудо народ самаријски, говорећи да је он нешто велико."
Дела апостолска,8,10,"Њега сви пажљиво слушаху, и мало и велико, говорећи: Ово је велика сила Божија."
Дела апостолска,8,11,А зато га слушаху пажљиво што их је много времена чинима задивљавао.
Дела апостолска,8,12,"Но када повјероваше Филипу који проповиједаше јеванђеље о Царству Божијему и о имену Исуса Христа, крштаваху се и људи и жене."
Дела апостолска,8,13,"Тада и сам Симон повјерова и крстивши се остаде код Филипа; и гледајући знаке и чуда велика гдје се збивају, дивљаше се врло."
Дела апостолска,8,14,"А кад чуше апостоли у Јерусалиму да је Самарија примила ријеч Божију, послаше им Петра и Јована."
Дела апостолска,8,15,Ови сишавши помолише се Богу за њих да приме Духа Светога;
Дела апостолска,8,16,"Јер још ни на једнога од њих не бјеше сишао, него бијаху само крштени у име Господа Исуса."
Дела апостолска,8,17,"Тада полагаху руке на њих, и они примаху Духа Светога."
Дела апостолска,8,18,"А кад видје Симон да се полагањем апостолских руку даје Дух Свијети, донесе им новаца,"
Дела апостолска,8,19,Говорећи: Дајте и мени ту власт да кад положим руке на некога прими Духа Светога.
Дела апостолска,8,20,"А Петар му рече: Новци твоји с тобом да буду на погибао, што си помислио да се дар Божији може добити за новце."
Дела апостолска,8,21,"Нема теби дјела ни удјела у овој ријечи, јер срце твоје није право пред Богом."
Дела апостолска,8,22,"Зато се покај од те злоће твоје, и моли се Богу еда би ти се опростила помисао срца твојега;"
Дела апостолска,8,23,Јер те видим да си у горкој жучи и у оковима неправде.
Дела апостолска,8,24,А Симон одговарајући рече: Помолите се ви за мене Господу да не наиђе на мене ништа од онога што сте рекли.
Дела апостолска,8,25,"А они, засвједочивши и говоривши ријеч Господњу, вратише се у Јерусалим, и многим селима самаријским проповиједаху јеванђеље."
Дела апостолска,8,26,А анђео Господњи рече Филипу говорећи: Устани и иди према југу на пут који силази од Јерусалима у Газу; он је пуст.
Дела апостолска,8,27,"И уставши пође. И гле, човјек Етиопљанин, ушкопљеник, властелин Кандакије царице етиопске, што бјеше над свима њеним ризницама, који бјеше дошао у Јерусалим као поклоник,"
Дела апостолска,8,28,"Па се враћаше, и сједећи на колима својим читаше пророка Исаију."
Дела апостолска,8,29,А Дух рече Филипу: Приступи и прилијепи се тим колима.
Дела апостолска,8,30,"А Филип притрчавши, чу га гдје чита пророка Исаију, и рече: Да ли разумијеш то што читаш?"
Дела апостолска,8,31,Како бих могао ако ме ко не упути? И умоли Филипа да се попне и сједне са њим.
Дела апостолска,8,32,"А мјесто из Писма које читаше бјеше ово: Као овца на заклање одведе се, и као јагње нијемо пред оним који га стриже, тако не отвара уста својих."
Дела апостолска,8,33,У његовом понижењу укиде се суд његов. А род његов ко ће исказати? Јер се узима са земље живот његов.
Дела апостолска,8,34,"Онда ушкопљеник одговори и рече Филипу: Молим те, за кога ово говори пророк? За себе или за некога другога?"
Дела апостолска,8,35,"А Филип отворивши уста своја, и почевши од Писма овога, проповједи му јеванђеље о Исусу."
Дела апостолска,8,36,"Како пак иђаху путем, дођоше на неку воду, и рече ушкопљеник: Ево воде, шта ме спречава да се крстим?"
Дела апостолска,8,37,"А Филип му рече: Ако вјерујеш од свега срца, може. А он одговарајући рече: Вјерујем да је Исус Христос Син Божији."
Дела апостолска,8,38,"И заповједи да стану кола, и сиђоше оба у воду, и Филип и ушкопљеник, и крсти га."
Дела апостолска,8,39,"А кад изиђоше из воде, Дух (Свети паде на ушкопљеника, а анђео) Господњи узе Филипа, и више га не видје ушкопљеник, него отиде путем својим радујући се."
Дела апостолска,8,40,"А Филип се обрете у Азоту; и пролазећи проповиједаше јеванђеље свима градовима, док не дође у Кесарију."
Дела апостолска,9,1,"А Савле, још дишући пријетњом и убиством на ученике Господње, приступи првосвештенику,"
Дела апостолска,9,2,"И затражи од њега посланице у Дамаск за синагоге, да ако кога нађе који је од овога Пута, и људе и жене, свезане доведе у Јерусалим."
Дела апостолска,9,3,"А кад путоваше и дође близу Дамаска, изненада обасја га свјетлост са неба,"
Дела апостолска,9,4,"И паднувши на земљу чу глас гдје му говори: Савле, Савле, зашто ме гониш?"
Дела апостолска,9,5,"А он рече: Ко си ти, Господе? А Господ рече: Ја сам Исус којега ти гониш, (тешко ти је против бодила праћати се."
Дела апостолска,9,6,"А он дрхтећи од страха рече: Господе, шта ћу да чиним? А Господ му рече), него устани и уђи у град, па ће ти се казати шта треба да чиниш."
Дела апостолска,9,7,"А људи који путоваху с њим стајаху нијеми, чујући глас, а никога не видећи."
Дела апостолска,9,8,А Савле устаде са земље и отвореним очима својим никога не виђаше. Они га узеше за руку и уведоше у Дамаск.
Дела апостолска,9,9,"И бјеше три дана слијеп, и не једе, нити пи."
Дела апостолска,9,10,"А у Дамаску бјеше један ученик, по имену Ананија, и рече му Господ у виђењу: Ананија! А он рече: Ево ме, Господе!"
Дела апостолска,9,11,"А Господ њему: Устани и иди у улицу која се зове Права, и тражи у дому Јудином по имену Савла Таршанина; јер гле, он се моли Богу,"
Дела апостолска,9,12,"И видје у виђењу човјека, по имену Ананију, гдје уђе и метну руку на њега да прогледа."
Дела апостолска,9,13,"А Ананија одговори: Господе, чуо сам од многих за тога човјека колико зла почини светима твојима у Јерусалиму."
Дела апостолска,9,14,И овдје има власт од првосвештеника да веже све који призивају Име твоје.
Дела апостолска,9,15,"А Господ му рече: Иди, јер ми је он сасуд избрани, да изнесе Име моје пред незнабошце и цареве и синове Израиљеве;"
Дела апостолска,9,16,А ја ћу му показати колико му ваља пострадати за Име моје.
Дела апостолска,9,17,"И отиде Ананија, и уђе у кућу, и метнувши руке на њега рече: Савле брате, Господ Исус, који ти се јави на путу којим си ишао, послао ме је да прогледаш и да се испуниш Духа Светога."
Дела апостолска,9,18,"И одмах отпаде од очију његових као крљушт, и прогледа, и уставши крсти се;"
Дела апостолска,9,19,"И узевши храну, окријепи се. И би Савле неколико дана са ученицима који бијаху у Дамаску."
Дела апостолска,9,20,И одмах по синагогама проповиједаше Исуса да је он Син Божији.
Дела апостолска,9,21,"А сви који слушаху чуђаху се и говораху: Није ли ово онај што у Јерусалиму сатираше оне који призивају Име ово, и не дође ли овдје за то да их везане води првосвештеницима?"
Дела апостолска,9,22,"А Савле све више јачаше, па збуњиваше Јудејце који живе у Дамаску, доказујући да је ово Христос."
Дела апостолска,9,23,"А кад се наврши подоста дана, договорише се Јудејци да га убију."
Дела апостолска,9,24,Али Савле дознаде за њихову завјеру; а они чуваху врата дан и ноћ да би га убили;
Дела апостолска,9,25,Но ученици га узеше ноћу и спустише преко зида у котарици.
Дела апостолска,9,26,"Када пак дође Савле у Јерусалим, покушаваше да се придружи ученицима; и сви га се бојаху, не вјерујући да је ученик."
Дела апостолска,9,27,"А Варнава га узе и доведе апостолима, и исприча им како је на путу видио Господа и како му је говорио, и како је у Дамаску смјело проповиједао у име Исусово."
Дела апостолска,9,28,"И заједно с њима је улазио у Јерусалим и излазио и слободно проповиједао у име Господа Исуса,"
Дела апостолска,9,29,"И говораше и препираше се с јелинистима, а они вребаху да га убију."
Дела апостолска,9,30,"А када браћа ово сазнаше, сведоше га у Кесарију и испратише га у Тарс."
Дела апостолска,9,31,"Међутим, Цркве по свој Јудеји и Галилеји и Самарији уживаху мир напредујући и ходећи у страху Господњем, и умножаваху се утјехом Светога Духа."
Дела апостолска,9,32,"И догоди се да Петар обилазећи све, сиђе и светима који живљаху у Лиди."
Дела апостолска,9,33,"И нађе тамо једнога човјека по имену Енеја, који већ осам година лежаше на одру, јер бјеше узет."
Дела апостолска,9,34,"И рече му Петар: Енеје, исцјељује те Исус Христос; устани и простри сам себи! И одмах устаде."
Дела апостолска,9,35,"И видјеше га сви који живљаху у Лиди и Сарону, и обратише се Господу."
Дела апостолска,9,36,"А у Јопи бјеше једна ученица, по имену Тавита, што преведено значи Срна, и она бјеше пуна добрих дјела и милостиња које чињаше."
Дела апостолска,9,37,И догоди се у те дане да се она разбоље и умрије; онда је окупаше и положише у горњу собу.
Дела апостолска,9,38,"И будући да је Лида близу Јопе, ученици чувши да је Петар у њој, послаше два човјека молећи га да без оклијевања дође до њих."
Дела апостолска,9,39,"А Петар уставши отиде с њима; и кад дође, уведоше га у горњу собу и скупише се око њега све удовице плачући и показујући кошуље и хаљине што је радила Срна док је била с њима."
Дела апостолска,9,40,"А Петар изгнавши све напоље, клече на кољена и помоли се Богу, и окренувши се тијелу рече: Тавито, устани! А она отвори очи своје, и видјевши Петра придигну се и сједе."
Дела апостолска,9,41,Он пак давши јој руку подиже је; и дозвавши свете и удовице показа је живу.
Дела апостолска,9,42,"И ово се разгласи по свој Јопи, и многи вјероваше у Господа."
Дела апостолска,9,43,А он остаде много дана у Јопи код некога Симона кожара.
Дела апостолска,10,1,"А у Кесарији неки човјек, по имену Корнилије, капетан чете која се зваше Италијанска,"
Дела апостолска,10,2,"Побожан и богобојазан са цијелим домом својим, који је чинио многе милостиње народу и молио се стално Богу;"
Дела апостолска,10,3,"Видје на јави у виђењу, око деветог часа дана, анђела Божијега гдје уђе к њему и рече му: Корнилије!"
Дела апостолска,10,4,"А он, погледавши на њега и уплашивши се, рече: Шта је, Господе? А он му рече: Молитве твоје и милостиње твоје узиђоше на спомен пред Богом."
Дела апостолска,10,5,И сад пошаљи људе у Јопу и дозови Симона прозванога Петра;
Дела апостолска,10,6,"Он гостује у некога Симона кожара, чија је кућа код мора. (Он ће ти казати ријечи којима ћеш се спасти ти и сав дом твој)."
Дела апостолска,10,7,"А кад отиде анђео који је говорио Корнилију, он дозва двојицу од укућана својих и једног побожног војника од оних који бијаху стално уз њега,"
Дела апостолска,10,8,И казавши им све посла их у Јопу.
Дела апостолска,10,9,"А сутрадан док они путоваху и приближаваху се граду, изиђе Петар на равни кров дома да се помоли Богу око шестога часа."
Дела апостолска,10,10,"И огладње, и хтједе да једе; а кад му они готовљаху, наиђе на њега занос,"
Дела апостолска,10,11,"И видје небо отворено и сасуд некакав гдје силази на њега, као велико платно завезано на четири краја и спушта се на земљу;"
Дела апостолска,10,12,У коме бијаху све четвороножне животиње на земљи и звјериње и гмизавци и птице небеске.
Дела апостолска,10,13,"И дође му глас: Устани, Петре, закољи и једи."
Дела апостолска,10,14,"А Петар рече: Нипошто, Господе, јер никад не једох било шта погано или нечисто."
Дела апостолска,10,15,"И опет глас њему по други пут: Што је Бог очистио, ти не погани!"
Дела апостолска,10,16,"И ово би трипут, и сасуд се опет узнесе на небо."
Дела апостолска,10,17,"А док се Петар у себи питаше шта би било виђење које видје, и гле, људи послани од Корнилија, распитавши се за дом Симонов, стадоше пред врата."
Дела апостолска,10,18,И зовнувши питаху да ли гостује овдје Симон звани Петар.
Дела апостолска,10,19,"И док Петар размишљаше о виђењу, рече му Дух: Ево три човјека траже тебе;"
Дела апостолска,10,20,"Него устани и сиђи и иди с њима не премишљајући ништа, јер сам их ја послао."
Дела апостолска,10,21,"А Петар сишавши људима посланим њему од Корнилија рече: Ево, ја сам тај кога тражите. Ради чега сте дошли?"
Дела апостолска,10,22,"А они рекоше: Корнилије капетан, човјек праведан и богобојазан, на добру гласу код свега народа јудејскога, примио је заповијест од анђела светога да те позове у свој дом и да чује ријечи од тебе."
Дела апостолска,10,23,"Онда их позва унутра и угости. А сутрадан уставши пође с њима, и неки од браће која бјеху из Јопе пођоше с њим."
Дела апостолска,10,24,И сутрадан уђоше у Кесарију. А Корнилије их чекаше сазвавши родбину своју и блиске пријатеље.
Дела апостолска,10,25,"А кад Петар улажаше, срете га Корнилије, и паднувши пред ноге његове поклони се."
Дела апостолска,10,26,"А Петар га подиже говорећи: Устани, и ја сам само човјек."
Дела апостолска,10,27,"И с њим разговарајући уђе, и нађе многе који се бијаху сабрали,"
Дела апостолска,10,28,И рече им: Ви знате како је забрањено човјеку Јудејцу дружити се или долазити иноплеменику; али мени Бог показа да ни једнога човјека не треба звати поганим или нечистим.
Дела апостолска,10,29,"Зато и дођох без поговора чим сам позван. Питам вас, дакле, ради чега сте ме позвали?"
Дела апостолска,10,30,"А Корнилије рече: Прије четири дана ја постих до овога часа, и у девети час бијах на молитви у кући својој; и гле, човјек стаде преда ме у хаљини сјајној,"
Дела апостолска,10,31,"И рече: Корнилије, услишена је молитва твоја и милостиње твоје бише споменуте пред Богом."
Дела апостолска,10,32,"Пошаљи, дакле, у Јопу и дозови Симона који је прозван Петар; он гостује у кући Симона кожара поред мора; када он дође, рећи ће ти."
Дела апостолска,10,33,"Онда одмах послах теби, и ти си добро учинио што си дошао. Сада, дакле, сви ми стојимо пред Богом да чујемо све што ти је од Бога заповјеђено."
Дела апостолска,10,34,"А Петар отворивши уста рече: Заиста видим да Бог не гледа ко је ко,"
Дела апостолска,10,35,Него је у сваком народу мио њему онај који га се боји и твори правду.
Дела апостолска,10,36,"Ријеч коју посла синовима Израиљевим, благовјестећи мир кроз Исуса Христа: Он је Господ свију."
Дела апостолска,10,37,"Ви знате ријеч која се збила по свој Јудеји, почевши од Галилеје, послије крштења које проповиједаше Јован:"
Дела апостолска,10,38,"Исуса из Назарета, како га помаза Бог Духом Светим и силом, који пролажаше чинећи добро и исцјељујући све мучене од ђавола, јер Бог бијаше с њим."
Дела апостолска,10,39,"И ми смо свједоци свега што учини у земљи Јудејској и у Јерусалиму. Њега и убише, објесивши на дрво."
Дела апостолска,10,40,"Овога Бог васкрсе трећи дан, и учини да се он јави,"
Дела апостолска,10,41,"Не свему народу, него нама, свједоцима унапријед изабранима од Бога, који с њим једосмо и писмо по његову васкрсењу из мртвих."
Дела апостолска,10,42,И заповједи нам да проповиједамо народу и свједочимо да је он одређени од Бога Судија живих и мртвих.
Дела апостолска,10,43,За њега свједоче сви пророци да ће Именом његовим примити опроштење гријеха свако ко вјерује у њега.
Дела апостолска,10,44,"Док Петар још говораше ове ријечи, сиђе Дух Свети на све који слушаху ријеч."
Дела апостолска,10,45,"И задивише се вјерни из обрезања који дођоше с Петром, да се и на незнабошце излио дар Духа Светога."
Дела апостолска,10,46,Јер их слушаху гдје говоре језике и величају Бога. Тада одговори Петар:
Дела апостолска,10,47,Зар може ко забранити воду да се не крсте ови који примише Духа Светога као и ми?
Дела апостолска,10,48,И заповједи им да се крсте у име Исуса Христа. Тада га молише да остане код њих неколико дана.
Дела апостолска,11,1,А чуше апостоли и браћа који бијаху у Јудеји да и незнабошци примише ријеч Божију.
Дела апостолска,11,2,"И кад узиђе Петар у Јерусалим, препираху се с њим они из обрезања,"
Дела апостолска,11,3,Говорећи: Ушао си необрезаним људима и јео си с њима.
Дела апостолска,11,4,А Петар им отпоче излагати по реду говорећи:
Дела апостолска,11,5,"Ја бијах у граду Јопи на молитви, и видјех у заносу виђење: некакав сасуд силажаше као велико платно са четири краја и спушташе се с неба, и дође до мене."
Дела апостолска,11,6,"Загледавши у њега пажљиво, размотрих и видјех четвороножне животиње земаљске и звјериње и гмизавце и птице небеске."
Дела апостолска,11,7,"И чух глас који ми говори: Устани, Петре, закољи и једи."
Дела апостолска,11,8,"А ја рекох: Нипошто, Господе, јер ништа погано или нечисто никада не уђе у моја уста."
Дела апостолска,11,9,"И одговори ми глас са неба по други пут: Што је Бог очистио, ти не погани!"
Дела апостолска,11,10,А ово би трипут; и узе се опет све на небо.
Дела апостолска,11,11,"И гле, у тај час три човјека стадоше пред кућом у којој бијах, послани из Кесарије к мени."
Дела апостолска,11,12,"А Дух ми рече да идем с њима не премишљајући ништа. А дођоше са мном и ових шесторо браће, и уђосмо у кућу човјекову."
Дела апостолска,11,13,"И он нам каза како видје анђела у кући својој који је стао и рекао му: Пошаљи људе у Јопу и дозови Симона званога Петра,"
Дела апостолска,11,14,Он ће ти казати ријечи којима ћеш се спасти ти и сав дом твој.
Дела апостолска,11,15,"А кад ја почех говорити, сиђе Дух Свети на њих, као и на нас у почетку."
Дела апостолска,11,16,"Тада се сјетих ријечи Господње како говораше: Јован је крстио водом, а ви ћете се крстити Духом Светим."
Дела апостолска,11,17,"Ако им, дакле, Бог даде једнак дар као и нама који повјеровасмо у Господа Исуса Христа, ко бијах ја да бих могао спријечити Бога?"
Дела апостолска,11,18,"А кад чуше ово заћуташе, и слављаху Бога говорећи: Заиста и незнабошцима даде Бог покајање за живот."
Дела апостолска,11,19,"Они, међутим, који се расијаше од невоље, која наста због Стефана, прођоше све до Финикије и Кипра и Антиохије не проповиједајући ријеч никоме до само Јудејцима."
Дела апостолска,11,20,"А неки од њих бијаху Кипрани и Киринејци, који ушавши у Антиохију говораху јелинистима проповиједајући јеванђеље о Господу Исусу."
Дела апостолска,11,21,И рука Господња бијаше с њима; и велики број их повјерова и обрати се Господу.
Дела апостолска,11,22,А дође ријеч о њима до ушију Цркве у Јерусалиму; и послаше Варнаву да прође све до Антиохије.
Дела апостолска,11,23,"Кад овај дође и видје благодат Божију, обрадова се и мољаше све да искреним срцем остану у Господу;"
Дела апостолска,11,24,Јер бјеше човјек благ и пун Духа Светога и вјере. И обрати се многи народ Господу.
Дела апостолска,11,25,"Варнава пак изиђе у Тарс да потражи Савла, и када га нађе, доведе га у Антиохију."
Дела апостолска,11,26,"И они се цијелу годину састајаше са Црквом, и учише многи народ; и најприје у Антиохији ученици бише названи Хришћани."
Дела апостолска,11,27,А у те дане сиђоше из Јерусалима пророци у Антиохију.
Дела апостолска,11,28,"И уставши један од њих, по имену Агав, предсказа духом велику глад која је имала бити по цијелом свијету; која и би за Клаудија ћесара."
Дела апостолска,11,29,"А ученици одлучише да сваки од њих, колико који могаше, пошаље на помоћ браћи која живљаху у Јудеји."
Дела апостолска,11,30,Ово и учинише пославши старјешинама преко руке Варнавине и Савлове.
Дела апостолска,12,1,А у оно вријеме подиже цар Ирод руке да мучи неке од Цркве.
Дела апостолска,12,2,И погуби Јакова брата Јовановог мачем.
Дела апостолска,12,3,"И видјевши да је то по вољи Јудејцима, настојаше да ухвати и Петра; а бијаху дани бесквасних хљебова."
Дела апостолска,12,4,"Њега и ухвати и баци у тамницу, и предаде га четирима стражама од по четири војника да га чувају, намјеравајући да га послије Пасхе изведе пред народ."
Дела апостолска,12,5,"Петра, дакле, чуваху у тамници, а Црква се усрдно мољаше за њега Богу."
Дела апостолска,12,6,"А када хтједе Ирод да га изведе, те ноћи спаваше Петар између двојице војника, окован у двоје вериге, и стражари пред вратима чуваху тамницу."
Дела апостолска,12,7,"И гле, анђео Господњи се појави, и свјетлост обасја просторију, и куцнувши Петра у ребра пробуди га говорећи: Устани брзо! И спадоше му вериге с руку."
Дела апостолска,12,8,"И анђео му рече: Опаши се, и обуј обућу своју. И учини тако. И рече му: Обуци хаљину своју, па хајде за мном."
Дела апостолска,12,9,"И изишавши иђаше за њим, и не знадијаше да је стварност то што анђео чињаше, него мишљаше да гледа виђење."
Дела апостолска,12,10,"А кад прођоше прву стражу и другу, дођоше вратима гвозденим која воде у град; она им се сама отворише, и изишавши прођоше једну улицу, и анђео одмах одступи од њега."
Дела апостолска,12,11,"И када дође Петар себи, рече: Сада заиста знам да Господ посла анђела својега те ме избави из руку Иродових и од свега што је очекивао народ јудејски."
Дела апостолска,12,12,"И разабравши се дође до куће Марије, матере Јована званога Марко, гдје бијаху многи сабрани и мољаху се Богу."
Дела апостолска,12,13,"А кад закуца Петар у врата од дворишта, приступи дјевојка по имену Рода, да чује."
Дела апостолска,12,14,"И познавши глас Петров, од радости не отвори врата, него утрча и јави да Петар стоји пред вратима."
Дела апостолска,12,15,А они јој рекоше: Јеси ли луда! Али она увјераваше да је тако. А они говораху: То је анђео његов.
Дела апостолска,12,16,"Петар пак једнако куцаше. А кад отворише, видјеше га и задивише се."
Дела апостолска,12,17,"Махнувши им руком да ћуте, он им исприча како га Господ изведе из тамнице, и рече: Јавите ово Јакову и браћи. И изишавши отиде на друго мјесто."
Дела апостолска,12,18,"А када наста дан, бјеше не мала узбуна међу војницима, шта то би са Петром."
Дела апостолска,12,19,"И кад га Ирод заиска и не нађе, онда испита стражаре и заповједи да се одведу; а он, сишавши из Јудеје у Кесарију, ондје борављаше."
Дела апостолска,12,20,"А бјеше Ирод гњеван на Тирце и Сидонце, но ови једнодушно дођоше њему, и придобивши Власта, постељника царева, искаху мира, јер се њихова земља хранила од царске."
Дела апостолска,12,21,"И у одређени дан обуче се Ирод у царску хаљину, и сјевши на пријесто одржа им говор;"
Дела апостолска,12,22,"А народ клицаше: Глас Божији, а не човјечији!"
Дела апостолска,12,23,"Али одједном удари га анђео Господњи, јер не даде славе Богу; и будући изједен од црва издахну."
Дела апостолска,12,24,А ријеч Божија растијаше и множаше се.
Дела апостолска,12,25,"А Варнава и Савле предавши помоћ вратише се из Јерусалима у Антиохију, узевши са собом и Јована прозванога Марко."
Дела апостолска,13,1,"А у Цркви која бјеше у Антиохији бијаху неки пророци и учитељи, и то: Варнава и Симеон звани Нигер, и Лукије Киринејац, и Манаин одгајен са Иродом четверовласником, и Савле."
Дела апостолска,13,2,"А док они служаху Господу и пошћаху, рече Дух Свети: Одвојте ми Варнаву и Савла на дјело на које сам их позвао."
Дела апостолска,13,3,"Тада они, постивши и помоливши се Богу и положивши руке на њих, отпустише их."
Дела апостолска,13,4,"А ови, послани од Духа Светога, сиђоше у Селевкију, и оданде отпловише на Кипар."
Дела апостолска,13,5,И стигавши у Саламину објављиваху ријеч Божију у синагогама јудејским; а имаху и Јована за прислужника.
Дела апостолска,13,6,"А кад прођоше острво све до Пафа, нађоше некаквог врачара и лажног пророка, Јудејца, по имену Варисус,"
Дела апостолска,13,7,"Који бјеше с намјесником Сергијем Павлом, човјеком разборитим. Овај дозвавши Варнаву и Савла заиска да чује ријеч Божију."
Дела апостолска,13,8,"А Елима врачар, јер то значи име његово, противљаше им се гледајући да одврати намјесника од вјере."
Дела апостолска,13,9,"А Савле, звани и Павле, испуњен Духом Светим, погледавши оштро на њега,"
Дела апостолска,13,10,"Рече: О, препуни сваког лукавства и сваке подмуклости, сине ђавољи, непријатељу сваке правде! Зар нећеш престати да квариш праве путеве Господње?"
Дела апостолска,13,11,"И сад ево руке Господње на те, и бићеш слијеп да не видиш сунца за неко вријеме. И одмах паде на њега мрак и тама, и пипајући наоколо тражаше водича."
Дела апостолска,13,12,"Тада намјесник, кад видје шта би, повјерова, задивљен науком Господњом."
Дела апостолска,13,13,"А када Павле и они са њим отпловише из Пафа, дођоше у Пергу Памфилијску; Јован пак одвојивши се од њих, врати се у Јерусалим."
Дела апостолска,13,14,"А они отишавши из Перге, дођоше у Антиохију Писидијску, и ушавши у синагогу у дан суботни сједоше."
Дела апостолска,13,15,"Послије пак читања Закона и Пророка старјешине синагоге послаше к њима говорећи: Људи браћо, ако имате ријеч утјехе за народ, говорите."
Дела апостолска,13,16,"А Павле уставши махну руком и рече: Људи Израиљци и који се Бога бојите, чујте:"
Дела апостолска,13,17,"Бог народа овога Израиљскога изабра оце наше, и уздиже народ кад бијаху дошљаци у земљи египатској, и моћном руком изведе их из ње."
Дела апостолска,13,18,И за четрдесет година храњаше их у пустињи.
Дела апостолска,13,19,"И затрвши седам народа у земљи ханаанској, раздијели им коцком земљу њихову."
Дела апостолска,13,20,И послије тога за четири стотине педесет година даде им судије до Самуила пророка.
Дела апостолска,13,21,"И отада искаше цара, и даде им Бог Саула, сина Кисова, човјека од кољена Венијаминова, за четрдесет година."
Дела апостолска,13,22,"И уклонивши њега подиже им Давида за цара, коме и рече посвједочивши: Нађох Давида сина Јесејева, човјека по срцу мојему, који ће испунити сваку вољу моју."
Дела апостолска,13,23,"Од његовог сјемена, по обећању, подиже Бог Израиљу Спаситеља Исуса,"
Дела апостолска,13,24,Пошто пред његов долазак Јован проповиједаше крштење покајања свему народу Израиљеву.
Дела апостолска,13,25,"И када Јован завршаваше подвиг свој, говораше: За кога ме ви сматрате, ја нисам тај, него ево иде за мном Онај коме ја нисам достојан одријешити ремена на обући његовој."
Дела апостолска,13,26,"Људи браћо, синови рода Авраамова, и који се међу вама боје Бога, вама се посла ријеч овога спасења."
Дела апостолска,13,27,"Јер они што живе у Јерусалиму, и старјешине њихове, не познаше Овога, него осудивши га, испунише пророчке ријечи које се читају сваке суботе."
Дела апостолска,13,28,"И не нашавши ни једне кривице смртне, молише Пилата да га погуби."
Дела апостолска,13,29,"А кад свршише све што је писано за њега, скинуше га са дрвета и положише у гроб."
Дела апостолска,13,30,А Бог њега подиже из мртвих.
Дела апостолска,13,31,"Он се јављаше у току више дана онима који узиђоше са њим из Галилеје у Јерусалим, који су сад свједоци његови пред народом."
Дела апостолска,13,32,"И ми вам благовијестимо да је обећање, дато оцима, Бог испунио нама, дјеци њиховој, васкрснувши Исуса,"
Дела апостолска,13,33,"Као што је и написано у другом псалму: Син мој јеси ти, ја те данас родих."
Дела апостолска,13,34,"А да васкрсе из мртвих Њега који се више неће вратити у трулежност овако је рекао: Даћу вам Светиње Давидове, вјерне."
Дела апостолска,13,35,Зато и на другоме мјесту говори: Нећеш дати да Светац твој види труљење.
Дела апостолска,13,36,"Јер Давид, послуживши роду својему, по вољи Божијој умрије, и положише га код отаца његових, и видје труљење."
Дела апостолска,13,37,А Онај којега Бог подиже не видје трулежности.
Дела апостолска,13,38,"Нека вам је, дакле, на знање, људи браћо, да се кроз Њега вама објављује опроштење гријехова."
Дела апостолска,13,39,"И од свега, од чега се не могосте оправдати у Закону Мојсејеву, у Њему се оправдава сваки који вјерује."
Дела апостолска,13,40,"Гледајте, дакле, да не дође на вас оно што је речено у Пророцима:"
Дела апостолска,13,41,"Видите, ви презирачи, и чудите се, и нестаните; јер ја дјелам дјело у дане ваше, дјело које нећете вјеровати ако вам ко буде казивао."
Дела апостолска,13,42,"А кад они излажаху из синагоге јудејске, мољаху незнабошци да им се ове ријечи и у другу суботу говоре."
Дела апостолска,13,43,"Када се пак скуп разиђе, многи од Јудејаца и побожних обраћеника пођоше за Павлом и Варнавом који им говораху и савјетоваху их да остану у благодати Божијој."
Дела апостолска,13,44,И у идућу суботу сабра се готово сав град да чује ријеч Божију.
Дела апостолска,13,45,"А кад видјеше Јудејци толики народ, напунише се зависти, и успротивише се ријечима Павловијем противречећи и хулећи."
Дела апостолска,13,46,"А Павле и Варнава смјело рекоше: Вама је најприје требало да се говори ријеч Божија; али пошто је одбацујете, и не сматрате себе достојнима вјечнога живота, ево обраћамо се незнабошцима."
Дела апостолска,13,47,"Јер нам тако заповједи Господ: Поставих те за свјетлост незнабошцима, да будеш на спасење до краја земље."
Дела апостолска,13,48,"А кад чуше незнабошци, радоваху се и слављаху ријеч Господњу, и повјероваше који бјеху назначени за живот вјечни."
Дела апостолска,13,49,И ријеч Господња се распростираше по свој околини.
Дела апостолска,13,50,"А Јудејци подбунише побожне и угледне жене и градске прваке, те подигоше гоњење на Павла и Варнаву, и истјераше их из своје области."
Дела апостолска,13,51,Они пак отресоше на њих прах са ногу својих и дођоше у Иконију.
Дела апостолска,13,52,А ученици се испуњаваху радости и Духа Светога.
Дела апостолска,14,1,"А догоди се и у Иконији да они тако исто уђу у синагогу јудејску, и говоре тако да повјерова велико мноштво Јудејаца и Јелина."
Дела апостолска,14,2,А Јудејци који осташе непокорни подбунише и раздражише душе незнабожаца на браћу.
Дела апостолска,14,3,"Али они остадоше доста времена, говорећи смјело о Господу, који посвједочаваше ријеч благодати своје дајући да бивају знаци и чуда рукама њиховим."
Дела апостолска,14,4,"А мноштво градско се подијели, и једни бијаху са Јудејцима, а други са апостолима."
Дела апостолска,14,5,"Када пак навалише и незнабошци и Јудејци са поглаварима својим да их изруже и каменују,"
Дела апостолска,14,6,"Схвативши то они побјегоше у градове ликаонске, Листру и Дерву и у околину њихову,"
Дела апостолска,14,7,И тамо проповиједаху јеванђеље.
Дела апостолска,14,8,"А неки човјек у Листри сјеђаше немоћан у ногама, будући хром од утробе матере своје, и никада не бјеше ходио."
Дела апостолска,14,9,"Овај слушаше Павла гдје говори, који погледавши на њега и видјевши да има вјеру да ће оздравити,"
Дела апостолска,14,10,"Рече снажним гласом: Теби говорим у име Господа Исуса Христа, усправи се на ноге своје! И он скочи, и хођаше."
Дела апостолска,14,11,"А кад видје народ шта Павле учини, подиже глас свој говорећи ликаонски: Богови постадоше слични људима и сиђоше к нама."
Дела апостолска,14,12,"И називаху Варнаву Зевсом а Павла Хермесом, јер он вођаше ријеч."
Дела апостолска,14,13,"А жрец Зевса што бјеше пред градом њиховим, доведе јунце, и донесе вијенце пред врата, и с народом хтједе да принесе жртву."
Дела апостолска,14,14,"А кад чуше апостоли, Варнава и Павле, раздераше хаљине своје, и ускочише међу народ вичући и говорећи:"
Дела апостолска,14,15,"Људи, шта то чините? И ми смо као и ви смртни људи, који вам благовијестимо да се од ових ништавних ствари обратите Богу живоме, који створи небо и земљу и море и све што је у њима;"
Дела апостолска,14,16,Који у прошлим нараштајима бјеше пустио све народе да иду својим путевима;
Дела апостолска,14,17,"Мада ипак не остави себе непосвједочена, чинећи добро, дајући нам с неба дажд и године родне, пунећи срца наша јелом и весељем."
Дела апостолска,14,18,"И ово говорећи једва умирише народ да им не приноси жртве (него да иде сваки својој кући. А док они ондје борављаху и поучаваху),"
Дела апостолска,14,19,"Дођоше из Антиохије и Иконије Јудејци, (и препирући се јавно са њима, наговорише народ да одустане од њих тврдећи да ништа истинито не говоре, него све лажу), и подбунивши масу, каменоваше Павла и извукоше га изван града мислећи да је умро."
Дела апостолска,14,20,"А кад се око њега скупише ученици, устаде и уђе у град, и сутрадан изиђе с Варнавом у Дерву."
Дела апостолска,14,21,"И проповиједајући јеванђеље граду ономе и придобивши много ученика, вратише се у Листру и Иконију и Антиохију,"
Дела апостолска,14,22,"Утврђујући душе ученика и савјетујући их да остану у вјери, и да нам кроз многе невоље ваља ући у Царство Божије."
Дела апостолска,14,23,"И рукоположише им презвитере за сваку Цркву, па помоливши се Богу с постом, предадоше их Господу у кога вјероваше."
Дела апостолска,14,24,"И прошавши Писидију, дођоше у Памфилију,"
Дела апостолска,14,25,"И говоривши ријеч Господњу у Перги, сиђоше у Аталију,"
Дела апостолска,14,26,"И оданде отпловише у Антиохију, одакле бијаху предани благодати Божијој на дјело које извршише."
Дела апостолска,14,27,"А кад дођоше и сабраше Цркву, казаше све шта учини Бог с њима, и како отвори незнабошцима врата вјере."
Дела апостолска,14,28,И осташе ондје не мало времена са ученицима.
Дела апостолска,15,1,"И неки сишавши из Јудеје учаху браћу: Ако се не обрежете, по обичају Мојсејеву, не можете се спасти."
Дела апостолска,15,2,"А кад настаде распра, и не мало препирање Павла и Варнаве с њима, одредише да Павле и Варнава и други неки иду горе у Јерусалим апостолима и презвитерима за ово питање."
Дела апостолска,15,3,"А они онда отпраћени од Цркве, пролажаху кроз Финикију и Самарију казујући о обраћењу незнабожаца, и причињаваху велику радост свој браћи."
Дела апостолска,15,4,"А када дођоше у Јерусалим, бјеху примљени од Цркве и од апостола и од презвитера и објавише све што учини Бог са њима, и како отвори незнабошцима врата вјере."
Дела апостолска,15,5,"Онда устадоше неки од јереси фарисејске који су повјеровали, говорећи да их ваља обрезати и заповједити да држе Закон Мојсејев."
Дела апостолска,15,6,А апостоли и презвитери сабраше се да извиде ово мишљење.
Дела апостолска,15,7,"А послије многог разматрања устаде Петар и рече им: Људи браћо, ви знате да Бог од првих дана изабра међу нама да из мојих уста чују незнабошци ријеч јеванђеља и да вјерују."
Дела апостолска,15,8,"И Бог, који познаје срца, посвједочи им давши им Духа Светога као и нама,"
Дела апостолска,15,9,"И не постави никакве разлике између нас и њих, вјером очистивши срца њихова."
Дела апостолска,15,10,"Сада, дакле, зашто кушате Бога, и хоћете да наметнете ученицима јарам на врат, који ни оци наши ни ми не могосмо носити?"
Дела апостолска,15,11,Него вјерујемо да ћемо се спасти благодаћу Господа Исуса Христа као и они.
Дела апостолска,15,12,"Онда умуче све мноштво, и слушаху Варнаву и Павла који казиваху колике знаке и чудеса учини Бог међу незнабошцима преко њих."
Дела апостолска,15,13,"А кад они заћуташе, одговори Јаков говорећи: Људи браћо, чујте ме!"
Дела апостолска,15,14,Симон објасни како се Бог прије побрину да од незнабожаца узме народ за Име своје.
Дела апостолска,15,15,"И са овим се саглашавају ријечи Пророка, као што је написано:"
Дела апостолска,15,16,"Потом ћу се вратити, и сазидаћу дом Давидов, који је пао, и његове развалине поправићу, и подигнућу га,"
Дела апостолска,15,17,"Да потраже остали људи Господа и сви незнабошци на које је призвано име моје, говори Господ који твори све ово;"
Дела апостолска,15,18,Богу су позната од постања свијета сва дјела његова.
Дела апостолска,15,19,Зато ја сматрам да се не праве тешкоће онима од незнабожаца који се обраћају Богу;
Дела апостолска,15,20,Него да им се напише да се чувају од нечистота идолских и од блуда и од удављенога и од крви; (и оно што њима није мило другима да не чине).
Дела апостолска,15,21,"Јер Мојсеј има од давних времена у свим градовима оне који га проповиједају, пошто се у синагогама чита сваке суботе."
Дела апостолска,15,22,"Тада нађоше за добро апостоли и презвитери са свом Црквом да изаберу између себе људе и да пошаљу у Антиохију с Павлом и Варнавом, Јуду званога Варсава и Силу, људе истакнуте међу браћом,"
Дела апостолска,15,23,И написаше рукама својима ово: Апостоли и презвитери и браћа поздрављају браћу из незнабожаца која су у Антиохији и Сирији и Киликији.
Дела апостолска,15,24,"Пошто чусмо да неки изишавши од нас узнемирише вас ријечима, и смутише душе ваше говорећи да се обрезујете и да држите Закон, што им ми не заповједисмо;"
Дела апостолска,15,25,"Зато ми сабрани једнодушно, нађосмо за добро да вам пошаљемо избране људе са нашим драгим Варнавом и Павлом,"
Дела апостолска,15,26,Људима који су предали душе своје за Име Господа нашега Исуса Христа.
Дела апостолска,15,27,"Посласмо, дакле, Јуду и Силу, да вам и они то исто усмено кажу."
Дела апостолска,15,28,Јер угодно би Светоме Духу и нама да никакво бреме више не мећемо на вас осим овога што је неопходно:
Дела апостолска,15,29,"Да се чувате од жртава идолских и од крви и од удављенога и од блуда, (и што нећете да се чини вама не чините другима); од овога ако се чувате, добро ћете чинити. Будите здраво."
Дела апостолска,15,30,"Они, дакле, које отпремише, дођоше у Антиохију, и сабравши народ предадоше посланицу."
Дела апостолска,15,31,"А кад прочиташе, обрадоваше се утјеси."
Дела апостолска,15,32,"А Јуда и Сила, који бијаху и сами пророци, дугом бесједом утјешише браћу и утврдише."
Дела апостолска,15,33,"И пошто проведоше ондје неко вријеме, отпустише их браћа с миром апостолима."
Дела апостолска,15,34,"Но Сила нађе за добро да остане ондје, а Јуда се сам врати у Јерусалим."
Дела апостолска,15,35,А Павле и Варнава борављаху у Антиохији учећи и проповиједајући са многима другима ријеч Господњу.
Дела апостолска,15,36,"Послије пак неколико дана рече Павле Варнави: Хајде да се вратимо и да обиђемо браћу нашу по свим градовима у којима објављивасмо ријеч Господњу, да видимо како су."
Дела апостолска,15,37,А Варнава хтједе узети са собом Јована званога Марко.
Дела апостолска,15,38,"А Павле захтијеваше да онога који их је напустио у Памфилији и који није ишао са њима на дјело на које су послани, не узимају са собом."
Дела апостолска,15,39,"Тако наста љутња, те се они раздвојише, и Варнава узевши Марка отплови на Кипар."
Дела апостолска,15,40,"А Павле избравши Силу отиде, предан од браће благодати Божијој;"
Дела апостолска,15,41,И пролажаше кроз Сирију и Киликију утврђујући Цркве.
Дела апостолска,16,1,"Затим стиже у Дерву и Листру, и гле, ондје бјеше неки ученик, по имену Тимотеј, син жене неке Јудејке вјернице и оца Јелина;"
Дела апостолска,16,2,За њега добро свједочаху браћа која бијаху у Листри и у Иконији.
Дела апостолска,16,3,"Овога хтједе Павле узети на пут са собом; и узе га и обреза због Јудејаца који бијаху у оним мјестима, јер сви знадијаху оца његова да бјеше Јелин."
Дела апостолска,16,4,"И кад пролажаху по градовима, учише их да држе правила која утврдише апостоли и презвитери у Јерусалиму."
Дела апостолска,16,5,Тако се Цркве утврђиваху у вјери и број њихов се повећаваше сваки дан.
Дела апостолска,16,6,"А кад прођоше Фригију и Галатијску земљу, забрани им Дух Свети говорити ријеч у Азији."
Дела апостолска,16,7,"Дошавши до Мизије покушаваху да иду у Витинију, али им Дух не допусти."
Дела апостолска,16,8,"И кад прођоше Мизију, сиђоше у Троаду."
Дела апостолска,16,9,"И Павлу се показа виђење ноћу: бјеше неки човјек Македонац, који стајаше и мољаше га говорећи: Пређи у Македонију и помози нам!"
Дела апостолска,16,10,"А кад видје виђење, одмах гледасмо да изиђемо у Македонију, јер разумјесмо да нас је Господ позвао да им проповиједамо јеванђеље."
Дела апостолска,16,11,"Кад се пак одвезосмо из Троаде, стигосмо право на Самотрак, и сутрадан у Неапољ,"
Дела апостолска,16,12,"А оданде у Филипе, које су први град онога дијела Македоније, насеобина римска. У томе граду остадосмо неколико дана,"
Дела апостолска,16,13,"И у дан суботни изиђосмо ван града на ријеку, гдје се сматрало да је богомоља; и сједнувши говорисмо женама које се бијаху сабрале."
Дела апостолска,16,14,"И нека богобојазна жена, по имену Лидија, продавачица порфире из града Тијатира, слушаше; њој Господ отвори срце да пази на оно што говори Павле."
Дела апостолска,16,15,"А кад се крсти она и дом њезин, замоли нас говорећи: Ако сматрате да вјерујем у Господа, уђите у мој дом и останите. И принуди нас."
Дела апостолска,16,16,Догоди се пак кад иђасмо на молитву да нас срете једна робиња која имаше дух погађачки и гатајући доношаше велики добитак својим господарима.
Дела апостолска,16,17,"Ова пође за Павлом и за нама, и викаше говорећи: Ови су људи слуге Бога Вишњега, који нам јављају пут спасења."
Дела апостолска,16,18,"И овако чињаше много дана. А када се Павлу досади, окрену се и рече духу: Заповиједам ти именом Господа Исуса Христа, изиђи из ње! И изиђе у тај час."
Дела апостолска,16,19,"А када видјеше њезини господари да изиђе нада њиховог добитка, узеше Павла и Силу и одвукоше их на трг пред поглаваре."
Дела апостолска,16,20,"И кад их доведоше војводама, рекоше: Ови људи узбуњују наш град, а Јевреји су,"
Дела апостолска,16,21,"И проповиједају обичаје које нама не приличи примати ни творити, јер смо Римљани."
Дела апостолска,16,22,"И слеже се народ на њих, и војводе им раздријеше хаљине, и заповједише да их шибају."
Дела апостолска,16,23,"И пошто им ударише много батина, бацише их у тамницу, и заповједише тамничару да их добро чува."
Дела апостолска,16,24,"Примивши такву заповијест, он их баци у најдоњу тамницу и ноге им метну у кладе."
Дела апостолска,16,25,А око поноћи Павле и Сила мољаху се и слављаху Бога; а сужњи их слушаху.
Дела апостолска,16,26,"Одједном пак настаде велики земљотрес, тако да се потресоше темељи тамнице; и одмах се отворише сва врата и свима спадоше окови."
Дела апостолска,16,27,"А кад се пробуди тамничар и видје отворена врата тамничка, извади нож и хтједе да се убије, мислећи да су сужњи побјегли."
Дела апостолска,16,28,"А Павле повика јаким гласом говорећи: Не чини себи зла никаква, јер смо сви овдје!"
Дела апостолска,16,29,А он заискавши свјетиљку улетје и дрхтећи паде пред Павла и Силу;
Дела апостолска,16,30,"И извевши их напоље рече: Господо, шта ми треба чинити да се спасем?"
Дела апостолска,16,31,А они рекоше: Вјеруј у Господа Исуса Христа и спашћеш се ти и сав дом твој.
Дела апостолска,16,32,"И говораху му ријеч Господњу, и свима у дому његову."
Дела апостолска,16,33,И узевши их у онај час ноћи опра им ране; и одмах се крсти он и сви његови.
Дела апостолска,16,34,"И уведе их у свој дом и постави трпезу, и радоваше се са свим домом својим што је повјеровао у Бога."
Дела апостолска,16,35,"А кад настаде дан, војводе послаше служитеље говорећи: Пусти оне људе."
Дела апостолска,16,36,"А тамничар јави ове ријечи Павлу: Послаше војводе да будете пуштени. Сад, дакле. изиђите и идите с миром."
Дела апостолска,16,37,"А Павле им рече: Избише нас јавно без суда, људе Римљане, бацише у тамницу; и сад хоће тајно да нас пусте? Не тако, него сами нека дођу и изведу нас."
Дела апостолска,16,38,А служитељи казаше војводама ове ријечи: и уплашише се кад чуше да су Римљани.
Дела апостолска,16,39,"И дошавши извинише им се, и кад их изведоше, мољаху да отиђу из града."
Дела апостолска,16,40,"А кад изиђоше из тамнице, дођоше Лидији, и видјевши браћу утјешише их, и отидоше."
Дела апостолска,17,1,"Прошавши пак Амфипољ и Аполонију дођоше у Солун, гдје бјеше синагога јудејска."
Дела апостолска,17,2,"И Павле по своме обичају уђе к њима, и три суботе расправљаше с њима о Писму,"
Дела апостолска,17,3,"Разоткривајући и доказујући им да је требало да Христос пострада и васкрсне из мртвих, и да овај Исус, којсга ја вама проповиједам, јесте Христос."
Дела апостолска,17,4,"И неки од њих се увјерише, и придружише се Павлу и Сили, и од побожних Јелина мноштво велико, и од угледних жена не мало."
Дела апостолска,17,5,"А Јудејци који не повјероваше из суревњивости, узеше неке зле људе са улице, и сабравши гомилу узбунише град, и нападоше на кућу Јасонову, и тражаху да их изведу пред народ."
Дела апостолска,17,6,"А кад њих не нађоше, одвукоше Јасона и неке од браће пред старјешине градске вичући: Ови што узмутише цијели свијет дођоше и овдје;"
Дела апостолска,17,7,"Њих је Јасон примио; и ови сви раде против ћесаревих заповијести, говорећи да има други цар, Исус."
Дела апостолска,17,8,И смутише народ и старјешине градске који ово чуше.
Дела апостолска,17,9,"Али кад их Јасон и остали задовољише одговором, пустише их."
Дела апостолска,17,10,"А браћа одмах ноћу послаше Павла и Силу у Верију; они стигавши, уђоше у синагогу Јудејску."
Дела апостолска,17,11,"Ови пак бијаху племенитији од оних у Солуну; ови примише ријеч свесрдно, сваки дан истражујући Писмо, да ли је тако."
Дела апостолска,17,12,"Тако вјероваше многи од њих, и од угледних јелинских жена и од људи не мало."
Дела апостолска,17,13,"А кад дознаше солунски Јудејци да Павле и у Верији проповиједа ријеч Божију, дођоше и тамо бунећи и смућујући народ."
Дела апостолска,17,14,А браћа онда одмах послаше Павла да иде у приморје; а Сила и Тимотеј осташе ондје.
Дела апостолска,17,15,"А пратиоци доведоше Павла до Атине, и примивши заповијест за Силу и Тимотеја да дођу к њему што брже, вратише се."
Дела апостолска,17,16,"А док их Павле чекаше у Атини, ражести се дух његов у њему гледајући град пун идола;"
Дела апостолска,17,17,"И расправљаше са Јудејцима и са побожнима у синагоги, и на тргу сваки дан са онима с којима се сусреташе."
Дела апостолска,17,18,А неки од философа епикурејаца и стојичара препираху се с њим; и једни говораху: Шта хоће овај празнослов да каже? А други: Изгледа да је проповједник туђих богова. Јер им проповиједаше јеванђеље о Исусу и васкрсењу.
Дела апостолска,17,19,Па га узеше и одведоше на Ареопаг говорећи: Можемо ли знати каква је та нова наука коју ти казујеш?
Дела апостолска,17,20,"Јер нешто ново мећеш у наше уши; хоћемо, дакле, да знамо шта би то могло бити."
Дела апостолска,17,21,"А сви Атињани и досељени странци ни за шта се друго нису занимали, него да штогод ново говоре или слушају."
Дела апостолска,17,22,"А Павле ставши на сред Ареопага рече: Људи Атињани, по свему вас видим да сте врло побожни."
Дела апостолска,17,23,"Јер пролазећи и посматрајући ваше светиње, нађох и жртвеник на коме бјеше написано: Непознатоме Богу. Онога, дакле, којега не знајући поштујете тога вам ја проповиједам."
Дела апостолска,17,24,"Бог који је створио свијет и све што је у њему, који је Господ неба и земље, не станује у рукотвореним храмовима,"
Дела апостолска,17,25,"Нити прима угађања од руку човјечијих, као да нешто треба Њему, који сам даје свима живот и дихање и све."
Дела апостолска,17,26,"И створио је од једне крви сваки народ човјечанства да станује по свему лицу земаљскоме, и поставио је напријед одређена времена и међе њихова борављења;"
Дела апостолска,17,27,"Да траже Господа. не би ли га додирнули и нашли, мада Он није далеко ни од једнога од нас."
Дела апостолска,17,28,"Јер у Њему живимо, и крећемо се, и јесмо; као што су и неки од ваших пјесника рекли: Јер Његов и род јесмо."
Дела апостолска,17,29,"Кад смо, дакле, род Божији, не треба да мислимо да је Божанство подобно злату или сребру или камену, резаном по вјештини и замисли човјечијој."
Дела апостолска,17,30,"Али не гледајући Бог на времена незнања, сад заповиједа свима људима свуда да се покају;"
Дела апостолска,17,31,Јер је установио дан у који ће судити васељени по правди преко Човјека којега одреди и даде свима вјеру васкрснувши га из мртвих.
Дела апостолска,17,32,"А кад чуше за васкрсење мртвих, једни се ругаху а други рекоше: Да те чујемо опет о томе."
Дела апостолска,17,33,И тако Павле отиде из њихове средине.
Дела апостолска,17,34,"А неки људи приставши уз њега повјероваше, међу којима бјеше Дионисије Ареопагит и жена по имену Дамара, и други с њима."
Дела апостолска,18,1,А потом се удаљи Павле из Атине и доће у Коринт.
Дела апостолска,18,2,"И нађе једнога Јудејца по имену Акилу родом из Понта, који бјеше скоро дошао из Италије и жену његову Прискилу, јер бјеше заповједио Клаудије да се сви Јудејци удаље из Рима, и дође к њима."
Дела апостолска,18,3,"И пошто бјеше истога заната, остао је код њих и радио, јер им занат бјеше прављење шатора."
Дела апостолска,18,4,"А расправљаше у синагоги сваке суботе, и увјераваше Јудејце и Јелине."
Дела апостолска,18,5,"И када сиђоше из Македоније Сила и Тимотеј, устрептала духа Павле свједочаше Јудејцима да је Исус - Христос."
Дела апостолска,18,6,"Но пошто се они противљаху и хуљаху, отресе хаљине своје и рече им: Крв ваша на главе ваше; ја сам чист, и од сада идем незнабошцима."
Дела апостолска,18,7,"И отишавши оданде, дође у кућу некога по имену Јуста, који поштоваше Бога, чија кућа бјеше до саме синагоге."
Дела апостолска,18,8,"А Крисп, старјешина синагоге, повјерова у Господа са свим домом својим; и многи од Коринћана који слушаху повјероваше и крстише се."
Дела апостолска,18,9,"А Господ рече Павлу ноћу у виђењу: Не бој се, него говори, и да не ућутиш;"
Дела апостолска,18,10,"Јер сам ја с тобом, и нико се неће усудити да ти учини зло, јер ја имам многи народ у овоме граду."
Дела апостолска,18,11,И он је боравио ондје годину и шест мјесеци учећи их ријечи Божијој.
Дела апостолска,18,12,"А кад бјеше Галион намјесник у Ахаји, нападоше Јудејци једнодушно на Павла и доведоше га на суд,"
Дела апостолска,18,13,Говорећи: Овај наговара људе да поштују Бога противно Закону.
Дела апостолска,18,14,"А кад Павле хтједе да отвори уста, рече Галион Јудејцима: Да је каква неправда била или зло дјело, по дужности послушао бих вас, о Јудејци;"
Дела апостолска,18,15,"Али када су у питању ријеч и имена и закон ваш, гледајте сами; јер ја судија томе нећу да будем."
Дела апостолска,18,16,И истјера их из суднице.
Дела апостолска,18,17,"Онда сви Јелини ухватише Состена, старјешину синагоге, и бише га пред судницом; а Галион није за то ништа марио."
Дела апостолска,18,18,"А Павле остаде још подоста дана, па се опрости са браћом и отплови у Сирију и са њима Прискила и Акила; а остриже главу у Кенхреји, јер бијаше дао завјет."
Дела апостолска,18,19,"И приспје у Ефес; и њих остави ондје, а он уђе у синагогу, и разговараше са Јудејцима."
Дела апостолска,18,20,"А кад га они молише да остане код њих дуже времена, не пристаде,"
Дела апостолска,18,21,"Него се опрости с њима говорећи: ваља ми на сваки начин да празник који долази проведем у Јерусалиму; него ако Бог хтједне, вратићу се опет вама. И одвезе се из Ефеса, а Акила и Прискила остадоше у Ефесу."
Дела апостолска,18,22,"И сишавши у Кесарију, изиђе и поздрави Цркву, па се спусти у Антиохију."
Дела апостолска,18,23,"И оставши неко вријеме, изиђе и прође редом Галатијску земљу и Фригију утврђујући све ученике."
Дела апостолска,18,24,"А дође у Ефес неки Јудејац по имену Аполос, родом из Александрије, човјек рјечит и јак у Светоме Писму."
Дела апостолска,18,25,"Овај бјеше упућен на Пут Господњи и, говорећи духом, говораше и учаше право о Господу, а знадијаше само крштење Јованово."
Дела апостолска,18,26,"И овај поче смјело проповиједати у синагоги. А кад га чуше Акила и Прискила, прихватише га и још му тачније изложише Пут Господњи."
Дела апостолска,18,27,"А кад он хтједе да пређе у Ахају, охрабрише га браћа и писаше ученицима да га приме. И он дошавши онамо поможе много онима су благодаћу повјеровали."
Дела апостолска,18,28,Јер је силно оповргавао Јудејце пред народом доказујући из Светога Писма да је Исус - Христос.
Дела апостолска,19,1,"Догоди се пак, кад бјеше Аполос у Коринту, да Павле пролажаше горње земље, и дође у Ефес, и нашавши неке ученике,"
Дела апостолска,19,2,Рече им: Јесте ли примили Духа Светога када сте повјеровали? А они му рекоше: Нисмо ни чули да има Дух Свети.
Дела апостолска,19,3,"А он им рече: У шта се, дакле, крстите? А они рекоше: У крштење Јованово."
Дела апостолска,19,4,"А Павле рече: Јован је крстио крштењем покајања, говорећи народу да вјерују у Онога који долази за њим, то јест у Христа Исуса."
Дела апостолска,19,5,"А кад то чуше, крстише се у име Господа Исуса."
Дела апостолска,19,6,"И кад Павле положи руке на њих, сиђе Дух Свети на њих, и говораху језике и прорицаху."
Дела апостолска,19,7,А бијаше људи свега око дванаест.
Дела апостолска,19,8,"И уђе у синагогу и говораше смјело три мјесеца, расправљајући и увјеравајући о Царству Божијем."
Дела апостолска,19,9,"И када неки остајаху упорни и не вјероваху, хулећи на Пут Господњи пред народом, одступи од њих и одвоји ученике, па вођаше разговоре сваки дан у школи некога Тирана."
Дела апостолска,19,10,"И ово је трајало двије године, тако да сви који живе у Азији чуше ријеч Господа Исуса, и Јудејци и Јелини."
Дела апостолска,19,11,"И Бог чињаше необична чудеса рукама Павловим,"
Дела апостолска,19,12,"Тако да су убрусе знојаве од тијела његова или појасеве носили на болеснике и они се исцјељиваху од болести, и зли духови излажаху из њих."
Дела апостолска,19,13,"А покушаше и неки од Јудејаца заклињача, који се скитаху, да над онима у којима бијаху зли духови спомињу име Господа Исуса, говорећи: Заклињемо вас Исусом кога Павле проповиједа."
Дела апостолска,19,14,"А бијаху неки седам синова Скеве Јудејца, првосвештеника, који ово чињаху."
Дела апостолска,19,15,"А зли дух одговарајући рече: Исуса познајем, и Павла знам; али ви ко сте?"
Дела апостолска,19,16,"И скочивши на њих човјек у коме бјеше зли дух надјача их и савлада, тако да голи и изранављени утекоше из оне куће."
Дела апостолска,19,17,"И ово дознадоше сви који живљаху у Ефесу, и Јудејци и Јелини; и страх спопаде све њих, и величаше се име Господа Исуса."
Дела апостолска,19,18,"И многи од оних који су повјеровали, долажаху те се исповиједаху и казиваху дјела своја."
Дела апостолска,19,19,"А многи од оних који се занимаху чаролијама, сабраше књиге своје и спаљиваху их пред свима; и прорачунаше и нађоше да им је вриједност педесет хиљада сребрника."
Дела апостолска,19,20,Тако силно растијаше и јачаше ријеч Господња.
Дела апостолска,19,21,"И када се ово сврши, науми Павле у духу да прође Македонију и Ахају, па да иде у Јерусалим рекавши: Пошто тамо будем, ваља ми и Рим видјети."
Дела апостолска,19,22,"И посла у Македонију двојицу од оних који му помагаху, Тимотеја и Ераста; а он оста неко вријеме у Азији."
Дела апостолска,19,23,А у вријеме оно настаде не мала буна због Пута Господњега.
Дела апостолска,19,24,"Јер некакав златар по имену Димитрије, правећи мале сребрне Артемидине храмове, даваше мајсторима не мали посао;"
Дела апостолска,19,25,"Скупивши ове и њима сличне занатлије рече: Људи, ви знате да од овога посла зависи наше благостање:"
Дела апостолска,19,26,И видите и чујете да не само у Ефесу него готово по свој Азији овај Павле убиједи и одврати многи народ говорећи да то што се рукама човјечијим прави нису богови.
Дела апостолска,19,27,"И не само што ће ова опасност снаћи наш занат да буде презрен, него се и светилиште велике богиње Артемиде неће рачунати ни у шта, и пропашће величанство оне коју сва Азија и сав свијет поштује."
Дела апостолска,19,28,"А кад они ово чуше, испунише се гњева, и викаху говорећи: Велика је Артемида Ефеска!"
Дела апостолска,19,29,"И сав град напуни се метежа; и навалише једнодушно на позориште и ухватише Македонце Гаја и Аристарха, сапутнике Павлове."
Дела апостолска,19,30,"А кад Павле хтједе да иде међу народ, не дадоше му ученици."
Дела апостолска,19,31,"А неки и од азијских поглавара, који му бијаху пријатељи, послаше к њему молећи га да се не појављује у позоришту."
Дела апостолска,19,32,"Једни пак викаху једно а други друго; јер збор бијаше смућен, и већина их не знадијаху зашто су се скупили."
Дела апостолска,19,33,А из народа извукоше Александра кад га Јудејци истакоше. Александар пак махнувши руком хтједе да се брани пред народом.
Дела апостолска,19,34,"А кад препознаше да је Јудејац, повикаше сви у глас, и викаху пуна два часа: Велика је Артемида Ефеска!"
Дела апостолска,19,35,"А градски писар, утишавши народ, рече: Људи Ефесци, ко је тај човјек који не зна да је град Ефес служитељ велике богиње Артемиде и њезиног кипа, који је с неба пао?"
Дела апостолска,19,36,"Па кад је то неоспорно, треба да будете мирни и да ништа нагло не чините."
Дела апостолска,19,37,"Јер доведосте ове људе, који нити храм покрадоше нити на богињу вашу похулише."
Дела апостолска,19,38,"А Димитрије и мајстори с њим, ако имају тужбу на некога, постоје судови и постоје намјесници, нека туже један другога."
Дела апостолска,19,39,"Ако ли нешто друго иштете, то ће се ријешити на законитом збору."
Дела апостолска,19,40,Иначе смо у опасности да будемо оптужени за данашњу буну; а нема ни једнога разлога којим бисмо могли оправдати овај метеж. И ово рекавши распусти збор.
Дела апостолска,20,1,"А кад се утиша метеж, дозва Павле ученике, и утјешивши их опрости се с њима, и изиђе да иде у Македонију."
Дела апостолска,20,2,"И пошто прође оне крајеве и посавјетова их многим поукама, дође у Јеладу."
Дела апостолска,20,3,"И остаде тамо три мјесеца; а како Јудејци створише завјеру против њега када је хтио отпутовати у Сирију, он намисли да се врати преко Македоније."
Дела апостолска,20,4,"И пође с њим до Азије Сосипатар Пиров из Верије, и Солуњани Аристарх и Секунд, и Гај из Дерве и Тимотеј, и Тихик и Трофим из Азије."
Дела апостолска,20,5,Ови отишавши напријед чекаху нас у Троади.
Дела апостолска,20,6,"А ми отпловисмо послије дана бесквасних хљебова из Филипа, и дођосмо њима у Троаду за пет дана, и ондје остасмо седам дана."
Дела апостолска,20,7,"А у први дан недјеље, кад се сабраше ученици да ломе хљеб, бесјеђаше им Павле, јер намјераваше сутрадан да отиде, и продужи бесједу до поноћи."
Дела апостолска,20,8,И бијаху многе свијеће у горњој соби гдје се бијасмо сабрали.
Дела апостолска,20,9,"А сјеђаше на прозору један младић, по имену Евтих, обузет дубоким сном; пошто Павле дуго говораше, он, савладан од сна, паде доље са трећега спрата, и дигоше га мртва."
Дела апостолска,20,10,"А Павле сишавши паде на њ, и загрливши га рече: Не узнемиравајте се јер је душа његова у њему."
Дела апостолска,20,11,"Онда изиђе горе па, преломивши хљеб и причестивши се, дуго говораше све до зоре, и тако отиде."
Дела апостолска,20,12,А младића доведоше живог и утјешише се не мало.
Дела апостолска,20,13,"А ми дођосмо раније у лађу и отпловисмо у Ас, да бисмо оданде узели Павла; јер тако бјеше заповједио, хотећи сам да иде пјешице."
Дела апостолска,20,14,"А кад се састаде с нама у Асу, узесмо га, и дођосмо у Митилину."
Дела апостолска,20,15,"И оданде отпловисмо и стигосмо сутрадан наспрам Хиоса; а идућега дана приближисмо се Самосу и застадосмо у Трогилији, па слиједећега дана дођосмо у Милит."
Дела апостолска,20,16,"Јер Павле одлучи да прође мимо Ефес да се не би задржао у Азији; јер хиташе, ако би му било могуће, да о Педесетници буде у Јерусалиму."
Дела апостолска,20,17,Из Милита пак посла у Ефес и дозва старјешине црквене.
Дела апостолска,20,18,"И кад дођоше к њему, рече им: Ви знате од првога дана када дођох у Азију, да бијах са вама све вријеме,"
Дела апостолска,20,19,Служећи Господу са сваким смирењем и многим сузама и напастима које ме снађоше од завјера Јудејаца.
Дела апостолска,20,20,Да нисам изоставио ништа што је корисно да вам не објавим и да вас поучим јавно и по домовима;
Дела апостолска,20,21,Свједочећи и Јудејцима и Јелинима покајање пред Богом и вјеру у Господа нашега Исуса Христа.
Дела апостолска,20,22,"И сад ево, ја свезан Духом идем у Јерусалим не знајући шта ће ми се у њему догодити,"
Дела апостолска,20,23,"Осим да Дух Свети у свакоме граду свједочи, говорећи да ме окови и невоље чекају."
Дела апостолска,20,24,"Али се ни за што не бринем, нити марим за свој живот, само да завршим пут свој с радошћу и служење које примих од Господа Исуса: да посвједочим јеванђеље благодати Божије."
Дела апостолска,20,25,И ево сад ја знам да више нећете видјети мојега лица ви сви међу којима пролазих проповиједајући Царство Божије.
Дела апостолска,20,26,Зато вам свједочим у данашњи дан да сам чист од крви свију.
Дела апостолска,20,27,Јер не пропустих да вам објавим сву вољу Божију.
Дела апостолска,20,28,"Пазите, дакле, на себе и на све стадо у коме вас Дух Свети постави за епископе да напасате Цркву Господа и Бога коју стече крвљу својом."
Дела апостолска,20,29,Јер ја знам то да ће по одласку моме ући међу вас грабљиви вуци који не штеде стада;
Дела апостолска,20,30,И између вас самих устаће људи који ће говорити наопако да одвлаче ученике за собом.
Дела апостолска,20,31,Зато пазите и опомињите се да три године дан и ноћ не престајах поучавати са сузама свакога од вас.
Дела апостолска,20,32,"А од сада, браћо, предајем вас Богу и ријечи благодати његове, која може назидати и дати вам насљедство међу свима освећенима."
Дела апостолска,20,33,"Сребра, или злата, или руха, ни од кога не зажељех."
Дела апостолска,20,34,Сами знате да потребама мојим и оних који су са мном били послужише ове руке моје.
Дела апостолска,20,35,"Све вам показах да се тако ваља трудити и помагати немоћнима, и опомињати се ријечи Господа Исуса коју он рече: Блаженије је давати него примати."
Дела апостолска,20,36,"И ово рекавши, клече на кољена своја са свима њима и помоли се Богу."
Дела апостолска,20,37,"И настаде велики плач свију и грлећи Павла цјеливаху га,"
Дела апостолска,20,38,Особито растужени због ријечи коју је казао да они неће више видјети лица његова; и отпратише га у лађу.
Дела апостолска,21,1,"А када ми одвојивши се од њих отпловисмо, идући право дођосмо на Кос, и други дан на Родос а оданде у Патару."
Дела апостолска,21,2,"И нашавши лађу која полази у Финикију, уђосмо и одвезосмо се."
Дела апостолска,21,3,"Када се пак указа Кипар, остависмо га на лијево, пловисмо у Сирију, и пристадосмо у Тиру; јер ондје требаше да се истовари лађа."
Дела апостолска,21,4,"И нашавши ученике, остасмо ондје седам дана; они Павлу говораху Духом да не иде горе у Јерусалим."
Дела апостолска,21,5,"А кад нам се навршише дани, изишавши пођосмо праћени од свију са женама и дјецом до иза града, па клекнувши на обали помолисмо се Богу."
Дела апостолска,21,6,"И опростивши се једни са другима, уђосмо у лађу; а они се вратише својим кућама."
Дела апостолска,21,7,"А ми препловивши од Тира, приспјесмо у Птолемаиду, и поздравивши браћу остадосмо код њих један дан."
Дела апостолска,21,8,"А сутрадан изиђосмо, Павле и ми који бијасмо са њим, и дођосмо у Кесарију; и ушавши у кућу Филипа јеванђелиста, који бјеше један од седам ђакона, остасмо код њега."
Дела апостолска,21,9,И овај имаше четири кћери дјевојке које прорицаху.
Дела апостолска,21,10,"Док смо ондје боравили много дана, сиђе озго из Јудеје неки пророк по имену Агав;"
Дела апостолска,21,11,"И дошавши к нама узе појас Павлов и веза своје руке и ноге и рече: Тако говори Дух Свети: човјека којега је овај појас, овако ће свезати у Јерусалиму Јудејци, и предаће га у руке незнабожаца."
Дела апостолска,21,12,"А када чусмо ово, молисмо га и ми и мјештани да не иде горе у Јерусалим."
Дела апостолска,21,13,А Павле одговори: Шта чините те плачете и цијепате ми срце? Јер ја сам готов не само да будем свезан него и да умрем у Јерусалиму за име Господа Исуса.
Дела апостолска,21,14,А кад га не могосмо одвратити. умирисмо се рекавши: Воља Господња нека буде.
Дела апостолска,21,15,И послије ових дана спремисмо се и изиђосмо у Јерусалим.
Дела апостолска,21,16,"А дођоше с нама и неки ученици из Кесарије водећи нас неком Мнасону са Кипра, старом ученику, да будемо његови гости."
Дела апостолска,21,17,"И када дођосмо у Јерусалим, примише нас браћа љубазно."
Дела апостолска,21,18,А сутрадан отиде Павле са нама Јакову; и дођоше сви презвитери.
Дела апостолска,21,19,И поздравивши их исприча све по реду шта учини Бог међу незнабошцима његовим служењем.
Дела апостолска,21,20,"А они чувши слављаху Бога и рекоше му: Видиш ли брате, колико је хиљада Јудејаца који повјероваше, и сви су ревнитељи Закона."
Дела апостолска,21,21,"А чули су о теби да учиш одступању од Мојсеја све Јудејце који су међу незнабошцима, говорећи им да не обрезују дјецу своју, нити да се држе обичаја отачких."
Дела апостолска,21,22,"Шта ћемо, дакле, сада? Свакако ће се народ сабрати, јер ће чути да си дошао."
Дела апостолска,21,23,"Ово, дакле, учини што ти кажемо: Имамо четири човјека који су на себе узели завјет;"
Дела апостолска,21,24,"Узми њих и очисти се с њима, и потроши на њих да обрију главе своје, и сви ће дознати да оно што су чули за тебе није ништа, него да и сам држиш Закон и живиш по њему."
Дела апостолска,21,25,"А за незнабошце који су повјеровали ми написасмо одлучивши да они ништа од тога не држе, осим да се чувају од идолских жртава, и од крви, и од удављенога, и од блуда."
Дела апостолска,21,26,"Тада Павле узе оне људе, и сутрадан очистивши се с њима, уђе у храм, најављујући кад ће се испунити дани очишћења да би се принијела жртва за свакога од њих."
Дела апостолска,21,27,"А кад је требало да се наврши седам дана, видјевши га у храму они Јудејци што бијаху из Азије, побунише сав народ и ставише руке на њега,"
Дела апостолска,21,28,"Вичући: Људи Израиљци, помагајте! Ово је човјек који све учи свуда против народа и Закона и мјеста овога; па још и Јелине уведе у храм и опогани свето мјесто ово."
Дела апостолска,21,29,"Јер бијаху видјели с њим у граду Трофима из Ефеса, и мишљаху да га је Павле увео у храм."
Дела апостолска,21,30,"И сав се град подиже, и слеже се народ, и ухвативши Павла, извукоше га напоље из храма; и одмах се затворише врата."
Дела апостолска,21,31,"И док тражаху да га убију, дође глас горе до заповједника одреда да се узбуни сав Јерусалим."
Дела апостолска,21,32,"А он одмах узевши војнике и капетане, појури на њих. Они пак видјевши заповједника и војнике, престаше тући Павла."
Дела апостолска,21,33,"А заповједник се приближи и узе га, па заповједи да га метну у двоје вериге, и питаше га ко је и шта је учинио."
Дела апостолска,21,34,"А у народу једни су викали једно а други друго. Када пак не могаше од буке ништа поуздано да дозна, заповједи да га одведу у логор."
Дела апостолска,21,35,"А кад би на степеницама, морадоше га војници носити због притиска свјетине."
Дела апостолска,21,36,Јер за њим иђаше мноштво народа вичући: Погуби га!
Дела апостолска,21,37,При уласку у логор Павле рече заповједнику: Је ли ми дозвољено рећи ти нешто? А он рече: Зар знаш јелински?
Дела апостолска,21,38,Ниси ли ти онај Египћанин који се прије ових дана побуни и изведе у пустињу четири хиљаде одметника?
Дела апостолска,21,39,"А Павле рече: Ја сам човјек Јудејац из Тарса, грађанин познатога града у Киликији: молим те допусти ми да говорим народу."
Дела апостолска,21,40,"А кад му он допусти, стаде Павле на степеницама и махну руком народу; и кад наста велика тишина, проговори јеврејским језиком и рече:"
Дела апостолска,22,1,"Људи, браћо и оци, чујте сада моју одбрану пред вама."
Дела апостолска,22,2,"А кад чуше да им се јеврејским језиком обрати, настаде још већа тишина. И рече:"
Дела апостолска,22,3,"Ја сам човјек Јудејац, рођен у Тарсу киликијском, васпитан у овоме граду код ногу Гамалилових, научен тачно Закону отачком, и бијах ревнитељ Божији као што сте ви сви данас."
Дела апостолска,22,4,"Ја овај Пут прогоних до смрти, везујући и предајући у тамнице и људе и жене,"
Дела апостолска,22,5,"Као што ће ми посвједочити и првосвештеник и све старјешине; од којих и посланице примих на браћу у Дамаску, и иђах да и оне што бијаху онамо свезане доведем у Јерусалим да буду кажњени."
Дела апостолска,22,6,"А кад иђах и приближих се Дамаску, догоди ми се да изненадно око подне заблиста око мене велика свјетлост са неба."
Дела апостолска,22,7,"И падох на земљу, и чух глас, који ми говори: Савле. Савле, зашто ме гониш?"
Дела апостолска,22,8,"А ја одговорих: Ко си ти, Господе? А он ми рече: Ја сам Исус Назарећанин, којега ти гониш."
Дела апостолска,22,9,"А они који бијаху са мном видјеше свјетлост и бише устрашени, али не чуше гласа који ми говораше."
Дела апостолска,22,10,"А ја рекох: Шта да чиним, Господе? А Господ ми рече: Устани и иди у Дамаск, и тамо ће ти се казати о свему што ти је одређено да чиниш."
Дела апостолска,22,11,"И пошто ја обневидјех од славе свјетлости оне, поведоше ме за руку они који бијаху са мном, и тако уђох у Дамаск."
Дела апостолска,22,12,"А неки Ананија, човјек побожан по Закону, посвједочен од свију Јудејаца који живе у Дамаску,"
Дела апостолска,22,13,"Дође к мени, стаде и рече ми: Савле брате, прогледај! И ја у тај час погледах у њега."
Дела апостолска,22,14,"А он ми рече: Бог отаца наших изабра те да познаш вољу његову, и да видиш Праведника, и да чујеш глас из уста његових:"
Дела апостолска,22,15,Да му будеш свједок пред свима људима за ово што си видио и чуо.
Дела апостолска,22,16,"И сада шта оклијеваш? Устани и крсти се, и спери гријехе своје, призвавши Име Господње."
Дела апостолска,22,17,"А догоди ми се када се вратих у Јерусалим и док се мољах у храму да дођох у занос,"
Дела апостолска,22,18,"И видјех Њега који ми говори: Похитај и изиђи брзо из Јерусалима, јер неће примити свједочанства твојега за мене."
Дела апостолска,22,19,"А ја рекох: Господе, сами знају да сам ја бацао у тамнице и тукао по синагогама оне који вјерују у тебе."
Дела апостолска,22,20,"И кад се пролијеваше крв Стефана свједока твојега, и сам бијах присутан и пристајах на смрт његову, и чувах хаљине оних који га убијаху."
Дела апостолска,22,21,"И рече ми: Иди, јер ћу те ја послати далеко међу незнабошце."
Дела апостолска,22,22,"А они га слушаху до ове ријечи, па подигоше глас свој говорећи: Узми са земље таквога, јер он не треба да живи!"
Дела апостолска,22,23,"И кад они викаху и збациваху хаљине и бацаху прах у ваздух,"
Дела апостолска,22,24,"Нареди заповједник да га одведу у табор, и рече да га бијењем испитају да би дознао за какву кривицу тако викаху на њега."
Дела апостолска,22,25,"И кад га притегоше кајишима, рече Павле капетану који ондје стајаше: Човјека Римљанина, и неосуђена, зар вам је дозвољено да бијете?"
Дела апостолска,22,26,"А када то чу капетан, приступи заповједнику и јави говорећи: Пази шта ћеш чинити, јер овај човјек је римски грађанин."
Дела апостолска,22,27,А заповједник приступивши рече му: Кажи ми јеси ли ти Римљанин? А он рече: Да.
Дела апостолска,22,28,А заповједник одговори: Ја сам за велику цијену ово грађанство добио. А Павле рече: А ја сам се и родио у њему.
Дела апостолска,22,29,"Онда одмах одступише од њега они што хтједоше да га испитују, а и заповједник се уплаши када дознаде да је Римљанин и што га бјеше свезао."
Дела апостолска,22,30,"Сутрадан пак желећи да поуздано дозна зашто га оптужују Јудејци, пусти га из окова и заповједи да дођу првосвештеници и сав Синедрион њихов, па сведе Павла и постави га пред њима."
Дела апостолска,23,1,"А Павле упери поглед на Синедрион и рече: Људи браћо, ја сам са свом добром савјести живио пред Богом до самога овога дана."
Дела апостолска,23,2,А првосвештеник Ананија заповједи онима што стајаху до њега да га бију по устима.
Дела апостолска,23,3,"Тада му рече Павле: Тебе ће Бог бити, зиде окречени! И ти сједиш те ми судиш по закону, а насупрот закону заповједаш да ме бију!"
Дела апостолска,23,4,А они што стајаху унаоколо рекоше: Зар првосвештеника Божијега вријеђаш?
Дела апостолска,23,5,"А Павле рече: Не знадох. браћо, да је првосвештеник; јер је писано: Не говори зло старјешини народа твојега."
Дела апостолска,23,6,"А Павле схвативши да је један дио садукеја а други фарисеја, повика у Синедриону: Људи браћо, ја сам фарисеј, син фарисејев, за наду и за васкрсење мртвих мени се суди."
Дела апостолска,23,7,"А кад он ово рече настаде распра међу фарисејима и садукејима, и раздијели се народ."
Дела апостолска,23,8,"Јер садукеји говоре да нема васкрсења, ни анђела, ни духа, а фарисеји признају обоје."
Дела апостолска,23,9,"И настаде велика вика и уставши књижевници од стране фарисеја препираху се говорећи: Никакво зло не налазимо на овоме човјеку; ако ли му пак говори дух или анђео, не ратујмо против Бога."
Дела апостолска,23,10,"А када настаде велика свађа, побојавши се заповједник да Павла не растргну, заповједи да сиђу војници и да га отргну од њих и одведу у логор."
Дела апостолска,23,11,"А идуће ноћи стаде Господ пред њега и рече: Буди храбар, Павле, јер као што си свједочио за мене у Јерусалиму, тако ти ваља и у Риму свједочити."
Дела апостолска,23,12,"Када пак свану дан, учинише неки од Јудејаца завјеру и заклеше се говорећи да неће ни јести ни пити докле не убију Павла."
Дела апостолска,23,13,А бјеше их више од четрдесет који ту завјеру учинише.
Дела апостолска,23,14,Ови приступише првосвештенику и старјешинама и рекоше: Заклетвом се заклесмо да нећемо ништа окусити док не убијемо Павла.
Дела апостолска,23,15,"Сада, дакле, ви са Синедрионом кажите заповједнику да га сутра сведе вама, као да бисте хтјели дознати боље о њему; а ми смо спремни да га убијемо прије него се он приближи."
Дела апостолска,23,16,"А син сестре Павлове, чувши за ову засједу, дође и уђе у логор и јави Павлу."
Дела апостолска,23,17,"Павле пак, дозвавши једнога од капетана, рече: Ово момче одведи заповједнику, јер има нешто да му јави."
Дела апостолска,23,18,"А он га узе и доведе заповједнику, и рече: Сужањ Павле дозва ме и замоли да теби доведем ово момче које има нешто да ти каже."
Дела апостолска,23,19,"А заповједник узевши га за руку, и отишавши насамо, питаше га: Шта је то што имаш да ми јавиш?"
Дела апостолска,23,20,"И рече: Јудејци се договорише да те замоле да сутра сведеш Павла њима у Синедрион, као да би хтјели нешто тачније испитати о њему."
Дела апостолска,23,21,"Али их ти немој послушати, јер га вребају њих више од четрдесет људи који су се заклели да неће ни јести ни пити докле га не убију; и сад су готови, и чекају твоје обећање."
Дела апостолска,23,22,Заповједник онда отпусти момче заповједивши му: Ником не казуј да си ми ово јавио.
Дела апостолска,23,23,"И дозвавши двојицу од капетана, рече: Припремите двјеста војника да иду у Кесарију, и седамдесет коњаника и двјеста стријелаца, по трећем часу ноћи."
Дела апостолска,23,24,И нека доведу коње да посаде Павла и спроведу га жива до Феликса управника.
Дела апостолска,23,25,И написа писмо са оваквом садржином:
Дела апостолска,23,26,"Клаудије Лисија, моћноме управнику Феликсу поздравље."
Дела апостолска,23,27,"Човјека овога ухватише Јудејци и хтједоше да га убију; ја пак дођох са војницима и отех га, дознавши да је Римљанин."
Дела апостолска,23,28,"И желећи дознати узрок за који га оптужују, доведох га у њихов Синедрион,"
Дела апостолска,23,29,"И нађох да га оптужују за питања закона њиховог, а да нема никакве кривице која заслужује смрт или окове."
Дела апостолска,23,30,"Када ми је пак пријављена завјера Јудејаца против овога човјека, одмах га послах теби, заповједивши и његовим тужиоцима да пред тобом кажу шта имају на њега. Буди здраво!"
Дела апостолска,23,31,"Тада војници, као што им се заповједи, узеше Павла и одведоше га ноћу у Антипатриду."
Дела апостолска,23,32,"А сутрадан, оставивши коњанике да иду с њим, вратише се у логор."
Дела апостолска,23,33,"И они дошавши у Кесарију и предавши писмо управнику, изведоше и Павла пред њега."
Дела апостолска,23,34,"А управник прочитавши писмо, запита из које је он области; и дознавши да је из Киликије рече:"
Дела апостолска,23,35,Саслушаћу те када стигну и твоји тужиоци. И заповједи да га чувају у Иродовој судници.
Дела апостолска,24,1,"А послије пет дана сиђе првосвештеник Ананија са старјешинама и са ретором неким Тертулом, који оптужише Павла управнику."
Дела апостолска,24,2,"А кад га дозваше, поче њега Тертул тужити говорећи:"
Дела апостолска,24,3,"Да под тобом живимо у великом миру, и да се правице овоме народу чине твојим старањем, признајемо са сваком захвалношћу свагда и свуда, племенити Феликсе!"
Дела апостолска,24,4,"Али да ти много не досађујем, молим те да нас укратко саслушаш по твојему снисхођењу."
Дела апостолска,24,5,"Јер нађосмо овога човјека да је куга, и да подиже буну против свих Јудејаца по цијелом свијету, и да је коловођа назарејске јереси,"
Дела апостолска,24,6,Који покуша и храм да оскрнави; њега и ухватисмо и хтједосмо да му судимо по закону нашему.
Дела апостолска,24,7,"Али дође Лисија заповједник и са великом силом оте га из наших руку и посла теби,"
Дела апостолска,24,8,"Заповједивши да његови тужиоци дођу к теби; од њега можеш сам, испитавши га, дознати о свему овоме за што га ми тужимо."
Дела апостолска,24,9,А и Јудејци се сагласише говорећи да је то тако.
Дела апостолска,24,10,"А Павле одговори када му управник даде знак да говори: Знајући да си већ много година праведни судија овоме народу, са већим расположењем себе браним."
Дела апостолска,24,11,Ти можеш дознати да нема више од дванаест дана како ја изиђох у Јерусалим да се помолим Богу.
Дела апостолска,24,12,"И нити ме затекоше у храму, нити у синагогама, нити у граду да се с киме препирем или да стварам узбуну у народу,"
Дела апостолска,24,13,Нити они могу доказати оно за шта ме сада оптужују.
Дела апостолска,24,14,"А ово ти признајем, да тим Путем, који они називају јерес, ја служим Богу отачком, вјерујући свему ономе што је написано у Закону и у Пророцима,"
Дела апостолска,24,15,"Имајући надање на Бога да ће бити васкрсење мртвима, и праведницима и грјешницима, које и сами ови чекају."
Дела апостолска,24,16,Због тога пак и сам се трудим да имам чисту савјест свагда пред Богом и људима.
Дела апостолска,24,17,И послије много година дошао сам да донесем милостињу народу своме и да принесем жртве.
Дела апостолска,24,18,"У томе нађоше ме очишћена у храму, не са свјетином, нити са буком,"
Дела апостолска,24,19,Неки Јудејци из Азије који су требали доћи преда те да се туже ако имају што на мене.
Дела апостолска,24,20,"Или ови сами нека кажу, ако су нашли на мени какву кривицу, када сам стајао пред Синедрионом,"
Дела апостолска,24,21,Осим ове једне ријечи коју узвикнух стојећи међу њима: За васкрсење мртвих ви ми данас судите.
Дела апостолска,24,22,"А када Феликс чу ово, одгоди им, знајући врло добро за овај Пут, и рече: Када дође Лисија заповједник, извидјећу вашу ствар."
Дела апостолска,24,23,"И заповједи капетану да се Павле чува, и да му се учини олакшање, и да се ни једноме од његових блиских не забрањује служити му и долазити к њему."
Дела апостолска,24,24,"А послије неколико дана дође Феликс са Друсилом женом својом, која бјеше Јудејка, и дозвавши Павла слушаше од њега о вјери у Христа Исуса."
Дела апостолска,24,25,"А кад он говораше о правди и уздржању и о будућем суду, уплаши се Феликс и одговори: Иди за сада, а кад узимаднем времена позваћу те."
Дела апостолска,24,26,Уједно се пак надао да ће му Павле дати новаца да би га пустио; зато га је и дозивао често и разговарао с њим.
Дела апостолска,24,27,"А кад се навршише двије године, дође Феликсу за насљедника Поркије Фест. А Феликс, хотећи Јудејцима учинити на вољу, остави Павла у сужањству."
Дела апостолска,25,1,"А Фест онда, ступивши на дужност у покрајини, изиђе послије три дана из Кесарије у Јерусалим."
Дела апостолска,25,2,"Тада се појавише пред њим првосвештеник и прваци јудејски против Павла и мољаху га,"
Дела апостолска,25,3,"Тражећи услугу против њега, да га пошаље у Јерусалим, стварајући засједу да га убију иа путу."
Дела апостолска,25,4,"А Фест одговори да се Павле држи у Кесарији, и да ће он сам ускоро онамо отићи."
Дела апостолска,25,5,"Који, дакле, могу од вас, рече, нека пођу са мном, па ако има каква кривица на томе човјеку, нека га туже."
Дела апостолска,25,6,"А пошто проведе код њих не више од десет дана, сиђе у Кесарију, и сутрадан сједе на судијску столицу и заповједи да доведу Павла."
Дела апостолска,25,7,"Када га пак доведоше, стадоше унаоколо Јудејци који бијаху дошли из Јерусалима, и многе и тешке кривице изношаху на Павла, којих не могаху доказати."
Дела апостолска,25,8,"А он се брањаше: Ни Закону јудејскоме, ни храму, ни ћесару шта сагријеших."
Дела апостолска,25,9,"Али Фест, хотећи Јудејцима учинити по вољи, одговори Павлу и рече: Хоћеш ли да идеш горе у Јерусалим и ондје да ти судим за ово?"
Дела апостолска,25,10,"А Павле рече: Ја стојим на суду ћесареву, гдје и треба да ми се суди. Јудејцима ништа нисам скривио, као што ти најбоље знаш."
Дела апостолска,25,11,"Ако ли сам скривио, или учинио нешто што заслужује смрт, не марим умријети; ако ли ништа нема од онога за што ме ови оптужују, нико ме не може њима предати. Ћесара призивам!"
Дела апостолска,25,12,"Тада Фест, поговоривши са савјетницима, одговори: На ћесара си се позвао, ћесару ћеш поћи."
Дела апостолска,25,13,"А пошто прође неколико дана, Агрипа цар и Верникија сиђоше у Кесарију да поздраве Феста."
Дела апостолска,25,14,"И будући да ондје боравише много дана, изложи Фест цару Павлову ствар говорећи: Једнога човјека оставио је Феликс као сужња,"
Дела апостолска,25,15,"Поводом којега, кад ја бијах у Јерусалиму, појавише се првосвештеници и старјешине јудејске захтјевајући да се он осуди."
Дела апостолска,25,16,Ја им одговорих да није обичај у Римљана да се преда неки човјек на смрт прије него се оптужени суочи са онима који га туже и не добије прилику за одбрану од оптужбе.
Дела апостолска,25,17,"А када се они овдје састадоше, никаква одлагања не учиних, но сутрадан сједох на судијску столицу и заповједих да доведу човјека."
Дела апостолска,25,18,Око њега стадоше тужиоци и ниједне кривице које ја претпостављах не изнесоше.
Дела апостолска,25,19,"Него имаху против њега некаква питања о својем вјероисповједању, и о некоме Исусу који је умро, за којега Павле тврђаше да је жив."
Дела апостолска,25,20,А ја у недоумици по овоме спору рекох да ли би хтио ићи у Јерусалим и тамо да му се суди за ово.
Дела апостолска,25,21,"Када пак Павле затражи да га чувамо до пресуде Августове, заповједих да га чувају докле га пошаљем ћесару."
Дела апостолска,25,22,А Агрипа рече Фесту: И сам бих желио чути тога човјека. А он рече: Сутра ћеш га чути.
Дела апостолска,25,23,"Сутрадан пак, кад Агрипа и Верникија дођоше са великим сјајем и уђоше у судницу са заповједницима и најугледнијим људима града, и када Фест заповједи, доведоше Павла."
Дела апостолска,25,24,"И рече Фест: Агрипа царе и сви људи који сте с нама, погледајте овога човјека због којега је све мноштво Јудејаца и у Јерусалиму и овдје наваљивало на мене вичући да он не треба више да живи."
Дела апостолска,25,25,"А ја дознавши да он није ништа учинио што заслужује смрт, а и он сам уложи призив свијетломе ћесару, одлучих да га пошаљем."
Дела апостолска,25,26,"За њега немам шта поуздано писати господару. Зато га и приведох пред вас, а особито преда те, Агрипа царе, да бих, по учињеном испитивању, имао шта писати."
Дела апостолска,25,27,"Јер ми се чини неразумно сужња послати, а кривице његове не навести."
Дела апостолска,26,1,"А Агрипа рече Павлу: Допушта ти се да говориш сам о себи. Онда Павле подигавши руку, поче своју одбрану:"
Дела апостолска,26,2,"Сматрам себе срећним, царе Агрипа, што ћу се данас пред тобом бранити од свега за што ме оптужују Јудејци."
Дела апостолска,26,3,Особито што ти познајеш све јудејске обичаје и спорове. Зато те молим да ме стрпљиво саслушаш.
Дела апостолска,26,4,"Моје, дакле, живљење од младости, које је од почетка било међу народом мојим у Јерусалиму, знају сви Јудејци,"
Дела апостолска,26,5,"Који ме знају од раније, ако хоће посвједочити, да по најстрожијој струји наше вјере живљах као фарисеј."
Дела апостолска,26,6,"И сада стојим пред судом због наде у обећање које Бог даде оцима нашим,"
Дела апостолска,26,7,"До којега наших дванаест племена, усрдно служећи дан и ноћ, надају се да ће достићи. За ову наду, царе Агрипа, оптужен сам од Јудејаца."
Дела апостолска,26,8,Зашто ви сматрате да је невјероватно да Бог мртве васкрсава?
Дела апостолска,26,9,"И ја сам, заиста, и сам мислио да ми ваља много радити против имена Исуса Назарећанина,"
Дела апостолска,26,10,"Што и чиних у Јерусалиму; и многе од светих ја затварах у тамнице, примивши власт од првосвештеника; и кад их убијаху, ја се саглашавах."
Дела апостолска,26,11,"И по свим синагогама, често их мучећи приморавах да хуле, и са превеликом јарошћу против њих, гонио сам их чак и у туђим градовима."
Дела апостолска,26,12,"И тако идући у Дамаск са овлашћењем и наређењем од првосвештеника,"
Дела апостолска,26,13,"У подне, царе, видјех на путу с неба свјетлост већу од сијања сунчанога, која обасја мене и оне што иђаху са мном."
Дела апостолска,26,14,"А кад ми сви падосмо на земљу, чух глас гдје говори мени и казује јеврејским језиком: Савле, Савле, зашто ме гониш? Тешко ти је против бодила праћати се!"
Дела апостолска,26,15,"А ја рекох: Ко си ти, Господе? А он рече: Ја сам Исус којега ти гониш."
Дела апостолска,26,16,"Него устани и стани на ноге своје; јер ти се за то јавих да те поставим за служитеља и свједока овоме што си видио и што ћу ти показати,"
Дела апостолска,26,17,"Избављајући те од народа јудејскога и од незнабожаца у које те ја шаљем,"
Дела апостолска,26,18,"Да им отвориш очи да се од таме обрате свјетлости и од власти сатанине Богу, да вјером у мене приме опроштење гријеха и удио са освећенима."
Дела апостолска,26,19,"Зато, царе Агрипа, ја не бијах непокоран небеском виђењу;"
Дела апостолска,26,20,"Него најприје онима у Дамаску и у Јерусалиму, затим по свој земљи јудејској и незнабошцима проповиједах да се покају и да се обрате Богу чинећи дјела достојна покајања."
Дела апостолска,26,21,Зато ме Јудејци ухватише у храму и хтједоше да ме растргну.
Дела апостолска,26,22,"Али добивши помоћ од Бога стојим до самога овога дана и свједочим малом и великом, не казујући ништа осим оно што су Пророци и Мојсеј казали да ће бити:"
Дела апостолска,26,23,"Да ће Христос пострадати, и да ће бити први из васкрсења мртвих, и да ће јавити свјетлост народу јудејскоме и незнабошцима."
Дела апостолска,26,24,"А када он себе овако правдаше, рече Фест снажним гласом: Лудујеш Павле! Многе те књиге изводе из памети."
Дела апостолска,26,25,"А он рече: Не лудујем, моћни Фесте, него казујем ријечи истине и разума."
Дела апостолска,26,26,"Јер за ово зна цар, којему и говорим слободно; јер не вјерујем да му је што од овога непознато, јер се ово није догодило у неком углу."
Дела апостолска,26,27,"Вјерујеш ли, царе Агрипа, Пророцима? Знам да вјерујеш."
Дела апостолска,26,28,А Агрипа рече Павлу: Још мало па ћеш ме наговорити да постанем хришћанин.
Дела апостолска,26,29,"А Павле рече: Молио бих Бога и за мало и за много да би не само ти него и сви који ме слушају данас били такви као и ја што сам, осим ових окова."
Дела апостолска,26,30,"И кад он ово рече, устаде цар и управник и Верникија и који сјеђаху с њима,"
Дела апостолска,26,31,"И удаљивши се разговараху међу собом, говорећи: Овај човјек није учинио ништа што заслужује смрт или окове."
Дела апостолска,26,32,А Агрипа рече Фесту: Овај човјек могаше бити пуштен да се није позвао на ћесара. (И тако ријеши управник да га пошаље ћесару).
Дела апостолска,27,1,"И како би одлучено да отпловимо у Италију, предадоше и Павла и неке друге сужње капетану ћесареве чете, по имену Јулије."
Дела апостолска,27,2,"А кад уђосмо у лађу адрамитску с намјером да пловимо у азијска мјеста, отиснусмо се; с нама бјеше Аристарх, Македонац из Солуна."
Дела апостолска,27,3,Други дан пристадосмо у Сидон. А Јулије човјекољубиво поступајући према Павлу допусти му да одлази пријатељима да би се старали о њему.
Дела апостолска,27,4,"И оданде кренувши пловисмо испод Кипра, пошто вјетрови бијаху супротни."
Дела апостолска,27,5,"И препловивши пучину киликијску и памфилијску, дођосмо у Миру Ликијску."
Дела апостолска,27,6,"И ондје нашавши капетан лађу александријску која плови у Италију, укрца нас у њу."
Дела апостолска,27,7,"Пловивши пак много дана споро, и једва дошавши према Книду, јер нам вјетар не дадијаше, допловисмо под Крит код Салмоне."
Дела апостолска,27,8,"И с муком пловећи поред обале приспјесмо у неко мјесто које се зове Добра пристаништа, близу којега бјеше град Ласеја."
Дела апостолска,27,9,"Па како прође доста времена и већ пловљење не бјеше без опасности, јер и пост већ бјеше прошао, савјетоваше Павле"
Дела апостолска,27,10,"Говорећи им: Људи, видим да ће пловљење бити с муком и великом штетом, не само за товар и лађу, него и за животе наше."
Дела апостолска,27,11,"Али капетан више вјерова кормилару и власнику лађе, неголи Павловим ријечима."
Дела апостолска,27,12,"А пошто пристаниште не бјеше згодно за зимовник, савјетоваху многи да се одвезу оданде, не би ли како могли доћи до Финика, да зимују у том пристаништу критском које гледа према југозападу и сјеверозападу."
Дела апостолска,27,13,"И кад дуну југ, мишљаху да им се жеља испуни, па подигнувши котву пловљаху покрај Крита."
Дела апостолска,27,14,Али не задуго по том дуну насупрот њему буран вјетар који се зове сјевероисточњак.
Дела апостолска,27,15,"И кад захвати лађу и она се не могаше вјетру противити, препустисмо се валовима да нас носе."
Дела апостолска,27,16,"А кад прођосмо мимо једног острва које се зове Клауда, једва могосмо уздржати чамац,"
Дела апостолска,27,17,"Који извукавши, употријебише помоћна средства и подвезаше лађу, па бојећи се да не ударе на спруд, спустише једра и тако даље пловљаху."
Дела апостолска,27,18,"А кад нам веома досађиваше бура, сутрадан избациваху товаре."
Дела апостолска,27,19,И трећег дана својим рукама избацисмо алат лађарски.
Дела апостолска,27,20,"А кад се ни сунце ни звјезде за много дана не појавише, и бура не мала навали, бијаше најзад изгубљена свака нада да ћемо се спасти."
Дела апостолска,27,21,"Пошто се дуго није јело, то Павле стаде међу њих и рече: Требаше, дакле, о људи, послушати мене, и не отискивати се од Крита, па избегнути ову муку и штету."
Дела апостолска,27,22,"И ево сада вам савјетујем да будете расположени, јер ни једна душа од вас неће пропасти, осим лађе."
Дела апостолска,27,23,"Јер ове ноћи стаде преда ме анђео Бога чији јесам и коме служим,"
Дела апостолска,27,24,"Говорећи: Не бој се, Павле! Ти мораш изићи пред ћесара; и ево, Бог ти је даровао све који плове са тобом."
Дела апостолска,27,25,"Зато, људи, будите расположени, јер вјерујем Богу да ће тако бити као што ми би речено."
Дела апостолска,27,26,"Ми ћемо, дакле, бити избачени на неко острво."
Дела апостолска,27,27,"А кад би четрнаеста ноћ и ми пловљасмо по Адрији, око поноћи помислише лађари да се приближавају некој земљи."
Дела апостолска,27,28,"И измјеривши дубину нађоше двадесет хвати. И мало прошавши, опет измјерише и нађоше петнаест хвати."
Дела апостолска,27,29,"Онда бојећи се да како не ударе на подводне стијене, бацише са крме четири котве, па се мољаху да сване дан."
Дела апостолска,27,30,"А кад лађари гледаху да побјегну са лађе, и спустише чамац у море изговарајући се као да хоће са прамца да спусте котве,"
Дела апостолска,27,31,"Рече Павле капетану и војницима: Ако ови не остану на лађи, ви се не можете спасти."
Дела апостолска,27,32,Тада војници одрезаше конопе на чамцу и пустише га те паде.
Дела апостолска,27,33,"А још прије свитања дана, мољаше Павле све да једу говорећи: Данас је четрнаести дан како чекате, и без јела проводите, ништа не окусивши."
Дела апостолска,27,34,"Зато вас молим да узмете хране, јер је то за ваше спасење. А ни једноме од вас неће пасти длака с главе."
Дела апостолска,27,35,"И рекавши ово, узе хљеб, и заблагодари Богу пред свима и преломивши, стаде јести."
Дела апостолска,27,36,"Онда се сви орасположише, па и сами узеше храну."
Дела апостолска,27,37,А у лађи бијаше нас душа свега двјеста седамдесет и шест.
Дела апостолска,27,38,"Пошто се пак наситише јела, олакшаше лађу избацивши пшеницу у море."
Дела апостолска,27,39,"А кад настаде дан, не препознаше земљу, али угледаше неки залив са пјесковитом обалом, на коју ријешише, ако буде могуће, да извуку лађу."
Дела апостолска,27,40,"И одвезавши котве пустише у море, и одријешише уједно и ужад на крмама, па раширивши мало једро према вјетру управише обали."
Дела апостолска,27,41,"А када наиђоше на морски спруд, насукаше лађу; и прамац се зари и остаде непомичан, а крма се разбијаше од силе таласа."
Дела апостолска,27,42,"Војници се тада договорише да побију сужње, да који не исплива и не утекне."
Дела апостолска,27,43,"Али капетан желећи сачувати Павла, спречи њихову намјеру и заповједи онима који могу пливати да први искоче и изиђу на земљу,"
Дела апостолска,27,44,"А остали, једни на даскама, а други на нечем од лађе. И тако сви изиђоше живи на земљу."
Дела апостолска,28,1,"И кад се избавише с лађе који бијаху с Павлом, тада сазнадоше да се острво зове Малта."
Дела апостолска,28,2,"А мјештани нам указиваху не мало човјекољубље, јер наложивши ватру све нас примише због кише која падаше и због зиме."
Дела апостолска,28,3,"И када Павле скупи гомилу грања и наложи на ватру, изиђе змија од врућине и уједе га за руку."
Дела апостолска,28,4,"А када видјеше мјештани змију гдје виси о руци његовој, говораху један другоме: Свакако је овај човјек убица, јер га избављеног од мора Правда не остави да живи."
Дела апостолска,28,5,"А он отресе змију у ватру, и не претрпје никакво зло."
Дела апостолска,28,6,"А они очекиваху да ће он отећи или одједном пасти мртав. Но кад задуго чекаше, и видјеше да му ништа зло не би, промијенише се и говораху да је он бог."
Дела апостолска,28,7,"Око мјеста пак онога бијаху имања поглавара од острва, по имену Публија, који нас прими и љубазно угости три дана."
Дела апостолска,28,8,"А догоди се да отац Публијев имаше грозницу и срдобољу и лежаше. Њему Павле уђе, па помоливши се Богу и положивши руке на њега, исцијели га."
Дела апостолска,28,9,"Када се пак то догоди, и други на острву који бијаху болесни долажаху, и исцјељиваху се."
Дела апостолска,28,10,"И они нам указиваху велике почасти, а кад пођосмо спремише што нам је било потребно."
Дела апостолска,28,11,"А послије три мјесеца одвезосмо се на лађи александријској, која је била презимила на острву, и имаше ознаку Диоскура."
Дела апостолска,28,12,"И допловивши у Сиракусу, остасмо ондје три дана."
Дела апостолска,28,13,"А оданде обилазно приспјесмо у Ригију; и после једнога дана, када дуну југо дођосмо други дан у Потиоле."
Дела апостолска,28,14,"Ондје нађемо браћу и они нас замоле те останемо код њих седам дана, и тако дођосмо у Рим."
Дела апостолска,28,15,"И тамошња браћа, начувши за нас, изиђоше нам у сусрет до Апијева трга и Три крчме. И кад их видје Павле, заблагодари Богу и охрабри се."
Дела апостолска,28,16,"А кад дођосмо у Рим, капетан предаде сужње војводи. Али Павлу се допусти да живи засебно с војником који га чуваше."
Дела апостолска,28,17,"Послије пак три дана сазва Павле прваке јудејске. И кад се они скупише, говораше им: Људи браћо, ја ништа не учиних против народа или обичаја отачких, а предан сам из Јерусалима као сужањ у руке Римљанима."
Дела апостолска,28,18,"Они пак испитавши ме, хтједоше да ме пусте, јер се не нађе на мени ни једна смртна кривица."
Дела апостолска,28,19,"Али кад се Јудејци успротивише, био сам принуђен да се позовем на ћесара, не као да бих имао свој народ за нешто оптужити."
Дела апостолска,28,20,Из тога разлога затражих да вас видим и поразговарам; јер због наде Израиљеве окован сам у ове ланце.
Дела апостолска,28,21,"А они му рекоше: Ми нити примисмо писма за тебе из Јудеје, нити дође ко од браће да јави или каже нешто зло о теби."
Дела апостолска,28,22,"Уосталом, желимо да чујемо од тебе шта мислиш; јер нам је познато за ову јерес да се свуда говори против ње."
Дела апостолска,28,23,"И одредивши му дан, дођоше многи код њега у стан; њима је излагао свједочећи о Царству Божијем од јутра до мрака и увјеравајући их о Исусу из Закона Мојсејева и из Пророка."
Дела апостолска,28,24,"И једни вјероваху ономе што он говораше, а други не вјероваху."
Дела апостолска,28,25,"А будући несагласни међу собом, почеше да се разилазе, док Павле рече једну ријеч: Добро је казао Дух Свети преко пророка Исаије оцима нашим,"
Дела апостолска,28,26,"Говорећи: Иди народу овоме и реци: Ушима ћете чути и нећете разумјети, и очима ћете гледати и нећете видјети."
Дела апостолска,28,27,"Јер је отврднуло срце овога народа, и ушима тешко чују, и очима својим зажмурише да како очима не виде, и ушима не чују, и срцем не разумију, и не обрате се да их исцијелим."
Дела апостолска,28,28,"Нека вам је, дакле, на знање да се незнабошцима посла ово спасење Божије; они ће и чути."
Дела апостолска,28,29,"И кад он ово рече, отидоше Јудејци препирући се много међу собом."
Дела апостолска,28,30,"А Павле остаде пуне двије године у своме изнајмљеном стану, и примаше све који му долажаху,"
Дела апостолска,28,31,"Проповиједајући Царство Божије, и учећи о Господу Исусу Христу са сваком смјелошћу и неометано."
Римљанима,1,1,"Павле, слуга Исуса Христа, позвани апостол, изабран за јеванђеље Божије,"
Римљанима,1,2,"Које Бог напријед обећа преко пророка својих у Светим Писмима,"
Римљанима,1,3,"О Сину својему, који је по тијелу рођен од сјемена Давидова,"
Римљанима,1,4,"Исусу Христу Господу нашем, који је објављен у сили по Духу Светоме за Сина Божијега васкрсењем из мртвих,"
Римљанима,1,5,"Кроз којега примисмо благодат и апостолство, да ради Имена његовог приведемо у послушност вјере све незнабошце,"
Римљанима,1,6,"Међу којима сте и ви позваници Исуса Христа,"
Римљанима,1,7,"Свима који су у Риму љубљенима од Бога, позванима светима, благодат вам и мир од Бога Оца нашега и Господа Исуса Христа."
Римљанима,1,8,"Прво, дакле, захваљујем Богу својему кроз Исуса Христа за све вас што се о вјери вашој говори по свему свијету."
Римљанима,1,9,"Јер ми је свједок Бог, којему служим духом својим у јеванђељу Сина његова, да вас се сјећам без престанка,"
Римљанима,1,10,Молећи се свагда Богу у молитвама својим да би ми некада вољом Божијом успјело да дођем к вама;
Римљанима,1,11,"Јер жарко желим да вас видим, да вам предам неки духовни дар за ваше утврђење."
Римљанима,1,12,"То јест, да се ту са вама утјешим заједничком вјером, и вашом и мојом."
Римљанима,1,13,"Али вам нећу затајити, браћо, да сам много пута намјеравао да вам дођем, да и међу вама имам неки плод као и међу осталим незнабошцима, па бих до сада спријечен."
Римљанима,1,14,"Дужан сам и Јелинима и Варварима, и мудрима и неразумнима."
Римљанима,1,15,Отуда моја жеља да и вама који сте у Риму проповиједам јеванђеље.
Римљанима,1,16,"Јер се не стидим јеванђеља Христова, јер је оно сила Божија на спасење свакоме који вјерује, а најприје Јудејцу и Јелину."
Римљанима,1,17,"Јер се у њему открива правда Божија из вјере у вјеру, као што је написано: А праведник ће од вјере живјети."
Римљанима,1,18,Јер се открива гњев Божији с неба на сваку безбожност и неправду људи који држе истину у неправди.
Римљанима,1,19,"Јер што се може дознати за Бога познато је њима, јер им је Бог објавио."
Римљанима,1,20,"Јер што је на Њему невидљиво, од постања свијета умом се на створењима јасно види, његова вјечна сила и божанство, да немају изговора."
Римљанима,1,21,"Јер кад познаше Бога, не прославише га као Бога, нити му захвалише, него залудјеше у својим умовањима, и потамње неразумно срце њихово;"
Римљанима,1,22,"Говорећи да су мудри, полудјеше,"
Римљанима,1,23,И замијенише славу бесмртнога Бога подобијем смртнога човјека и птица и четвороножних животиња и гмизаваца.
Римљанима,1,24,"Зато их предаде Бог у жељама њихових срца у нечистоту, да се бешчасте тјелеса њихова међу њима самима;"
Римљанима,1,25,"Који замијенише истину Божију лажју, и више поштоваше и послужише твари него Творцу, који је благословен у вијекове. Амин."
Римљанима,1,26,"Зато их предаде Бог у срамне страсти. Јер и жене њихове претворише природно употребљавање у противприродно,"
Римљанима,1,27,"А исто тако и мушкарци оставивши природно употребљавање жена, распалише се жељом својом један на другога, мушкарци са мушкарцима чинећи срам, примајући на себи одговарајућу плату за своју заблуду."
Римљанима,1,28,"И како не марише да познају Бога, предаде их Бог у покварен ум да чине што је неприлично,"
Римљанима,1,29,"Њих који су испуњени сваке неправде, блуда, злоће, лакомства, неваљалства, пуни зависти, убиства, свађе, лукавства, злоћудности;"
Римљанима,1,30,"Дошаптачи, опадачи, богомрсци, насилници, гордељивци, хвалисавци, измишљачи зала, непокорни родитељима,"
Римљанима,1,31,"Неразумни, невјере, неосјетљиви, непомирљиви, немилостиви."
Римљанима,1,32,"Они, познавши правду Божију, да који то чине заслужују смрт, не само да чине то, него и одобравају онима који то чине."
Римљанима,2,1,"Зато немаш изговора, о човјече, који год судиш, јер у чему судиш другоме, себе осуђујеш; јер ти који судиш, чиниш то исто."
Римљанима,2,2,А знамо да је суд Божији истинит над онима који то чине.
Римљанима,2,3,"А помишљаш ли то, о човјече, који судиш онима који то чине, а чиниш исто, да ћеш ти избјећи суд Божији?"
Римљанима,2,4,"Или презиреш богатство његове доброте и кротости и дуготрпљења, не знајући да те доброта Божија на покајање води?"
Римљанима,2,5,"Него својом упорношћу и непокајаним срцем сабираш себи гњев за дан гњева и откривања праведнога суда Бога,"
Римљанима,2,6,Који ће дати свакоме по дјелима његовим:
Римљанима,2,7,Живот вјечни онима који истрајношћу у добрим дјелима траже славу и част и бесмртност;
Римљанима,2,8,А јарост и гњев онима који се упорно противе истини а покоравају неправди.
Римљанима,2,9,"Невоља и туга на сваку душу човјека који чини зло, а најприје Јудејца и Јелина;"
Римљанима,2,10,"А слава и част и мир свакоме који чини добро, а најприје Јудејцу и Јелину;"
Римљанима,2,11,Јер Бог не гледа ко је ко.
Римљанима,2,12,"Јер који без закона сагријешише, без закона ће и изгинути; а који под законом сагријешише, по закону ће се осудити."
Римљанима,2,13,"Јер нису праведни пред Богом они који слушају закон, него ће се оправдати они који испуњавају закон."
Римљанима,2,14,"Јер кад незнабошци немајући закона чине од природе што је по закону, они немајући закон сами су себи закон;"
Римљанима,2,15,"Они доказују да је у срцима њиховим написано оно што је по закону, пошто свједочи савјест њихова, и пошто се мисли њихове међу собом оптужују или оправдавају,"
Римљанима,2,16,На дан када Бог узасуди тајне људске по јеванђељу мојему кроз Исуса Христа.
Римљанима,2,17,"Гле, ти се зовеш Јудејац и ослањаш се на закон, и хвалиш се Богом,"
Римљанима,2,18,"И знаш вољу (његову), и умијеш да разликујеш шта је добро, научен од закона;"
Римљанима,2,19,"И сматраш да си вођ слијепима, свјетлост онима који су у мраку,"
Римљанима,2,20,"Васпитач неразумнима, учитељ дјеци, који има оличење знања и истине у закону."
Римљанима,2,21,"Зар ти, дакле, који учиш друге, себе не учиш?"
Римљанима,2,22,"Ти који проповиједаш да се не краде, крадеш? Који говориш да се не чини прељуба, чиниш прељубу? Ти који се гадиш на идоле, крадеш светињу?"
Римљанима,2,23,"Зар ти који се хвалиш законом, преступањем закона вријеђаш Бога?"
Римљанима,2,24,"Јер се име Божије због вас хули међу незнабошцима, као што је написано."
Римљанима,2,25,"Јер обрезање користи, ако закон испуњаваш; ако ли си преступник закона, обрезање је твоје необрезање постало."
Римљанима,2,26,"Ако, дакле, необрезани чува заповијести закона, зар се неће његово необрезање рачунати за обрезање?"
Римљанима,2,27,"И онај који је по природи необрезан, а испуњава закон, осудиће тебе који си поред Писма и обрезања преступник закона."
Римљанима,2,28,"Јер није оно Јудејац што је споља, нити је оно обрезање што је споља, на тијелу,"
Римљанима,2,29,"Него је оно Јудејац који је то изнутра, и обрезање је обрезање срца духом а не словом; таквоме је похвала не од људи него од Бога."
Римљанима,3,1,"Какво је, дакле, преимућство Јудејца, или каква је корист обрезања?"
Римљанима,3,2,"Много у сваком погледу. Прво, што су им повјерене ријечи Божије."
Римљанима,3,3,Јер шта ако неки не вјероваше? Зар ће њихово невјеровање вјеру Божију укинути?
Римљанима,3,4,"Никако! Него, нека је Бог истинит, а човјек је сваки лажа, као што је написано: Да се оправдаш у ријечима својим и да побиједиш када ти суде."
Римљанима,3,5,"Ако ли наша неправда објављује Божију праведност, шта ћемо рећи? Зар је Бог неправедан када показује гњев? Као човјек говорим."
Римљанима,3,6,Никако! Јер како би онда Бог могао судити свијету?
Римљанима,3,7,"Јер ако се истина Божија кроз моју лаж показа обилно на славу Његову, зашто још и ја као грјешник да будем осуђен?"
Римљанима,3,8,"И зар ћемо, као што нас грде и као што кажу неки да ми говоримо, чинити зло да дође добро? Њихова је осуда праведна."
Римљанима,3,9,"Шта, дакле? Имамо ли предност? Никако! Јер претходно доказасмо да су и Јудејци и Јелини сви под гријехом."
Римљанима,3,10,"Као што је написано: Нема ниједног праведног,"
Римљанима,3,11,"Нема онога који разумије, нема онога који тражи Бога."
Римљанима,3,12,"Сви застранише и заједно неваљали посташе: нема га који чини добро, нема баш ниједнога."
Римљанима,3,13,"Њихово је грло гроб отворен, језицима својим вараху, отров је аспидин под уснама њиховим."
Римљанима,3,14,Уста су им пуна клетве и горчине.
Римљанима,3,15,Ноге су им брзе да пролијевају крв.
Римљанима,3,16,Пустош и биједа је на путевима њиховим;
Римљанима,3,17,И пута мирног не познаше.
Римљанима,3,18,Нема страха Божијега пред очима њиховим.
Римљанима,3,19,"А знамо да оно што закон говори, говори онима који су у закону, да се свака уста затворе, и сав свијет да буде крив Богу;"
Римљанима,3,20,Јер дјелима закона ни једно тијело неће се оправдати пред њим; јер кроз закон долази познање гријеха.
Римљанима,3,21,"А сада се без закона јавила правда Божија, посвједочена од Закона и Пророка;"
Римљанима,3,22,"И то правда Божија кроз вјеру у Исуса Христа за све и на све који вјерују, јер нема разлике."
Римљанима,3,23,"Јер сви сагријешише и лишени су славе Божије,"
Римљанима,3,24,"А оправдавају се даром, благодаћу његовом, кроз искупљење које је у Христу Исусу,"
Римљанима,3,25,"Којега одреди Бог да буде крвљу својом жртва помирења кроз вјеру, да покаже правду своју опроштењем пређашњих гријеха,"
Римљанима,3,26,"У дуготрпљењу Божијем, да се покаже правда његова у садашње вријеме, да је Он праведан и да оправдава онога који је од вјере Исусове."
Римљанима,3,27,"Гдје је, дакле, хвалисање? Искључено је. Каквим законом? Да ли законом дјела? Не, него законом вјере."
Римљанима,3,28,"Мислимо, дакле, да ће се човјек оправдати вјером без дјела закона."
Римљанима,3,29,"Или је Бог само Јудејаца, а не и незнабожаца? Да, и незнабожаца."
Римљанима,3,30,"Јер један је Бог, који ће оправдати обрезање из вјере и необрезање вјером."
Римљанима,3,31,"Укидамо ли, дакле, закон вјером? Никако! Него закон утврђујемо."
Римљанима,4,1,"Шта ћемо, дакле, рећи за Авраама, оца нашега, да је постигао по тијелу?"
Римљанима,4,2,"Јер ако се Авраам дјелима оправда, има хвалу, али не пред Богом."
Римљанима,4,3,Јер шта каже Писмо? И вјерова Авраам Богу и то му се урачуна у праведност.
Римљанима,4,4,"А ономе који ради, не рачуна се плата по милости него по дугу;"
Римљанима,4,5,"Ономе пак који не ради, а вјерује у Онога који оправдава грјешника, рачуна се вјера његова у праведност."
Римљанима,4,6,Као што и Давид говори да је блажен онај човјек коме Бог урачунава праведност без дјела:
Римљанима,4,7,Блажени су они којима се опростише безакоња и којима се покрише гријеси.
Римљанима,4,8,Блажен је човјек коме Господ не урачуна гријех.
Римљанима,4,9,"Ово блаженство, дакле, да ли се односи на обрезање или и на необрезање? Јер говоримо да се Аврааму урачуна вјера у праведност."
Римљанима,4,10,"Како му се, дакле, урачуна? Кад је био у обрезању или необрезању? Не у обрезању, него у необрезању."
Римљанима,4,11,"И прими знак обрезања, печат праведности вјере коју имаше у необрезању, да би он био отац свију који вјерују у необрезању, да се и њима урачуна у праведност;"
Римљанима,4,12,"И да би био отац обрезања не само онима који су од обрезања, него и онима који ходе по стопама вјере оца нашега Авраама коју имаше у необрезању."
Римљанима,4,13,Јер обећање Аврааму или сјемену његову да он буде насљедник свијета не би законом него праведношћу вјере.
Римљанима,4,14,"Јер ако су насљедници они који су од закона, узалудна је вјера и пропаде обећање."
Римљанима,4,15,Јер закон ствара гњев; а гдје нема закона нема ни пријеступа.
Римљанима,4,16,"Зато је од вјере, да буде по благодати, да обећање буде сигурно свему потомству, не само ономе које је од закона, него које је од вјере Авраама, који је отац свима нама."
Римљанима,4,17,"Као што је написано: Јер сам те поставио за оца многим народима пред Богом коме повјерова, који оживљује мртве и зове непостојеће као постојеће."
Римљанима,4,18,"Кад није било никакве наде он с надом повјерова да ће бити отац многим народима, као што је речено: Тако ће бити твоје потомство."
Римљанима,4,19,"И не ослабивши вјером не помисли на своје већ умртвљено тијело, а бјеше му негдје око сто година, ни на умртвљеност Сарине материце."
Римљанима,4,20,"И у обећање Божије не посумња с невјеровањем, него ојача у вјери и даде славу Богу,"
Римљанима,4,21,И бјеше потпуно увјерен да оно што Бог обећа кадар је и учинити.
Римљанима,4,22,Зато му се и урачуна у праведност.
Римљанима,4,23,"А не би писано само за њега да му је урачунато,"
Римљанима,4,24,"Него и за нас којима ће се урачунати, који вјерујемо у Онога који васкрсе Исуса Христа Господа нашега из мртвих,"
Римљанима,4,25,Који би предан за гријехе наше и устаде за оправдање наше.
Римљанима,5,1,"Оправдавши се, дакле, вјером, имамо мир у Богу кроз Господа нашег Исуса Христа,"
Римљанима,5,2,"Кроз којега и приступисмо вјером у ову благодат у којој стојимо, и хвалимо се надањем славе Божије."
Римљанима,5,3,"И не само то, него се и хвалимо у невољама, знајући да невоља гради трпљење,"
Римљанима,5,4,"А трпљење искуство, а искуство наду;"
Римљанима,5,5,"А нада не постиђује, јер се љубав Божија излила у срца наша Духом Светим који је дат нама."
Римљанима,5,6,"Јер Христос, још док бјесмо немоћни, умрије у одређено вријеме за безбожнике."
Римљанима,5,7,Јер једва ће ко умријети за праведника; а за доброга можда би се ко и усудио да умре.
Римљанима,5,8,"Али Бог показује своју љубав према нама, јер још док бијасмо грјешници, Христос умрије за нас."
Римљанима,5,9,"Много ћемо, дакле, прије бити кроз њега спасени од гњева сада када смо оправдани крвљу његовом."
Римљанима,5,10,"Јер када смо се као непријатељи помирили са Богом кроз смрт Сина његова, много ћемо се прије, већ помирени, спасти животом његовим."
Римљанима,5,11,"А не само то, него се и хвалимо Богом кроз Господа нашега Исуса Христа, кроз којега сада примисмо помирење."
Римљанима,5,12,"Зато као што кроз једпога човјека уђе у свијет гријех, и кроз гријех смрт, и тако смрт уђе у све људе, пошто сви сагријешише."
Римљанима,5,13,"Јер гријех бјеше на свијету до закона, али се гријех не рачуна када нема закона."
Римљанима,5,14,"Али смрт царова од Адама до Мојсеја и над онима који не сагријешише сличним пријеступом као Адам, који је слика Онога који ће доћи."
Римљанима,5,15,"Али благодатни дар није тако као пријеступ, јер ако пријеступом једнога помријеше многи, много се више благодат Божија и дар у благодати једнога човјека Исуса Христа изобилно изли на многе."
Римљанима,5,16,"И не би са даром онако као што би са пријеступом кроз једнога: јер суд због једнога би осуда, а благодатни дар би оправдање од многих пријеступа."
Римљанима,5,17,"Јер ако се пријеступом једнога зацари смрт кроз једнога, тим прије ће они који примају изобиље благодати и дар праведности у животу царовати кроз једнога Исуса Христа."
Римљанима,5,18,"Тако, дакле, као што једним пријеступом дође осуда на све људе, тако и једним оправдањем дође на све људе оправдање живота."
Римљанима,5,19,Јер као што кроз непослушност једнога човјека посташе многи грјешни. тако ће и кроз послушност једнога постати многи праведни.
Римљанима,5,20,"А закон уз то дође да се умножи пријеступ; а гдје се умножи гријех ондје се још већма умножи благодат,"
Римљанима,5,21,"Да би, као што царова гријех у смрти, тако и благодат царовала праведношћу за живот вјечни кроз Исуса Христа, Господа нашега."
Римљанима,6,1,"Шта ћемо, дакле, рећи? Хоћемо ли остати у гријеху да се благодат умножи? Никако!"
Римљанима,6,2,"Ми који умријесмо гријеху, како ћемо још живјети у њему?"
Римљанима,6,3,"Или зар не знате да сви који се крстимо у Христа Исуса, у смрт његову се крстисмо?"
Римљанима,6,4,"Тако се с њим погребосмо кроз крштење у смрт, да би, као што Христос устаде из мртвих славом Очевом, тако и ми ходили у новом животу."
Римљанима,6,5,"Јер ако постадосмо сједињени са обликом смрти његове, онда ћемо и са васкрсењем,"
Римљанима,6,6,"Знајући ово, да се стари наш човјек разапе са Њиме. да би се уништило тијело грјеховно, да више не робујемо гријеху."
Римљанима,6,7,Јер ко умрије ослободи се од гријеха.
Римљанима,6,8,"Ако ли умријесмо са Христом, вјерујемо да ћемо и живјети са њиме,"
Римљанима,6,9,"Знајући да Христос уставши из мртвих, више не умире; смрт више не влада њиме."
Римљанима,6,10,"Јер што је умро, гријеху је умро једном за свагда; а што живи, Богу живи."
Римљанима,6,11,"Тако и ви сматрајте себе да сте мртви гријеху, а живи Богу у Христу Исусу, Господу нашем."
Римљанима,6,12,"Да не царује, дакле, гријех у вашему смртном тијелу, да га слушате у похотама његовим;"
Римљанима,6,13,"Нити дајите удове своје гријеху за оружје неправде; него предајте себе Богу, као оживљени из мртвих, и удове своје Богу за оружје правде."
Римљанима,6,14,"Јер гријех неће вама овладати, пошто нисте под законом него под благодаћу."
Римљанима,6,15,Шта дакле? Хоћемо ли гријешити кад нисмо под законом него под благодаћу? Никако!
Римљанима,6,16,"Не знате ли да коме дајете себе за слуге у послушност, слуге сте онога кога слушате: или гријеха за смрт, или послушности за праведност."
Римљанима,6,17,Али Богу хвала што бијасте слуге гријеху па послушасте од срца правило науке којој се предадосте;
Римљанима,6,18,"Ослободивши се пак гријеха, постадосте слуге праведности."
Римљанима,6,19,"Као човјек говорим због немоћи вашега тијела. Јер као што давасте уде своје да робују нечистоти и безакоњу за безакоње, тако сада дајте уде своје да служе правди за освећење."
Римљанима,6,20,"Јер када бијасте робови гријеха, слободни бијасте од праведности."
Римљанима,6,21,"Какав, дакле, плод имадосте тада од онога чега се сада стидите? Јер је крај онога смрт."
Римљанима,6,22,"А сад, ослободивши се од гријеха и поставши слуге Божије, имате плод свој на освећење, а крај живот вјечни."
Римљанима,6,23,"Јер је плата за гријех смрт, а дар Божији је живот вјечни у Христу Исусу, Господу нашем."
Римљанима,7,1,"Или не знате, браћо, јер говорим онима који знају закон, да закон влада над човјеком само докле он живи?"
Римљанима,7,2,"Јер је удата жена везана законом за живог мужа; ако ли муж умре, разријеши се од закона мужевљева."
Римљанима,7,3,"Зато, дакле, док јој је муж жив биће прељубница ако пође за другога мужа; ако ли јој умре муж, слободна је од закона, да не буде прељубница ако пође за другога мужа."
Римљанима,7,4,"Тако, браћо моја, и ви умријесте закону тијелом Христовим, да припаднете другоме, Ономе који устаде из мртвих, да плод донесемо Богу."
Римљанима,7,5,"Јер кад бијасмо у тијелу, страсти грјеховне кроз закон дјејствоваху у нашим удима да се смрти плод доноси."
Римљанима,7,6,"А сад се ослободисмо од закона умријевши ономе што нас држаше, да служимо (Богу) у новоме духу а не по староме слову."
Римљанима,7,7,"Шта ћемо, дакле, рећи? Да је закон гријех? Никако! Него ја гријеха не познах осим кроз закон; јер ни за жељу не бих знао да закон не каза: Не пожели!"
Римљанима,7,8,А гријех узевши повод кроз заповијест изазва у мени сваку жељу; јер је гријех без закона мртав.
Римљанима,7,9,"А ја живљах некад без закона; а када дође заповијест, гријех оживље,"
Римљанима,7,10,"А ја умријех, и нађе се да ми заповијест дата за живот би на смрт."
Римљанима,7,11,Јер гријех узевши повод кроз заповијест превари ме и уби ме њоме.
Римљанима,7,12,"Тако, дакле, закон је свет, и заповијест је света и праведна и добра."
Римљанима,7,13,"Зар ми, дакле, добро донесе смрт? Никако! Него гријех, да се покаже као гријех, причини ми смрт кроз добро, да буде гријех до крајности грјешан кроз заповијест."
Римљанима,7,14,"Јер знамо да је закон духован, а ја сам тјелесан, продан у ропство гријеху."
Римљанима,7,15,"Јер не знам шта чиним, јер не чиним оно што хоћу, него што мрзим то чиним."
Римљанима,7,16,"Ако ли чиним оно што нећу, признајем да је закон добар."
Римљанима,7,17,"Тада то не чиним више ја, него гријех који живи у мени."
Римљанима,7,18,"Јер знам да добро не живи у мени, то јест, у тијелу мојему; јер хтјети имам у себи, али учинити добро не налазим."
Римљанима,7,19,"Јер добро, што хоћу, не чиним, него зло, што нећу, оно чиним."
Римљанима,7,20,"А кад чиним оно што нећу, већ не чиним то ја, него гријех који живи у мени."
Римљанима,7,21,"Налазим, дакле, закон: када хоћу добро да чиним, зло ми је присутно."
Римљанима,7,22,Јер се радујем закону Божијему по унутарњем човјеку;
Римљанима,7,23,"Али видим други закон у удима својим који се бори против закона ума мојега, и поробљава ме законом гријеха који је у удима мојим."
Римљанима,7,24,Ја јадни човјек! Ко ће ме избавити од тијела смрти ове?
Римљанима,7,25,"Благодарим Богу кроз Исуса Христа Господа нашега. Тако, дакле, ја сам умом служим закону Божијему, а тијелом закону гријеха."
Римљанима,8,1,"Никакве, дакле, сад осуде нема онима који у Христу Исусу не живе по тијелу него по Духу."
Римљанима,8,2,Јер закон Духа живота у Христу Исусу ослободи ме од закона гријеха и смрти.
Римљанима,8,3,"Јер што закону бјеше немогуће, пошто бјеше ослабљен тијелом, Бог пославши Сина свога у обличју тијела грјеховнога и због гријеха, осуди гријех у тијелу,"
Римљанима,8,4,Да се правда закона испуни у нама који не живимо по тијелу него по Духу.
Римљанима,8,5,"Јер који су по тијелу тјелесно мисле, а који су по Духу духовно."
Римљанима,8,6,"Јер је тјелесно мудровање смрт, а духовно мудровање живот и мир."
Римљанима,8,7,"Јер је тјелесно мудровање непријатељство Богу, пошто се не покорава закону Божијем, нити пак може."
Римљанима,8,8,А који су по тијелу не могу угодити Богу.
Римљанима,8,9,"А ви нисте по тијелу него по Духу, пошто Дух Божији живи у вама. Ако пак неко нема Духа Христова, он није његов."
Римљанима,8,10,"А ако је Христос у вама, онда је тијело мртво за гријех, а Дух је живот за праведност."
Римљанима,8,11,"Ако ли живи у вама Дух Онога који је васкрсао Исуса из мртвих, Онај крји је подигао Христа из мртвих оживјеће и ваша смртна тјелеса Духом својим који живи у вама."
Римљанима,8,12,"Тако, дакле, браћо, нисмо дужни тијелу да по тијелу живимо;"
Римљанима,8,13,"Јер ако живите по тијелу, помријећете; ако ли Духом дјела тјелесна умртвљујете, живјећете."
Римљанима,8,14,Јер које води Дух Божији они су синови Божији.
Римљанима,8,15,"Јер не примисте духа ропства, да се опет бојите; него примисте Духа усиновљења, којим вичемо: Ава, Оче!"
Римљанима,8,16,Овај Дух свједочи нашему духу да смо дјеца Божија.
Римљанима,8,17,"А кад смо дјеца, и насљедници смо: насљедници, дакле, Божији а сунасљедници Христови; пошто с њим страдамо да се с њим и прославимо."
Римљанима,8,18,Јер мислим да страдања садашњега времена нису ништа према слави која ће нам се открити.
Римљанима,8,19,Јер жарким ишчекивањем творевина очекује да се јаве синови Божији.
Римљанима,8,20,"Јер се твар покори таштини, не од своје воље, него због онога који је покори, са надом"
Римљанима,8,21,Да ће се и сама твар ослободити од робовања пропадљивости на слободу славе дјеце Божије.
Римљанима,8,22,Јер знамо да сва твар заједно уздише и тугује до сада.
Римљанима,8,23,"А не само она, него и ми који прве дарове Духа имамо, и ми сами у себи уздишемо чекајући усиновљење, избављење тијела нашега."
Римљанима,8,24,"Јер се надом спасосмо. А нада која се види није нада. Јер кад ко види нешто, како и да се нада?"
Римљанима,8,25,"Ако ли се надамо ономе што не видимо, чекамо са стрпљењем."
Римљанима,8,26,"А такође нам и Дух помаже у нашим немоћима: јер не знамо шта ћемо се молити као што треба, него сам Дух се моли за нас уздисајима неизрецивим."
Римљанима,8,27,"А Онај што испитује срца, зна шта је жеља Духа, јер по вољи Божијој посредује за свете."
Римљанима,8,28,"А знамо да онима који љубе Бога све помаже на добро, њима који су позвани по намјери;"
Римљанима,8,29,"Јер које унапријед позна, унапријед и одреди, да буду саобразни лику Сина његова, да он буде Прворођени међу многом браћом."
Римљанима,8,30,"А које унапријед одреди, оне и призва; а које призва оне и оправда; а које оправда оне и прослави."
Римљанима,8,31,"Шта ћемо, дакле, рећи на ово? Ако је Бог с нама, ко ће против нас?"
Римљанима,8,32,"Он који свога Сина не поштедје, него га предаде за све нас, како да нам с њиме и све не дарује?"
Римљанима,8,33,Ко ће оптужити изабране Божије? Бог је онај који оправдава.
Римљанима,8,34,"Ко ће осудити? Христос је онај који умрије, па још и васкрсе, који је и с десне стране Богу, који и посредује за нас."
Римљанима,8,35,"Ко ће нас раставити од љубави Христове? Жалост или тјескоба, или гоњење, или глад, или голотиња, или опасност, или мач?"
Римљанима,8,36,"Као што је написано: Ради тебе нас убијају ваздан, сматрају нас овцама за клање."
Римљанима,8,37,Али у свему овоме побјеђујемо кроз Онога који нас је заволио.
Римљанима,8,38,"Јер сам увјерен да нас ни смрт, ни живот, ни анђели, ни поглаварства, ни силе, ни садашњост, ни будућност,"
Римљанима,8,39,"Ни висина, ни дубина, нити икаква друга твар неће моћи одвојити од љубави Божије, која је у Христу Исусу Господу нашем."
Римљанима,9,1,"Истину говорим у Христу, не лажем, то ми свједочи савјест моја Духом Светим,"
Римљанима,9,2,Да ми је врло жао и срце ме моје боли без престанка;
Римљанима,9,3,"Јер бих желео да ја сам будем одлучен од Христа за браћу своју, сроднике моје по тијелу,"
Римљанима,9,4,"Који су Израиљци, чије је усиновљење и слава и завјети и закон и богослужење и обећања,"
Римљанима,9,5,"Чији су и оци, и од којих је Христос по тијелу, који је над свима Бог благословени у вијекове. Амин."
Римљанима,9,6,Али не као да је пропала ријеч Божија. Јер нису сви Израиљци који су од Израиља;
Римљанима,9,7,"Нити су сви дјеца који су од сјемена Авраамовог, него: У Исаку ће ти се назвати сјеме."
Римљанима,9,8,"То јест, нису оно дјеца Божија што су по тијелу дјеца, него се дјеца обећања рачунају у сјеме."
Римљанима,9,9,Јер је ово ријеч обећања: У ово вријеме доћи ћу и у Саре ће бити син.
Римљанима,9,10,"А не само она, него и Ревека која заче од једнога, од Исака оца нашега."
Римљанима,9,11,"Јер док још дјеца не бијаху рођена, ни учинила добра ни зла, да остане онако како је Бог по избору одредио,"
Римљанима,9,12,"Не због дјела, него због Онога који призива, рече јој се: Већи ће служити мањему."
Римљанима,9,13,"Као што је написано: Јакова завољех, а Исава омрзох."
Римљанима,9,14,"Шта ћемо, дакле, рећи? Зар има неправде код Бога? Никако!"
Римљанима,9,15,"Јер Мојсеју вели: Помиловаћу кога помилујем, и сажалићу се на кога се сажалим."
Римљанима,9,16,"Тако, дакле, није ни до онога који хоће, ни до онога који трчи, него до Бога који милује."
Римљанима,9,17,"Јер Писмо говори Фараону: Баш за то те подигох да на теби покажем силу своју, и да се разгласи име моје по свој земљи."
Римљанима,9,18,"Тако, дакле, кога хоће помилује, а кога хоће отврдоглави."
Римљанима,9,19,Рећи ћеш ми: Зашто онда укорава? Јер ко се супротставио вољи његовој?
Римљанима,9,20,"А ко си ти, о човјече, да се препиреш са Богом? Зар рукотворина говори мајстору своме: зашто си ме тако начинио?"
Римљанима,9,21,"Или зар лончар нема власти над глином, да од исте смесе начини један суд за част, а други за срам?"
Римљанима,9,22,"А шта ако Бог, хотећи да покаже гњев свој и да објави моћ своју, поднесе са великим стрпљењем сасуде гњева, који су спремљени за пропаст,"
Римљанима,9,23,"Да би објавио богатство славе своје на сасудима милости, које приправи за славу,"
Римљанима,9,24,"Нас које и призва, не само од Јудејаца него и од незнабожаца."
Римљанима,9,25,"Као што и говори код Осије: Назваћу народом својим народ који није мој, и немилу милом;"
Римљанима,9,26,"И биће да на мјесту гдје им је било речено: Ви нисте мој народ, тамо ће се назвати синови Бога живога."
Римљанима,9,27,"А Исаија виче за Израиљ: Ако буде број синова Израиљевих као пијесак морски, остатак ће се спасти."
Римљанима,9,28,"Јер ће извршити брзо ријеч своју по правди, извршиће Господ брзо ријеч своју на земљи."
Римљанима,9,29,"И као што прорече Исаија: Да нам Господ Саваот није оставио сјеме, постали бисмо као Содом и слични Гомору."
Римљанима,9,30,"Шта ћемо, дакле, рећи? Да незнабошци који не тражише праведност постигоше праведност, али праведност од вјере;"
Римљанима,9,31,А Израиљ тражећи закон праведности не постиже закона праведности.
Римљанима,9,32,"Зашто? Зато што не тражаше од вјере, него од Дјела закона. Јер се спотакоше о Камен спотицања"
Римљанима,9,33,Као што је написано: Ево стављам у Сиону Камен спотицања и Стијену саблазни; и сваки који у Њега вјерује неће се постидјети.
Римљанима,10,1,"Браћо, жеља је срца мога и молитва Богу за Израиљ да се спасе."
Римљанима,10,2,"Јер им свједочим да имају ревност за Бога, али не по разуму."
Римљанима,10,3,"Јер не познајући правде Божије и настојећи да своју правду утврде, не покорише се правди Божијој."
Римљанима,10,4,Јер је Христос завршетак јакона за оправдање сваком који вјерује.
Римљанима,10,5,Јер Мојсеј пише за праведност која је од закона: Човјек који то чини живјеће у томе.
Римљанима,10,6,А праведност која је од вјере овако говори: Да не речеш у срцу своме: Ко ће се попети на небо? то јест да сведе Христа;
Римљанима,10,7,"Или: Ко ће сићи у бездан? то јест, да изведе Христа из мртвих."
Римљанима,10,8,"Али шта говори (Писмо)? Близу ти је ријеч у устима твојима и у срцу твоме, то јест ријеч вјере коју проповиједамо."
Римљанима,10,9,"Јер ако исповиједаш устима својим да је Исус Господ, и вјерујеш у срцу својему да га Бог подиже из мртвих, бићеш спасен."
Римљанима,10,10,"Јер се срцем вјерује за праведност, а устима се исповиједа за спасење."
Римљанима,10,11,Јер Писмо говори: Сваки који вјерује у Њега неће се постидјети.
Римљанима,10,12,"Јер нема разлике између Јудејца и Јелина; јер је исти Господ свију, богат за све који га призивају."
Римљанима,10,13,Јер сваки који призове Име Господње биће спасен.
Римљанима,10,14,"Како ће, дакле, призвати Онога у кога не повјероваше? Како ли ће поверовати у Онога за кога не чуше? А како ће чути без проповједника?"
Римљанима,10,15,"А како ће проповиједати ако не буду послани? Као што је написано: Како су красне ноге оних који благовијесте мир, који благовијесте добро!"
Римљанима,10,16,"Али сви не послушаше Јеванђеље; јер Исаија говори: Господе, ко вјерова проповиједи нашој?"
Римљанима,10,17,"И тако вјера бива од проповиједи, а проповијед од ријечи Божије."
Римљанима,10,18,"Али велим: Зар не чуше? Свакако: По свој земљи отиде глас њихов, и до крајева васељене ријечи њихове."
Римљанима,10,19,"Него велим: Зар не разумје Израиљ? Први Мојсеј говори: Ја ћу вас на суревњивост покренути кроз оне који нису народ, неразумним народом расрдићу вас."
Римљанима,10,20,"А Исаија говори смјело: Нађоше ме који ме не траже, јавих се онима који не питају за мене."
Римљанима,10,21,А Израиљу говори: Ваздан пружах руке своје према народу непослушном и бунтовном.
Римљанима,11,1,"И кажем, дакле: Зар Бог одбаци народ свој? Никако! Јер сам и ја Израиљац, од сјемена Авраамова, од племена Венијаминова."
Римљанима,11,2,Не одбаци Бог народ свој. који унапријед позна. Или не знате шта говори Писмо за Илију како се тужи Богу на Израиља говорећи:
Римљанима,11,3,"Господе, пророке твоје побише и жртвенике твоје раскопаше, и ја остадох једини и траже живот мој."
Римљанима,11,4,"А шта му вели Божији одговор? Оставих себи седам хиљада људи, који не приклонише кољена пред Ваалом."
Римљанима,11,5,"Тако, дакле, и у садашње вријеме постоји један остатак по избору благодати."
Римљанима,11,6,"Ако ли је по благодати, онда није од дјела, јер благодат већ не би била благодат; ако ли је од дјела, више није благодат, јер дјело већ не би било дјело."
Римљанима,11,7,"Шта. дакле? Оно што Израиљ тражи не постиже, а изабрани постигоше; остали пак окорјеше,"
Римљанима,11,8,"Као што је написано: Даде им Бог дух неосјетљивости, очи да не виде и уши да не чују до дана данашњега."
Римљанима,11,9,И Давид говори: Нека им буде трпеза њихова замка и клопка и саблазан и одмазда;
Римљанима,11,10,"Нека потамне очи њихове да не виде, и леђа њихова заувијек савиј!"
Римљанима,11,11,"Говорим, дакле: Посрнуше ли да отпадну? Никако! Него је њихов пад спасење незнабошцима, да би се и они подстакли на ревност."
Римљанима,11,12,"А ако је пад њихов богатство свијету и пораз њихов богатство незнабошцима, колико ли је више пуноћа њихова?"
Римљанима,11,13,"Јер говорим вама незнабошцима; пошто сам ја апостол незнабожаца, хвалим служење своје,"
Римљанима,11,14,Не бих ли како подстакао на ревност свој род и спасао неке од њих.
Римљанима,11,15,"Јер ако је одбацивање њихово помирење свијету, шта би било примање - ако не оживљење из мртвих?"
Римљанима,11,16,"Ако је квасац свет, то је и тијесто; и ако је коријен свет, то су и гране."
Римљанима,11,17,"Ако ли се неке гране одломише. и ти, који си дивља маслина, прицијепио си се на њих и постао заједничар коријена и сокова маслинових."
Римљанима,11,18,Не преузноси се над гранама; ако се пак узносиш. не носиш ти коријен него коријен тебе.
Римљанима,11,19,"Рећи ћеш, дакле: Одломише се гране, да се ја прицијепим."
Римљанима,11,20,"Добро! Невјеровањем се одломише, а ти вјером стојиш. Не поноси се, него се бој."
Римљанима,11,21,"Јер кад Бог природне гране не поштедје, неће можда ни тебе поштедјети."
Римљанима,11,22,"Види,дакле, доброту и строгост Божију: на онима што отпадоше строгост, а на теби доброту, ако останеш у доброти; иначе ћеш и ти бити одсјечен."
Римљанима,11,23,"А и они, ако не остану у невјеровању, биће прицијепљени, јер је Бог моћан да их опет прицијепи."
Римљанима,11,24,"Јер кад си ти одсјечен од маслине, по природи дивље, и прицијепио се, не по природи, на питому маслину, колико ће се прије, ови који су по природи, прицијепити на своју маслину?"
Римљанима,11,25,"Јер нећу, браћо, да ви не знате ову тајну, да не мудрујете сами по себи: дио Израиља отврдну, док не уђе пун број незнабожаца."
Римљанима,11,26,"И тако ће се спасти сав Израиљ, као што је написано: Доћи ће од Сиона Избавитељ и одвратиће безбожност од Јакова."
Римљанима,11,27,"И ово им је завјет од мене, када скинем гријехе њихове."
Римљанима,11,28,"По јеванђељу, дакле, непријатељи су вас ради; а по избору, мили су отаца ради."
Римљанима,11,29,Јер Бог се неће раскајати за своје дарове и призвање.
Римљанима,11,30,"Јер као што и ви некад не покоравасте се Богу, а сад сте помиловани због њихове непокорности,"
Римљанима,11,31,Тако се и они сада не покорише ради вашега помиловања да би и они били помиловани;
Римљанима,11,32,"Јер Бог затвори све у непокорност, да све помилује."
Римљанима,11,33,О дубино богатства и премудрости и разума Божијега! Како су неиспитиви судови његови и неистраживи путеви његови!
Римљанима,11,34,Јер ко познаде ум Господњи? Или ко му би савјетник?
Римљанима,11,35,"Или ко њему претходно даде, да му буде враћено?"
Римљанима,11,36,Јер је од њега и кроз њега и ради њега све. Њему слава у вијекове. Амин.
Римљанима,12,1,"Молим вас, дакле, браћо, ради милости Божије, да дате тјелеса своја у жртву живу, свету, угодну Богу, као своје духовно богослужење."
Римљанима,12,2,"И не саображавајте се овоме вијеку, него се преображавајте обновљењем ума свога, да искуством познате шта је добра и угодна и савршена воља Божија."
Римљанима,12,3,"Јер кроз благодат која ми је дата, говорим свакоме који је међу вама: да не мисли о себи више него што ваља мислити, него да мисли смиреноумно, сваки по мјери вјере како му је Бог удијелио."
Римљанима,12,4,"Јер као што у једном тијелу имамо многе уде, а сви уди немају исти посао,"
Римљанима,12,5,"Тако смо многи једно тијело у Христу, а појединачно уди смо једни другима."
Римљанима,12,6,"Имамо пак различите дарове по благодати која нам је дата: ако је пророштво, нека је по мјери вјере;"
Римљанима,12,7,"Ако је служба, нека је у служењу; учитељство, нека је у учењу;"
Римљанима,12,8,"Ако је тјешитељ, нека тјеши; који даје, нека даје искрено; који управља, нека је ревностан; који чини милостињу, нека чини радосно."
Римљанима,12,9,Љубав да не буде лицемјерна. Мрзећи зло држите се добра.
Римљанима,12,10,У братољубљу будите једни према другима њежни; чашћу чините једни друге већим од себе.
Римљанима,12,11,У ревности не будите лијени: будите духом ватрени; Господу служите.
Римљанима,12,12,"Будите у нади радосни У невољи трпељиви, у молитви постојани."
Римљанима,12,13,Помажите светима у потребама; будите гостољубиви.
Римљанима,12,14,"Благосиљајте оне који вас гоне, благосиљајте а не куните."
Римљанима,12,15,"Радујте се са радоснима, и плачите са онима који плачу."
Римљанима,12,16,"Будите једне мисли међу собом. Немојте гордо мислити, него се дружите са смиренима. Не сматрајте сами себе мудрим."
Римљанима,12,17,Никоме не узвраћајте зло за зло; настојте добро чинити пред свима људима.
Римљанима,12,18,"Ако је могуће, колико до вас стоји, имајте мир са свима људима."
Римљанима,12,19,"Не чините освету за себе, љубљени, него подајте мјесто гњеву (Божијем), јер је написано: Моја је освета ја ћу вратити, говори Господ."
Римљанима,12,20,"Ако је, дакле, гладан непријатељ твој, нахрани га; ако је жедан, напој га; јер то чинећи згрнућеш живо угљевље на главу његову."
Римљанима,12,21,"Не дај да те зло побједи, него побиједи зло добрим."
Римљанима,13,1,"Свака душа да се покорава властима које владају, јер нема власти да није од Бога, а власти што постоје од Бога су установљене."
Римљанима,13,2,"Зато ко се противи власти, противи се уредби Божијој а који се противе примиће осуду на себе."
Римљанима,13,3,"Јер старјешине нису страх за добра дјела него за зла. Хоћеш ли пак да се не бојиш власти? Чини добро и имаћеш похвалу од ње,"
Римљанима,13,4,"Јер је слуга Божији теби за добро. Ако ли зло чиниш бој се, јер не носи мача узалуд, јер је Божији слуга осветник, да излије гњев на онога који зло чини."
Римљанима,13,5,"Зато је потребно покоравати се не само због гњева, него и због савјести"
Римљанима,13,6,"Јер због тога и порезе плаћате, јер су службеници божији који се тиме стално баве."
Римљанима,13,7,"Подајте, дакле, свакоме што сте дужни: коме порезу - порезу, коме царину - царину, коме страх - страх, коме част - част."
Римљанима,13,8,Не будите никоме ништа дужни осим да љубите један другога; јер који љуби другога испунио је закон.
Римљанима,13,9,"Јер оно: Не чини прељубу, не убиј, не укради, не свједочи лажно, не пожели, и било која друга заповијест, испуњава се у овој ријечи: Љуби ближњега својега као себе самога."
Римљанима,13,10,"Љубав не чини зла ближњему; љубав је, дакле, пуноћа закона."
Римљанима,13,11,"И ово тим прије што знате вријеме, да је већ час да устанемо од сна, јер нам је сада спасење ближе него кад повјеровасмо."
Римљанима,13,12,"Ноћ поодмаче, а дан се приближи. Одбацимо, дакле, дјела таме и обуцимо се у оружје свјетлости."
Римљанима,13,13,"Да ходимо поштено као по дану: не у пировању и пијанству, не у разврату и бестидности, не у свађи и зависти."
Римљанима,13,14,Него се обуците у Господа Исуса Христа; и старање за тијело не претварајте у похоте.
Римљанима,14,1,"А слабога у вјери примајте, без расправљања о мишљењима."
Римљанима,14,2,"Јер један вјерује да смије све јести, а који је слаб једе зеље."
Римљанима,14,3,"Који једе нека не презире онога који не једе; и који не једе нека не осуђује онога који једе, јер га Бог прими."
Римљанима,14,4,"Ко си ти што осуђујеш туђега слугу? Својему господару он стоји или пада. Али ће стајати, јер је Бог моћан да га усправи."
Римљанима,14,5,"Тако један разликује дан од дана, а други држи све дане да су једнаки. Сваки нека је освједочен у уму своме."
Римљанима,14,6,"Који разликује дане. Господу разликује, а који не разликује дане, Господу не разликује. Који једе Господу једе, јер благодари Богу; и који не једе, Господу не једе и благодари Богу."
Римљанима,14,7,"Јер нико од нас не живи самоме себи, и нико не умире самоме себи:"
Римљанима,14,8,"Јер ако живимо, Господу живимо; ако ли умиремо, Господу умиремо. Дакле, и кад живимо и кад умиремо, Господњи смо."
Римљанима,14,9,Јер зато Христос и умрије и васкрсе и оживи да овлада и мртвима и живима.
Римљанима,14,10,"А ти. зашто осуђујеш брата свога? Или ти, зашто ниподаштаваш брата свога? Јер ћемо сви предстати суду Христовом."
Римљанима,14,11,"Јер је писано: Жив сам ја, говори Господ, поклониће ми се свако кољено, и сваки језик исповиједиће Бога."
Римљанима,14,12,"Дакле, сваки ће од нас дати Богу одговор за себе."
Римљанима,14,13,"Зато да не осуђујемо више један другога, него се више о томе старајте да не постављате брату спотицање или саблазан."
Римљанима,14,14,"Знам и увјерен сам у Господу Исусу да ништа није нечисто по себи, осим кад ко мисли да је што нечисто, ономе је нечисто."
Римљанима,14,15,"Ако ли се брат твој због јела жалости, већ не поступаш по љубави; не губи јелом својим онога за кога Христос умрије."
Римљанима,14,16,"Нека се, дакле, не хули на вашс добро."
Римљанима,14,17,"Јер Царство Божије није јело ни пиће, него праведност и мир и радост у Духу Светоме."
Римљанима,14,18,"Јер који овим служи Христу, угодан је Богу и људима вриједан."
Римљанима,14,19,"Старајмо се, дакле, за оно што доприноси миру, и узајамном напретку."
Римљанима,14,20,"Не руши дјело Божије због јела, јер је све чисто; него је зло за човјека који једе са спотицањем."
Римљанима,14,21,Добро је не јести меса и не пити вина и не чинити оно на шта се брат твој спотиче или саблажњава или слаби.
Римљанима,14,22,Ти имаш вјеру? Имај је сам за себе пред Богом. Блажен је онај ко не осуђује себе за оно што нађе за добро.
Римљанима,14,23,"А који сумња осуђен је ако једе, јер не чини по вјери: а све што није од вјере гријех је."
Римљанима,15,1,"Дужни смо пак ми јаки слабости слабих носити, и не себи угађати."
Римљанима,15,2,Сваки од нас нека угађа ближњему на добро ради напретка.
Римљанима,15,3,"Јер и Христос не угоди себи, него као што је писано: Ружења оних који руже тебе падоше на мене."
Римљанима,15,4,"Јер што се раније написа за нашу се поуку написа, да кроз трпљење и утјехом Писма имамо наду."
Римљанима,15,5,"А Бог трпљења и утјехе нека вам да исто да мислите међу собом по Христу Исусу,"
Римљанима,15,6,"Да би једнодушно, једним устима славили Бога и Оца Господа нашега Исуса Христа."
Римљанима,15,7,Зато примајте један другога. као што је и Христос примио вас на славу Божију.
Римљанима,15,8,"Али кажем, да је Исус Христос био слуга обрезања истине ради Божије, да утврди обећања оцима."
Римљанима,15,9,"А незнабошци да прославе Бога због милости. као што је написано: Зато ћу те признати међу незнабошцима, Господе, и пјеваћу имену твојему."
Римљанима,15,10,"И опет говори: Веселите се незнабошци, с народом његовим."
Римљанима,15,11,"И опет: Хвалите Господа сви незнабошци, и славите га сви народи."
Римљанима,15,12,"И опет Исаија говори: Биће коријен Јесејев, и који устаде да влада над незнабошцима, у њега ће се уздати незнабошци."
Римљанима,15,13,"А Бог наде да вас испуни сваком радошћу и миром у вјери, да изобилујете у нади силом Духа Светога."
Римљанима,15,14,"А ја сам, браћо моја, и сам увјерен у вас, да сте и сами пуни доброте, испуњени сваког знања, да можете и једни друге поучавати."
Римљанима,15,15,"А писах вам, браћо, мало смјелије, као напомињући вам по благодати која ми је дата од Бога,"
Римљанима,15,16,"Да будем служитељ Исуса Христа међу незнабошцима свештенослужећи јеванђељу Божијему, да принос незнабожаца буде благоугодан, освећен Духом Светим."
Римљанима,15,17,"Имам, дакле, хвалу у Христу Исусу у ономе што је по Богу;"
Римљанима,15,18,"Јер се нећу усудити да говорим нешто што Христос није учинио кроза ме ријечју и дјелом за послушност незнабожаца,"
Римљанима,15,19,"У сили знакова и чудеса, у сили Духа Божијега; тако да сам од Јерусалима и наоколо све до Илирика испунио јеванђељем Христовим;"
Римљанима,15,20,"И тако се старах да ширим јеванђеље, не тамо гдје име Христово бјеше познато, да не зидам на туђем темељу;"
Римљанима,15,21,"Него као што је писано: Којима се не јави за њега, видјеће: и који нијесу чули, разумјеће."
Римљанима,15,22,Зато и много пута бијах спријечен да дођем к вама;
Римљанима,15,23,"А сад више немајући мјеста у овим крајевима, а имајући жељу од много година да дођем к вама,"
Римљанима,15,24,"Кад пођем у Шпанију, доћи ћу вам: јер се надам да ћу вас у пролазу видјети, и ви ћете ме отпратити онамо кад се најприје бар донекле наситим вас."
Римљанима,15,25,А сад идем у Јерусалим служећи светима.
Римљанима,15,26,Јер Македонија и Ахаја добровољно одлучише да скупе неки заједнички прилог за сиромахе међу светима у Јерусалиму.
Римљанима,15,27,"Добровољно одлучише, али и дужни су им; јер кад незнабошци постадоше учесници у њиховим духовним добрима. дужни су и они њима у тјелесним потребама послужити."
Римљанима,15,28,"Кад ово, дакле, свршим, и овај им плод предам, поћи ћу у Шпанију преко вас."
Римљанима,15,29,"А знам да кад дођем к вама, доћи ћу у пуноћи благослова јеванђеља Христова."
Римљанима,15,30,"Али вас молим, браћо, ради Господа нашег Исуса Христа, и ради љубави Духа, да ми будете саборци молитвама Богу за мене;"
Римљанима,15,31,"Да се избавим од непокорних у Јудеји, и да служење моје за Јерусалим буде по вољи светима;"
Римљанима,15,32,"Да с радошћу дођем к вама, по вољи Божијој, и да се успокојим с вама."
Римљанима,15,33,А Бог мира нека је са свима вама. Амин.
Римљанима,16,1,"Препоручујем вам пак Фиву сестру нашу, која је служитељица цркве у Кенхреји,"
Римљанима,16,2,"Да је примите у Господу као што приличи светима. и да јој будете у помоћи у свакој ствари коју од вас затреба; јер је и она многима помогла, и мени самоме."
Римљанима,16,3,"Поздравите Прискилу и Акилу, сараднике моје у Христу Исусу,"
Римљанима,16,4,"Који за мој живот своје вратове положише, којима не захваљујем само ја, него и све Цркве из незнабожаца; поздравите и домаћу цркву њихову."
Римљанима,16,5,"Поздравите милог ми Епенета, који је првенац Ахаје у Христу."
Римљанима,16,6,"Поздравите Марију, која се много трудила за нас."
Римљанима,16,7,"Поздравите Андроника и Јунију, сроднике моје, и са-патнике моје у сужањству, који су знаменити међу апостолима, који и прије мене повјероваше у Христа."
Римљанима,16,8,"Поздравите Амплија, љубљеног ми у Господу."
Римљанима,16,9,"Поздравите Урбана, сарадника нашега у Христу, и мога милога Стахија."
Римљанима,16,10,"Поздравите Апелија, прекаљеног у Христу. Поздравите Аристовулове."
Римљанима,16,11,"Поздравите Иродиона, сродника мојега. Поздравите Наркисове, који су у Господу."
Римљанима,16,12,"Поздравите Трифену и Трифосу, које се труде у Господу. Поздравите драгу Персиду. која се много трудила у Господу."
Римљанима,16,13,"Поздравите Руфа изабраног у Господу, и матер његову и моју."
Римљанима,16,14,"Поздравите Асинкрита, Флегонта, Ерма, Патрова, Ермија, и браћу која су с њима."
Римљанима,16,15,"Поздравите Филолога и Јулију, Ниреја и сестру његову, и Олимпа, и све свете који су с њима."
Римљанима,16,16,Поздравите један другога цјеливом светим. Поздрављају вас Цркве Христове.
Римљанима,16,17,"Молим вас пак, браћо, да пазите на оне који чине раздоре и саблазни против науке коју ви научисте, и клоните их се;"
Римљанима,16,18,"Јер такви не служе Господу нашему Исусу Христу него својему трбуху, и благим и ласкавим ријечима варају срца незлобивих."
Римљанима,16,19,"А ваша се послушност разгласи свуда. Зато се радујем због вас: али хоћу да сте ви мудри за добро, а безазлени за зло."
Римљанима,16,20,А Бог мира брзо ће сатријети сатану под ноге ваше. Благодат Господа нашега Исуса Христа с вама.
Римљанима,16,21,"Поздрављају вас Тимотеј, сарадник мој, и Лукије и Јасон и Сосипатар, сродници моји."
Римљанима,16,22,"Поздрављам вас у Господу и ја Тертије, који написах ову посланицу."
Римљанима,16,23,"Поздравља вас Гај, домаћин мој и цијеле Цркве. Поздравља вае Ераст, благајник градски, и брат Кварт."
Римљанима,16,24,Благодат Господа нашега Исуса Христа са свима вама. Амин.
Римљанима,16,25,"А Ономе који вас може утврдити по јеванђељу мојему и проповиједи Исуса Христа, по откривењу тајне о којој се ћутало од вјечних времена,"
Римљанима,16,26,"А сад објављене и кроз списе пророчке, по заповијести вјечнога Бога, обзнањене свима незнабошцима за послушност вјери,"
Римљанима,16,27,"Јединоме премудроме Богу, кроз Исуса Христа, њему слава у вјекове. Амин."
1. Коринћанима,1,1,"Павле, вољом Божијом позвани апостол Исуса Христа, и брат Состен,"
1. Коринћанима,1,2,"Цркви Божијој која је у Коринту, освећенима у Христу Исусу, позванима светима, са свима који на сваком мјесту призивају име Господа нашега Исуса Христа, њиховога и нашега:"
1. Коринћанима,1,3,Благодат вам и мир од Бога Оца нашега и Господа Исуса Христа.
1. Коринћанима,1,4,"Благодарим непрестано Богу мојему за вас, на благодати Божијој која вам је дата у Христу Исусу,"
1. Коринћанима,1,5,"Што се у свему обогатисте у њему, у свакој ријечи и сваком знању,"
1. Коринћанима,1,6,Као што се свједочанство Христово утврди у вама;
1. Коринћанима,1,7,"Тако да не оскудијевате ни у једном благодатном дару, ви који чекате откривење Господа нашега Исуса Христа,"
1. Коринћанима,1,8,Који ће вас и утврдити до краја да будете беспрекорни на дан Господа нашега Исуса Христа.
1. Коринћанима,1,9,"Вјеран је Бог који вас позва у заједницу Сина својега Исуса Христа, Господа нашега."
1. Коринћанима,1,10,"Молим вас пак, браћо, именом Господа нашега Исуса Христа да сви исто говорите, и да не буду међу вама раздори, него да будете утврђени у истом разуму и истој мисли."
1. Коринћанима,1,11,"Јер сам чуо за вас, браћо моја, од Хлојиних, да су међу вама свађе."
1. Коринћанима,1,12,"А ово кажем зато што сваки од вас говори: Ја сам Павлов, а ја Аполов, а ја Кифин, а ја Христов."
1. Коринћанима,1,13,Зар се Христос раздијели? Да се Павле не разапе за вас? Или се у име Павлово крстисте?
1. Коринћанима,1,14,"Благодарим Богу што не крстих ни једнога од вас осим Криспа и Гаја,"
1. Коринћанима,1,15,Да не би ко рекао да у име своје крстих.
1. Коринћанима,1,16,А крстих и дом Стефанинов; даље не знам да ли неког другог крстих.
1. Коринћанима,1,17,"Јер ме Христос не посла да крштавам, него да проповиједам јеванђеље, не мудрим ријечима, да се не обеснажи крст Христов."
1. Коринћанима,1,18,"Јер је ријеч о крсту лудост онима који гину, а сила Божија нама који се спасавамо."
1. Коринћанима,1,19,"Јер је написано: Погубићу мудрост мудрих, и разум разумних одбацићу."
1. Коринћанима,1,20,Гдје је мудрац? Гдје књижевник? Гдје препирач овога вијека? Зар не претвори Бог мудрост овога свијета у лудост?
1. Коринћанима,1,21,"Пошто, дакле, у премудрости Божијој свијет мудрошћу не позна Бога, изволи се Богу да лудошћу проповиједи спасе оне који вјерују."
1. Коринћанима,1,22,"Јер и Јудејци ишту знаке, и Јелини траже мудрост."
1. Коринћанима,1,23,"А ми проповиједамо Христа распетога, Јудејцима саблазан, а Јелинима лудост;"
1. Коринћанима,1,24,"Онима пак позванима, и Јудејцима и Јелинима, Христа, Божију силу и Божију премудрост."
1. Коринћанима,1,25,"Јер је лудост Божија мудрија од људи, и слабост је Божија јача од људи."
1. Коринћанима,1,26,"Јер гледајте, браћо, на вас позване: нема ту ни много мудрих по тијелу, ни много моћних, ни много племенита рода;"
1. Коринћанима,1,27,Него што је лудо пред свијетом оно изабра Бог да посрами мудре; и што је слабо пред свијетом оно изабра Бог да посрами јаке;
1. Коринћанима,1,28,"И што је неплеменито пред свијетом и понижено изабра Бог, и оно што је ништавно, да уништи оно што јесте,"
1. Коринћанима,1,29,Да се не похвали ни једно тијело пред Богом.
1. Коринћанима,1,30,"Из Њега сте и ви у Христу Исусу, који нам постаде премудрост од Бога и праведност и освећење и избављење."
1. Коринћанима,1,31,Да буде као што је написано: Ко се хвали нека се Господом хвали.
1. Коринћанима,2,1,"И ја дошавши к вама, браћо, не дођох с високом ријечи или мудрошћу да вам јавим свједочанство Божије."
1. Коринћанима,2,2,"Јер расудих да не знам међу вама ишта сем Исуса Христа, и то распетога."
1. Коринћанима,2,3,"И ја бијах међу вама у слабости и у страху и у великом трепету,"
1. Коринћанима,2,4,"И ријеч моја и проповијед моја не би у убједљивим ријечима људске мудрости, него у показивању Духа и силе."
1. Коринћанима,2,5,Да вјера ваша не буде у мудрости људској него у сили Божијој.
1. Коринћанима,2,6,"А мудрост говоримо међу савршенима, али не мудрост овога вијека, ни кнезова овога вијека који су пролазни;"
1. Коринћанима,2,7,"Него говоримо премудрост Божију у тајни сакривену, коју предодреди Бог прије вијекова за славу нашу,"
1. Коринћанима,2,8,Коју ни један од кнезова овога вијека није познао; јер да су је познали не би Господа славе разапели.
1. Коринћанима,2,9,"Него као што је написано: Што око не видје, и ухо не чу, и у срце човјеку не дође, оно припреми Бог онима који га љубе."
1. Коринћанима,2,10,"А нама Бог откри Духом својим; јер Дух све испитује, и дубине Божије."
1. Коринћанима,2,11,Јер ко од људи зна шта је у човјеку осим духа човјекова који је у њему? Тако и шта је у Богу нико не зна осим Духа Божијега.
1. Коринћанима,2,12,"А ми не примисмо духа овога свијета, него Духа који је од Бога, да знамо што нам је даровано од Бога;"
1. Коринћанима,2,13,"Што и говоримо, не ријечима наученим од људске мудрости, него наученим од Духа Светог; духовно духовним доказујући."
1. Коринћанима,2,14,"А тјелесни човјек не прима што је од Духа Божијега, јер му је лудост, и не може да разумије, јер се то испитује духовно."
1. Коринћанима,2,15,"Духован пак све испитује, а њега самог нико не испитује."
1. Коринћанима,2,16,Јер ко познаде ум Господњи да би га поучио? А ми имамо ум Христов.
1. Коринћанима,3,1,"И ја, браћо, не могох вам говорити као духовнима него као тјелеснима, као малој дјеци у Христу."
1. Коринћанима,3,2,"Млијеком вас напојих а не јелом, јер још не могосте. Али ни сад још не можете,"
1. Коринћанима,3,3,"Пошто сте још тјелесни. Јер све док је међу вама завист и неслога и раздори, зар нисте тјелесни и зар се не владате по човјеку?"
1. Коринћанима,3,4,"Јер кад неко говори: Ја сам Павлов, а други ја сам Аполов, зар нисте тјелесни?"
1. Коринћанима,3,5,"Ко је, дакле, Павле, а ко Аполос, до служитељи кроз које повјеровасте, и то како Господ свакоме даде?"
1. Коринћанима,3,6,"Ја посадих, Аполос зали, али Бог учини да узрасте."
1. Коринћанима,3,7,"Тако нити је што онај који сади, ни онај који залијева, него Бог који чини да расте."
1. Коринћанима,3,8,"А онај који сади и онај који залијева једно су, и сваки ће примити своју плату према своме труду."
1. Коринћанима,3,9,"Јер ми смо Божији сарадници, а ви сте Божија њива, Божија грађевина."
1. Коринћанима,3,10,"По благодати Божијој која ми је дата, ја сам као мудар неимар поставио темељ, а други зида на њему; али сваки нека гледа како зида."
1. Коринћанима,3,11,"Јер темеља другога нико не може поставити осим постојећег, који је Исус Христос."
1. Коринћанима,3,12,"Ако ли ко зида на овоме темељу злато, сребро, драго камење, дрва, сијено, сламу,"
1. Коринћанима,3,13,"Свачије ће дјело изићи на видјело; јер ће Дан показати, јер ће се огњем открити, и свачије ће се дјело огњем испитати какво је."
1. Коринћанима,3,14,"Ако остане чије дјело што је назидао, примиће плату;"
1. Коринћанима,3,15,"Ако чије дјело изгори, биће оштећен, а сам ће се спасти, но тако као кроз огањ."
1. Коринћанима,3,16,Не знате ли да сте храм Божији и да Дух Божији обитава у вама?
1. Коринћанима,3,17,"Ако неко разара храм Божији, разориће њега Бог; јер је храм Божији свет, а то сте ви."
1. Коринћанима,3,18,"Нико нека се не вара: ако неко међу вама мисли да је мудар у овоме вијеку, нека буде луд да би био мудар."
1. Коринћанима,3,19,Јер је мудрост овога свијета лудост пред Богом; јер је написано: Он хвата мудре у њиховом лукавству.
1. Коринћанима,3,20,И опет: Господ зна помисли мудрих да су ништавне.
1. Коринћанима,3,21,"Зато нека се нико не поноси људима, јер све је ваше:"
1. Коринћанима,3,22,"Био Павле, или Аполос, или Кифа, или свијет, или живот, или смрт, или садашње, или будуће, све је ваше,"
1. Коринћанима,3,23,"А ви сте Христови, а Христос Божији."
1. Коринћанима,4,1,Тако да нас људи сматрају као слуге Христове и управитеље тајни Божијих.
1. Коринћанима,4,2,"А од управитеља се, дакле, тражи да се сваки нађе вјеран."
1. Коринћанима,4,3,А ја најмање марим што ме судите ви или човјечији дан; а ни сам себе не судим.
1. Коринћанима,4,4,"Јер не осјећам ништа на својој савјести, али зато нисам оправдан; а онај који ме суди јесте Господ."
1. Коринћанима,4,5,"Зато не судите ништа прије времена, докле не дође Господ, који ће и освијетлити што је сакривено у тами и објавити намјере срца; и тада ће бити свакоме похвала од Бога."
1. Коринћанима,4,6,"А ово, браћо моја, примијених на себе и Апола ради вас, да се од нас научите не мудровати више од онога што је написано, да се не би ради некога надимали један на другога."
1. Коринћанима,4,7,"Јер ко те истиче? Шта ли имаш што ниси примио? А ако си примио, што се хвалиш као да ниси примио?"
1. Коринћанима,4,8,"Већ сте се наситили; већ се обогатисте; без нас се зацаристе. О, да се заиста зацаристе, да се и ми с вама зацаримо!"
1. Коринћанима,4,9,"Јер мислим да Бог нас апостоле показа посљедње, као на смрт осуђене; јер постасмо призор и анђелима и људима."
1. Коринћанима,4,10,"Ми луди Христа ради, а ви мудри у Христу; ми слаби, а ви јаки; ви славни, а ми презрени."
1. Коринћанима,4,11,"До овога часа подносимо и глад и жеђ и голотињу и ударце,и потуцамо се,"
1. Коринћанима,4,12,"И трудимо се радећи својим рукама. Кад нас грде, благосиљамо; кад нас гоне,трпимо;"
1. Коринћанима,4,13,"Кад хуле на нас, молимо; постасмо као сметлиште свијета, свима смеће до данас."
1. Коринћанима,4,14,"Не пишем ово да вас посрамим, него вас поучавам као своју милу дјецу."
1. Коринћанима,4,15,"Јер ако имате и хиљаде учитеља у Христу, али немате много отаца. Јер вас у Христу Исусу ја родих јеванђељем."
1. Коринћанима,4,16,"Молим вас, дакле, угледајте се на мене."
1. Коринћанима,4,17,"Зато вам послах Тимотеја, који ми је чедо љубљено и вјерно у Господу; он ће вас подсјетити на путеве моје који су у Христу Исусу, као што свуда у свакој цркви учим."
1. Коринћанима,4,18,Неки се надуше као да ја нећу доћи к вама.
1. Коринћанима,4,19,"Али ћу вам доћи ускоро, ако Господ хоће, и нећу гледати на ријеч оних надмених, него на силу;"
1. Коринћанима,4,20,Јер Царство Божије није у ријечи него у сили.
1. Коринћанима,4,21,Шта хоћете? Да дођем к вама са прутом или са љубављу и духом кротости?
1. Коринћанима,5,1,"Свуда се чује да је блуд међу вама, и то такав блуд какав се ни међу незнабошцима не помиње: да неко има жену оца свога."
1. Коринћанима,5,2,"И ви сте надувени, умјесто да плачете, да би се избацио између вас онај који је учинио то дјело."
1. Коринћанима,5,3,"Јер ја, одсутан тијелом но духом присутан, већ сам осудио, као да сам тамо, онога који је то тако учинио,"
1. Коринћанима,5,4,"У име Господа нашег Исуса Христа кад се саберете ви и мој дух, са силом Господа нашега Исуса Христа,"
1. Коринћанима,5,5,"Да се такав преда сатани на мучење тијела, да би се дух спасао у дан Господа Исуса."
1. Коринћанима,5,6,Није добро хвалисање ваше.
1. Коринћанима,5,7,"Одбаците, дакле, стари квасац, да буде ново тијесто, као што сте бесквасни. Јер и Пасха наша, Христос, жртвова се за нас."
1. Коринћанима,5,8,"Зато да празнујемо не у квасцу старом, ни у квасцу злоће и неваљалства, него у бесквасним хљебовима искрености и истине."
1. Коринћанима,5,9,Писах вам у посланици да се не мијешате са блудницима;
1. Коринћанима,5,10,"Али не уопште са блудницима овога свијета, или с користољупцима, или са отимачима, или са идолопоклоницима; јер бисте морали изићи из овога свијета."
1. Коринћанима,5,11,"А сад вам написах да се не мијешате с неким који се брат зове ако је блудник, или користољубац, или идолопоклоник, или опадач, или пијаница, или отимач; с таквим заједно и да не једете."
1. Коринћанима,5,12,Јер што да судим и онима који су напољу? Зар не судите ви онима који су унутра?
1. Коринћанима,5,13,А онима који су напољу судиће Бог. И избаците злога између вас самих.
1. Коринћанима,6,1,"Усуђује ли се неко од вас, имајући жалбу на другога, да се суди код неправедних а не код светих?"
1. Коринћанима,6,2,"Не знате ли да ће свети судити свијету? А ако ћете ви судити свијету, зар сте недостојни пресуђивања о ситницама?"
1. Коринћанима,6,3,"Не знате ли да ћемо анђелима судити, а камоли у стварима овога свијета?"
1. Коринћанима,6,4,"А ви кад имате суђења за ствари овога свијета, узимате за судије оне који у Цркви не значе ништа."
1. Коринћанима,6,5,На срамоту вама говорим. Зар нема међу вама ни једнога мудра који ће моћи пресудити међу браћом својом?
1. Коринћанима,6,6,"Него се брат са братом суди, и то код невјерних!"
1. Коринћанима,6,7,И то вам је већ сасвим на срамоту што имате парнице међу собом. Зашто радије не претрпите неправду? Зашто радије не поднесете штету?
1. Коринћанима,6,8,"Него ви чините неправду и наносите штету, и то браћи!"
1. Коринћанима,6,9,"Или не знате да неправедници неће наслиједити Царства Божијега? Не варајте се: ни блудници, ни идолопоклоници, ни прељубници, ни рукоблудници, ни мужеложници,"
1. Коринћанима,6,10,"Ни лакомци, ни лопови, ни пијанице, ни опадачи, ни отимачи, неће наслиједити Царство Божије."
1. Коринћанима,6,11,И такви бијасте неки; али се опрасте и посветисте и оправдасте именом Господа Исуса Христа и Духом Бога нашега.
1. Коринћанима,6,12,"Све ми је дозвољено, али све не користи; све ми је дозвољено, али не дам да ишта овлада мноме."
1. Коринћанима,6,13,"Јела су за стомак и стомак за јела, али ће Бог и једно и друго укинути. А тијело није за блуд него за Господа, и Господ за тијело."
1. Коринћанима,6,14,"А Бог и Господа васкрсе, и нас ће васкрснути силом својом."
1. Коринћанима,6,15,"Не знате ли да су тјелеса ваша удови Христови? Хоћу ли, дакле, узети удове Христове и од њих начинити удове блуднице? Никако!"
1. Коринћанима,6,16,"Или не знате, да ко се са блудницом свеже једно је тијело с њом? Јер је речено: Биће двоје једно тијело."
1. Коринћанима,6,17,"А ко се сједини са Господом, један је дух с Њиме."
1. Коринћанима,6,18,"Бјежите од блуда. Сваки гријех који човјек учини ван тијела је, а који блудничи своме тијелу гријеши."
1. Коринћанима,6,19,"Или не знате да је тијело ваше храм Светога Духа који је у вама, којега имате од Бога и нисте своји?"
1. Коринћанима,6,20,"Јер сте купљени скупо. Прославите. дакле, Бога тијелом својим и духом својим, јер су Божији."
1. Коринћанима,7,1,А за оно што ми писасте: добро је човјеку да се не дохвата жене.
1. Коринћанима,7,2,"Али због блуда сваки нека има своју жену, и свака нека има својега мужа."
1. Коринћанима,7,3,"Муж нека указује жени дужну љубав, тако и жена мужу."
1. Коринћанима,7,4,"Жена није господар од својега тијела, него муж; тако и муж није господар од својега тијела, него жена."
1. Коринћанима,7,5,"Не забрањујте се једно другоме, сем по договору привремено, да би се предали посту и молитви, па опет да се састанете, да вас сатана не искушава вашим неуздржањем."
1. Коринћанима,7,6,"Али ово говорим као мишљење, а не као заповијест."
1. Коринћанима,7,7,"Јер хоћу да сви људи буду као и ја, али сваки има сопствени дар од Бога, овај овако, онај онако."
1. Коринћанима,7,8,А неожењеним и удовицама велим: добро им је ако остану као и ја што сам.
1. Коринћанима,7,9,"Ако не могу да се уздржавају, нека се жене и удају; јер је боље женити се и удавати неголи упаљивати се."
1. Коринћанима,7,10,"А ожењеним и удатим заповиједам, не ја него Господ, да се жена од мужа не раздваја;"
1. Коринћанима,7,11,"Ако ли се пак и раздвоји, нека остане неудата, или нека се помири с мужем; и муж да не оставља жену."
1. Коринћанима,7,12,"А осталима говорим ја, а не Господ: Ако неки брат има жену невјерујућу и она се приволи да живи с њим, нека је не оставља."
1. Коринћанима,7,13,"И ако нека жена има мужа невјерујућег и он се приволи да живи с њом, нека га не оставља."
1. Коринћанима,7,14,"Јер се невјерујући муж посвети женом, и жена невјерујућа посвети се мужем; иначе дјеца ваша била би нечиста, а сада су света."
1. Коринћанима,7,15,"Ако ли се невјерујући раздваја, нека се раздвоји; брат или сестра у таквом случају нису ропски везани; јер на мир нас је позвао Бог."
1. Коринћанима,7,16,"Јер шта знаш, жено, можда ћеш спасти мужа? Или шта знаш, мужу, можда ћеш спасти жену?"
1. Коринћанима,7,17,"Само како Бог свакоме додијели, сваки како га је Господ призвао, онако нека живи. И тако заповиједам по свима Црквама."
1. Коринћанима,7,18,Је ли ко призван као обрезан? Нека се не гради необрезан. Је ли ко призван као необразан? Нека се не обрезује.
1. Коринћанима,7,19,"Обрезање није ништа, и необрезање није ништа, него држање заповијести Божијих."
1. Коринћанима,7,20,Сваки нека остане у ономе звању у коме је призван.
1. Коринћанима,7,21,"Јеси ли призван као роб? Немој да бринеш, него ако и можеш постати слободан, радије се стрпи."
1. Коринћанима,7,22,"Јер који је као роб призван у Господу, слободњак је Господњи; тако и који је призван као слободњак, роб је Христов."
1. Коринћанима,7,23,Купљени сте скупо; не будите робови људима.
1. Коринћанима,7,24,"Сваки, браћо, у чему је призван у ономе нека остане пред Богом."
1. Коринћанима,7,25,"А за дјевојке немам заповијести Господње, него дајем савјет, као онај који је стекао милост од Господа да је вјеродостојан."
1. Коринћанима,7,26,"Мислим, дакле, да је то добро због садашње невоље, да је добро човјеку овако бити."
1. Коринћанима,7,27,Јеси ли се привезао за жену? Не тражи да се раздријешиш. Јеси ли се одријешио од жене? Не тражи жену.
1. Коринћанима,7,28,"Ако ли се и ожениш, ниси сагријешио; и дјевојка ако се уда, није сагријешила. Али ће такви имати невољу тјелесну, а ја бих да вас поштедим."
1. Коринћанима,7,29,"А ово кажем, браћо, да је остало мало времена; од сада и они који имају жене да буду као да их немају,"
1. Коринћанима,7,30,"И који плачу као да не плачу, и који се радују као да се не радују, и који купују као да ништа немају,"
1. Коринћанима,7,31,И који овај свијет употребљавају као да га не употребљавају: јер пролази обличје овога свијета.
1. Коринћанима,7,32,"А ја хоћу да сте ви безбрижни. Ко је неожењен брине се за Господње, како ће угодити Господу;"
1. Коринћанима,7,33,"А ко је ожењен брине се за овосвјетско, како ће угодити жени."
1. Коринћанима,7,34,"Разликује се и жена од дјевојке. Која је неудата брине се за Господње, како ће угодити Господу, да буде света и тијелом и духом; а која је удата брине се за овосвјетско, како ће угодити мужу."
1. Коринћанима,7,35,"А ово говорим за вашу сопствену корист, не да вам наметнем замку, него за благообразно и истрајно служење Господу, у сабраности."
1. Коринћанима,7,36,"Ако ли пак неко мисли да је ружно за љегову дјевојку да буде неудата, и ако тако треба да буде, нека чини шта хоће, не гријеши, нека је уда."
1. Коринћанима,7,37,"А који је постојан у срцу, и није му нужда, а има власт над својом вољом, и ово је одлучио у срцу своме, да задржи своју дјевојку, добро чини."
1. Коринћанима,7,38,Тако и онај који удаје своју дјевојку добро чини; али који не удаје боље чини.
1. Коринћанима,7,39,"Жена је привезана законом за вријеме док јој живи муж; ако ли јој муж умре, слободна је за кога хоће да се уда, само у Господу."
1. Коринћанима,7,40,"Али је блаженија ако остане тако, по мојему мишљењу; а мислим да и ја имам Духа Божијега."
1. Коринћанима,8,1,"А о жртвама идолским познато нам је да сви имамо знање. Знање надима, а љубав изграђује."
1. Коринћанима,8,2,"Ако ли неко мисли да нешто зна, још ништа није сазнао као што треба знати."
1. Коринћанима,8,3,"А ако неко љуби Бога, тога је Бог познао."
1. Коринћанима,8,4,"Што се пак тиче једења идолских жртава, знамо да идол није ништа на свијету, и да нема ниједнога другога Бога осим једнога."
1. Коринћанима,8,5,"Јер ако и има такозваних богова, било на небу било на земљи, као што је много богова и много господа,"
1. Коринћанима,8,6,"Али ми имамо само једнога Бога Оца, од којега је све и за којега смо ми, и једнога Господа Исуса Христа, кроз којега је све и ми кроз њега."
1. Коринћанима,8,7,"Али сви немају то сазнање: јер неки, са савјешћу навиклом на идоле, до сада једу као идолску жртву, и њихова савјест, будући слаба, прља се."
1. Коринћанима,8,8,А јело нас не поставља пред Бога: јер нити добијамо ако једемо. нити губимо ако не једемо.
1. Коринћанима,8,9,А чувајте се да како ова ваша слобода не постане спотицање слабима.
1. Коринћанима,8,10,"Јер ако тебе, који имаш знање, види неко гдје сједиш за трпезом у идолском храму, неће ли се савјест његова. зато што је слаб, охрабрити да једе идолске жртве?"
1. Коринћанима,8,11,"И због твога знања пропада слаби брат, за којега Христос умрије."
1. Коринћанима,8,12,"А тако, гријешећи се о браћу и рањавајући њихову слабу савјест, о Христа се гријешите."
1. Коринћанима,8,13,"Зато, ако јело саблажњава брата мојега, нећу јести меса до вијека, да не саблазним брата својега."
1. Коринћанима,9,1,"Нисам ли апостол? Нисам ли слободан? Зар нисам видио Исуса Христа, Господа нашега? Нисте ли ви дјело моје у Господу?"
1. Коринћанима,9,2,"Ако другима нисам апостол. али вама јесам, јер сте ви печат мојега апостолства у Господу."
1. Коринћанима,9,3,То је моја одбрана пред онима који ме осуђују.
1. Коринћанима,9,4,Зар немамо право јести и пити?
1. Коринћанима,9,5,"Зар немамо право сестру жену са собом водити, као и остали апостоли, и браћа Господња и Кифа?"
1. Коринћанима,9,6,Или само ја и Варнава немамо право ово чинити?
1. Коринћанима,9,7,Ко икад војује о своме трошку? Ко сади виноград и не једе од рода његова? Или ко чува стадо и од млијека стада не једе?
1. Коринћанима,9,8,Зар ово говорим по људском? Или не говори ово и Закон?
1. Коринћанима,9,9,Јер је у Мојсејеву закону написано: Не завезуј уста волу који врше. Брине ли се то Бог за волове?
1. Коринћанима,9,10,"Или говори управо ради нас? Јер се ради нас написа: да који оре, треба у нади да оре, и који врше у нади да ће примити по својему надању."
1. Коринћанима,9,11,"Ако ми вама посијасмо оно што је духовно, зар је много ако ми од вас пожњемо оно што је тјелесно?"
1. Коринћанима,9,12,"Ако се други користе вашим правом, како ли не би ми? Али се ми не користисмо овим правом, него све подносимо да не учинимо какве сметње јеванђељу Христову."
1. Коринћанима,9,13,"Не знате ли да они који врше свету службу од светиње се хране, и који жртвенику служе са жртвеником дијеле?"
1. Коринћанима,9,14,Тако и Господ заповједи да они који јеванђеље проповиједају од јеванђеља живе.
1. Коринћанима,9,15,А ја од тога ништа не користих. И не написах ово да мени тако буде; јер би ми боље било умријети него да ко моју похвалу уништи.
1. Коринћанима,9,16,"Јер ако проповиједам јеванђеље, нема ми похвале, јер ми и обавеза налаже; и тешко мени ако не проповиједам јеванђеље."
1. Коринћанима,9,17,"Јер ако ово чиним од своје воље, плату имам; ако пак без своје воље, служба ми је повјерена."
1. Коринћанима,9,18,"Каква ми је, дакле, плата? Да благовијестећи бесплатно изложим јеванђеље Христово, да се не користим својим правом у јеванђељу."
1. Коринћанима,9,19,"Јер будући слободан од свију, свима себе учиних робом, да их што више придобијем."
1. Коринћанима,9,20,"И постадох Јудејцима као Јудејац, да Јудејце придобијем; онима који су под законом као под законом, да придобијем оне који су под законом;"
1. Коринћанима,9,21,"Онима који су без закона постадох као без закона, премда нисам Богу без закона, него сам у закону Христову, да придобијем оне који су без закона."
1. Коринћанима,9,22,"Слабима постадох као слаб, да слабе придобијем; свима сам био све, да како год неке спасем."
1. Коринћанима,9,23,"А ово чиним за јеванђеље, да будем његов заједничар."
1. Коринћанима,9,24,"Не знате ли да они што трче на тркалишту, трче сви, а један добија награду? Тако трчите да је добијете."
1. Коринћанима,9,25,"А сваки који се бори од свега се уздржава, они пак да добију распадљив вијенац, а ми нераспадљив."
1. Коринћанима,9,26,"Ја, дакле, тако трчим, не као на непоуздано; тако се борим, не као онај који бије вјетар;"
1. Коринћанима,9,27,"Него изнуравам тијело своје и савлађујем га, да проповиједајући другима не будем сам одбачен."
1. Коринћанима,10,1,"А нећу да не знате, браћо, да оци наши сви под облаком бијаху, и сви кроз море прођоше,"
1. Коринћанима,10,2,И сви се у Мојсеја крстише у облаку и мору;
1. Коринћанима,10,3,И сви исто јело духовно једоше;
1. Коринћанима,10,4,"И сви исто пиће духовно пише; јер пијаху од духовне стијене која их је слиједила, а стијена бјеше Христос."
1. Коринћанима,10,5,"Али већина од њих не бјеше по Божијој вољи, јер бише побијени у пустињи."
1. Коринћанима,10,6,"А ово бише примјери нама, да не желимо зла као што они жељеше."
1. Коринћанима,10,7,"Нити бивајте идолопоклоници, као неки од њих, као што је написано: Сједе народ да једе и пије, и устаде да игра."
1. Коринћанима,10,8,"Нити да блудничимо, као што неки од њих блудничише, и паде их у један дан двадесет и три хиљаде."
1. Коринћанима,10,9,"Нити да кушамо Христа, као што неки од њих кушаше, и од змија изгибоше."
1. Коринћанима,10,10,"Нити ропћите као што неки од њих ропташе, и изгибоше од истребитеља."
1. Коринћанима,10,11,"А све ово њима се догађаше за примјер, а написа се за поуку нама, на које дође свршетак вијекова."
1. Коринћанима,10,12,Зато који мисли да стоји нека пази да не падне.
1. Коринћанима,10,13,"Друго вас искушење није снашло осим човјечијега; вјеран је Бог који вас неће пустити да се искушате већма него што можете, него ће учинити са искушењем и крај, да можете поднијети."
1. Коринћанима,10,14,"Зато, љубљени моји, бјегајте од идолопоклонства."
1. Коринћанима,10,15,Као мудрима говорим; судите ви шта кажем.
1. Коринћанима,10,16,Чаша благослова коју благосиљамо није ли заједница крви Христове? Хљеб који ломимо није ли заједница тијела Христова?
1. Коринћанима,10,17,"Јер један је хљеб, једно смо тијело многи, пошто се сви од једнога хљеба причешћујемо."
1. Коринћанима,10,18,Гледајте Израиља по тијелу: који једу жртве нису ли заједничари жртвеника?
1. Коринћанима,10,19,"Шта, дакле, кажем? Да је идол нешто? Или да је идолска жртва нешто?"
1. Коринћанима,10,20,"Не, него да оно што незнабошци жртвују, демонима жртвују, а не Богу; а ја нећу да сте ви заједничари са демонима."
1. Коринћанима,10,21,Не можете пити чашу Господњу и чашу демонску; не можете учествовати у трпези Господњој и у трпези демонској.
1. Коринћанима,10,22,Зар да разљутимо Господа? Јесмо ли јачи од њега?
1. Коринћанима,10,23,"Све ми је слободно, али све не користи; све ми је слободно, али све не изграђује."
1. Коринћанима,10,24,"Нико нека не тражи што је његово, него сваки оно што је другога."
1. Коринћанима,10,25,"Све што се продаје на тржишту једите, ништа не испитујући савјести ради;"
1. Коринћанима,10,26,Јер је Господња земља и све што је на њој.
1. Коринћанима,10,27,"Ако ли вас неко од невјерника зове, и хоћете ићи, једите све што вам се принесе, ништа не испитујући савјести ради."
1. Коринћанима,10,28,"Ако ли вам неко рече: Ово је идолска жртва, не једите ради онога који вас извијести и ради савјести; јер је Господња земља и све што је на њој."
1. Коринћанима,10,29,"Али не говорим за савјест твоју, него другога. Јер зашто да моју слободу суди савјест другога?"
1. Коринћанима,10,30,"Ако ја с благодарношћу једем, зашто да ме руже за оно за што ја благодарим?"
1. Коринћанима,10,31,"Ако, дакле, једете, ако ли пијете, ако ли што друго чините, све на славу Божију чините."
1. Коринћанима,10,32,"Не будите на спотицање ни Јудејцима, ни Јелинима, ни Цркви Божијој."
1. Коринћанима,10,33,"Као што и ја у свему свима угађам, не тражећи корист своју него многих, да се спасу."
1. Коринћанима,11,1,"Угледајте се на мене, као и ја наХриста."
1. Коринћанима,11,2,"Хвалим вас пак, браћо, што све моје памтите, и држите предања као што вам предадох."
1. Коринћанима,11,3,"Али хоћу да знате да је свакоме мужу глава Христос, а муж је глава жени, а Бог је глава Христу."
1. Коринћанима,11,4,"Сваки муж који се с покривеном главом моли Богу или пророкује, срамоти главу своју."
1. Коринћанима,11,5,"И свака жена која се гологлава моли Богу или пророкује, срамоти главу своју; јер је једно исто као и ошишана."
1. Коринћанима,11,6,"Јер ако се жена не покрива, нека се и шиша; ако ли је стидно жени шишати се или бријати се, нека се покрива."
1. Коринћанима,11,7,"Али муж не треба да покрива главу, јер је слика и слава Божија; а жена је слава мужевљева."
1. Коринћанима,11,8,"Јер није муж од жене, него жена од мужа,"
1. Коринћанима,11,9,"Пошто муж не би саздан ради жене, него жена ради мужа."
1. Коринћанима,11,10,Зато жена треба да има власт на глави ради анђела.
1. Коринћанима,11,11,"Ипак, у Господу нити је муж без жене ни жена без мужа."
1. Коринћанима,11,12,"Јер као што је жена од мужа, тако је и муж кроз жену а све је од Бога."
1. Коринћанима,11,13,Сами у себи судите: је ли лијепо да се жена гологлава Богу моли?
1. Коринћанима,11,14,"Зар вас и сама природа не учи да је мужу срамота ако има дугачку косу,"
1. Коринћанима,11,15,А жени је слава ако има дугачку косу? Јер јој је коса дата умјесто покривала.
1. Коринћанима,11,16,"Ако ли неко мисли да се свађа, ми таквога обичаја немамо, нити Цркве Божије."
1. Коринћанима,11,17,"А ово заповиједајући не хвалим вас, јер се не сакупљате на боље него на горе."
1. Коринћанима,11,18,"Јер прије свега, кад се сакупљате у Цркву, чујем да постоје подјеле међу вама, и нешто од тога вјерујем."
1. Коринћанима,11,19,"Јер треба и подвајања да буду међу вама, да се покажу који су постојани међу вама."
1. Коринћанима,11,20,"Кад се, дакле, сакупљате на једно мјесто, не једе се вечера Господња;"
1. Коринћанима,11,21,"Јер свако своју вечеру прије других једе, те један гладује а други се опија."
1. Коринћанима,11,22,Зар немате кућа да једете и пијете? Или презирете Цркву Божију и срамотите оне који немају? Шта да вам кажем? Хоћу ли вас зато похвалити? Не похваљујем.
1. Коринћанима,11,23,"Јер ја примих од Господа што вам и предадох, да Господ Исус оне ноћи кад бјеше предан, узе хљеб,"
1. Коринћанима,11,24,"И захваливши преломи и рече: Узмите, једите, ово је тијело моје, које се за вас ломи; ово чините у мој спомен."
1. Коринћанима,11,25,"Исто тако и чашу, по вечери, говорећи: Ова је чаша Нови Завјет у мојој крви; ово чините, кад год пијете, у мој спомен."
1. Коринћанима,11,26,"Јер кад год једете овај хљеб и чашу ову пијете, смрт Господњу објављујете, докле не дође."
1. Коринћанима,11,27,"Тако који једе овај хљеб или пије чашу Господњу недостојно, биће крив тијелу и крви Господњој."
1. Коринћанима,11,28,"Али човјек нека испитује себе, и тако од хљеба нека једе и од чаше нека пије."
1. Коринћанима,11,29,"Јер који недостојно једе и пије, суд себи једе и пије, не разликујући тијела Господњега."
1. Коринћанима,11,30,"Зато су међу вама многи слаби и болесни, и доста их умире."
1. Коринћанима,11,31,"Јер да смо сами себе испитивали, не бисмо били осуђени."
1. Коринћанима,11,32,"А кад нам суди Господ, кара нас, да не будемо осуђени са свијетом."
1. Коринћанима,11,33,"Стога, браћо моја, кад се састајете да једете, ишчекујте један другога."
1. Коринћанима,11,34,"Ако ли је неко гладан, нека једе код куће, да се на осуду не састајете. А остало уредићу кад дођем."
1. Коринћанима,12,1,"А о духовним даровима, браћо, нећу да не знате."
1. Коринћанима,12,2,"Знате да кад бијасте незнабошци идосте безгласним идолима, како вас одвођаху."
1. Коринћанима,12,3,"Зато вам дајем на знање, да нико ко Духом Божијим говори не каже: Анатема на Исуса! И нико не може рећи: Исус је Господ, осим Духом Светим."
1. Коринћанима,12,4,"Различни су дарови,али је Дух исти."
1. Коринћанима,12,5,"И различне су службе, али је Господ исти."
1. Коринћанима,12,6,"И различна су дјејства, али је исти Бог који дјејствује све у свима."
1. Коринћанима,12,7,Но свакоме се даје пројава Духа на корист.
1. Коринћанима,12,8,Јер једноме се даје кроз Духа ријеч мудрости; а другоме ријеч знања по истом Духу;
1. Коринћанима,12,9,А другоме вјера истим Духом; а другоме дарови исцјељивања истим Духом;
1. Коринћанима,12,10,"А другоме чињење чудеса, а другоме пророштво, а другоме разликовање духова, а другоме различни језици, а другоме тумачење језика."
1. Коринћанима,12,11,"А све ово чини један и исти Дух, дијелећи свакоме понаособ како хоће."
1. Коринћанима,12,12,"Јер као што је тијело једно и има удове многе, а сви удови једнога тијела, иако су многи, једно су тијело, тако и Христос."
1. Коринћанима,12,13,"Јер се и једним Духом сви ми крстисмо у једно тијело, били Јудејци, или Јелини, или робови, или слободни; и сви смо једним Духом напојени."
1. Коринћанима,12,14,Јер и тијело није један уд него многи.
1. Коринћанима,12,15,"Ако рече нога: Пошто нисам рука, нисам од тијела; зар ипак није од тијела?"
1. Коринћанима,12,16,"И ако рече ухо: Пошто нисам око, нисам од тијела; зар ипак није од тијела? Ако би све тијело било око, гдје је онда слух?"
1. Коринћанима,12,17,"Ако би све било слух, гдје је мирисање?"
1. Коринћанима,12,18,"А сада, Бог постави удове у тијелу, сваки поједини од њих како хтједе."
1. Коринћанима,12,19,"А ако би сви билиједан уд, гдје је тијело?"
1. Коринћанима,12,20,"Сада пак, многи су удови, а једно тијело."
1. Коринћанима,12,21,А око не може рећи руци: Не требаш ми; или опет глава ногама: Не требате ми.
1. Коринћанима,12,22,"Него, шта више, који се удови тијела чине да су слабији, неопходни су;"
1. Коринћанима,12,23,"И који нам се чине мање часни на тијелу, њима придајемо већу част;"
1. Коринћанима,12,24,"И неугледни наши удови имају већи углед, док оним угледним то не треба. Али Бог тако сложи тијело давши слабом уду већу част,"
1. Коринћанима,12,25,Да не буде раздора у тијелу него да се удови подједнако брину један за другога.
1. Коринћанима,12,26,"И ако страда један уд, с њим страдају сви удови; а ако ли се један уд прославља, с њим се радују сви удови."
1. Коринћанима,12,27,"А ви сте тијело Христово, и удови понаособ."
1. Коринћанима,12,28,"И ове постави Бог у Цркви: прво апостоле, Друго пророке, треће учитеље, затим чудотворце, онда дарове исцјељивања, помагања, управљања, различитих језика."
1. Коринћанима,12,29,Јесу ли сви апостоли? Јесу ли сви пророци? Јесу ли сви учитељи? Јесу ли сви чудотворци?
1. Коринћанима,12,30,Имају ли сви дарове исцјељивања? Говоре ли сви језике? Да ли сви тумаче?
1. Коринћанима,12,31,А ревнујте за веће дарове. И показаћу вам још узвишенији пут.
1. Коринћанима,13,1,"Ако језике човјечије и анђеоске говорим, а љубави немам, онда сам као звоно које јечи, или кимвал који звечи."
1. Коринћанима,13,2,"И ако имам дар пророштва и знам све тајне и све знање, и ако имам сву вјеру да и горе премјештам, а љубави немам, ништа сам."
1. Коринћанима,13,3,"И ако раздам све имање своје, и ако предам тијело своје да се сажеже, а љубави немам, ништа ми не користи."
1. Коринћанима,13,4,"Љубав дуго трпи, благотворна је, љубав не завиди, љубав се не горди, не надима се,"
1. Коринћанима,13,5,"Не чини што не пристоји, не тражи своје, не раздражује се, не мисли о злу,"
1. Коринћанима,13,6,"Не радује се неправди, а радује се истини,"
1. Коринћанима,13,7,"Све сноси, све вјерује, свему се нада, све трпи."
1. Коринћанима,13,8,"Љубав никад не престаје, док ће пророштва нестати, језици ће замукнути, знање ће престати."
1. Коринћанима,13,9,"Јер дјелимично знамо, и дјелимично пророкујемо;"
1. Коринћанима,13,10,"А када дође савршено, онда ће престати што је дјелимично."
1. Коринћанима,13,11,"Кад бијах дијете, као дијете говорах, као дијете мишљах, као дијете размишљах; а када сам постао човјек, одбацио сам што је дјетињско."
1. Коринћанима,13,12,"Јер сад видимо као у огледалу, у загонетки, а онда ћемо лицем у лице; сад знам дјелимично, а онда ћу познати као што бих познат."
1. Коринћанима,13,13,"А сад остаје вјера, нада, љубав, ово троје; али од њих највећа је љубав."
1. Коринћанима,14,1,"Држите се љубави, и старајте се за духовне дарове, а особито да пророкујете."
1. Коринћанима,14,2,"Јер који говори језик, не говори људима него Богу: јер нико не разумије, пошто он духом говори тајне."
1. Коринћанима,14,3,А који пророкује говори људима за назидање и бодрење и утјешење.
1. Коринћанима,14,4,"Јер који говори језик себе изграђује, а који пророкује Цркву изграђује."
1. Коринћанима,14,5,"А хтио бих да сви говорите језике, а особито да пророкујете; јер је већи онај који пророкује него онај који говори језике, сем ако и тумачи, да се Црква изграђује."
1. Коринћанима,14,6,"А сад, браћо, ако дођем к вама говорећи језике, шта ћу вам користити ако вам не будем говорио или у откривењу. или у познању, или у пророштву, или у поуци?"
1. Коринћанима,14,7,"И бездушне ствари које дају глас, било свирала или гусле, ако не дају разговијетне гласове, како ће се разумјети шта се свира или гуди?"
1. Коринћанима,14,8,"Јер, ако труба да нејасан глас, ко ће се припремити за бој?"
1. Коринћанима,14,9,"Тако и ви, ако речете језиком неразумљиву ријеч. како ће се знати шта говорите? Јер ћете говорити у вјетар."
1. Коринћанима,14,10,"Ма колико да је на свијету врста гласова, али ниједан од њих није без значења."
1. Коринћанима,14,11,"Ако, дакле, не знам значење гласа, бићу туђин ономе који говори, и онај који говори биће мени туђин."
1. Коринћанима,14,12,"Тако и ви, будући да сте ревнитељи духовних дарова, трудите се да изобилујете у онима који су за изграђивање Цркве."
1. Коринћанима,14,13,"Зато, који говори језик, нека се моли Богу да и тумачи."
1. Коринћанима,14,14,"Јер ако се тим језиком молим Богу, мој дух се моли, а ум је мој без плода."
1. Коринћанима,14,15,"Шта треба, дакле? Молићу се Богу духом: а молићу се и умом; хвалићу Бога духом, а хвалићу и умом."
1. Коринћанима,14,16,"Јер ако благосиљаш духом, како ће онај који заузима мјесто обичног вјерника рећи амин на твоје благодарење, кад не зна шта говориш?"
1. Коринћанима,14,17,"Јер ти добро благодариш, али се други не изграђује."
1. Коринћанима,14,18,Благодарим Богу мојему што говорим језике више од свију вас.
1. Коринћанима,14,19,"Али у Цркви волим рећи пет ријечи умом својим, да и друге поучим, неголи хиљаде ријечи језиком."
1. Коринћанима,14,20,"Браћо, не будите дјеца умом, него злоћом дјетињите, а умом будите савршени."
1. Коринћанима,14,21,"У Закону је написано: Туђим језицима и туђим уснама говорићу народу овоме, и ни тако ме неће послушати, говори Господ."
1. Коринћанима,14,22,"Тако су језици не знак вјерујућим, него невјерујућим, а пророштво не невјерујућим, него вјерујућим."
1. Коринћанима,14,23,"Ако се, дакле, скупи сва Црква на једно мјесто, па сви узговоре језике. а уђу неупућени или невјерујући, неће ли рећи да лудујете?"
1. Коринћанима,14,24,"А ако сви пророкују, и уђе какав невјерујући или неупућени, бива покаран од свију и суђен од свију,"
1. Коринћанима,14,25,"И тако тајне срца његова бивају откривене: и тада ће пасти ничице и поклониће се Богу, објављујући да је заиста Бог са вама."
1. Коринћанима,14,26,"Шта, дакле, браћо? Када се сабирате сваки од вас има псалам, има поуку, има језик, има откривење, има тумачење; све нека буде за изграђивање."
1. Коринћанима,14,27,"Ако неко говори језик, онда нека их по двојица, или највише тројица, и то редом, а један нека тумачи."
1. Коринћанима,14,28,"Ако ли не буде тумача. нека ћути у Цркви, а нека говори самоме себи и Богу."
1. Коринћанима,14,29,"А пророци два или три нека говоре, а други нека расуђују."
1. Коринћанима,14,30,"Ако ли се открије другоме који сједи, први нека ућути."
1. Коринћанима,14,31,"Јер можете пророковати сви, један по један. да сви уче. и сви да се тјеше."
1. Коринћанима,14,32,И духови пророчки покоравају се пророцима.
1. Коринћанима,14,33,"Јер Бог није Бог нереда, него мира."
1. Коринћанима,14,34,"Као по свима Црквама светих, жене ваше у Црквама да ћуте; јер њима није допуштено да говоре, него да се покоравају, као што и Закон говори."
1. Коринћанима,14,35,"Ако ли хоће шта да науче, нека код куће питају своје мужеве; јер је неприлично жени да говори у Цркви."
1. Коринћанима,14,36,Еда ли од вас ријеч Божија изиђе? Или само до вас дође?
1. Коринћанима,14,37,"Ако ко сматра да је пророк или духован, нека разумије шта вам пишем, јер су ово Господње заповијести."
1. Коринћанима,14,38,"Ако ли ко неће да зна, нека не зна."
1. Коринћанима,14,39,"Тако, браћо моја, ревнујте да пророкујете. и језике говорити не забрањујте."
1. Коринћанима,14,40,А све нека бива благообразно и уредно.
1. Коринћанима,15,1,"Али вама напомињем, браћо, јеванђеље које вам проповиједах, које и примисте, у коме и стојите,"
1. Коринћанима,15,2,"Кроз које се и спасавате, ако држите онако како вам проповиједах, осим ако узалуд не повјеровасте."
1. Коринћанима,15,3,"Јер вам најприје предадох што и примих, да Христос умрије за гријехе наше по Писму,"
1. Коринћанима,15,4,"И да би погребен, и да је устао трећи дан, по Писму,"
1. Коринћанима,15,5,"И да се јавио Кифи, затим Дванаесторици;"
1. Коринћанима,15,6,"Потом се он јавио одједном више од пет стотина браће, од којих су већина и сада живи, а неки се упокојише."
1. Коринћанима,15,7,"Потом се јавио Јакову, затим свима апостолима;"
1. Коринћанима,15,8,"А послије свију. као каквом недоношчету, јавио се и мени."
1. Коринћанима,15,9,"Јер сам ја најмањи од апостола, који нисам достојан назвати се апостол, зато што гоних Цркву Божију."
1. Коринћанима,15,10,"Но благодаћу Божијом јесам што јесам, и благодат његова која је у мени не оста празна, него се потрудих више од свију њих, али не ја, него благодат Божија која је са мном."
1. Коринћанима,15,11,"Било, дакле, ја било они, тако проповиједамо, и тако повјеровасте."
1. Коринћанима,15,12,"А ако се Христос проповиједа да је устао из мртвих, како неки међу вама говоре да нема васкрсења мртвих?"
1. Коринћанима,15,13,"А ако нема васкрсења мртвих, то ни Христос није устао."
1. Коринћанима,15,14,"А ако Христос није устао, онда је празна проповијед наша, па празна и вјера ваша."
1. Коринћанима,15,15,"А показујемо се и лажни свједоци Божији што свједочисмо против Бога да васкрсе Христа, којега не васкрсе, ако, дакле, мртви не устају."
1. Коринћанима,15,16,"Јер ако мртви не устају, то ни Христос није устао."
1. Коринћанима,15,17,"А ако Христос није устао, узалуд вјера ваша; још сте у гријесима својим."
1. Коринћанима,15,18,"Онда и они који уснуше у Христу, пропадоше."
1. Коринћанима,15,19,"И ако се само у овоме животу надамо у Христа, јаднији смо од свију људи"
1. Коринћанима,15,20,"Но заиста је Христос устао из мртвих, те постаде првенац оних који су умрли."
1. Коринћанима,15,21,"Јер пошто је кроз човјека смрт, кроз човјека је и васкрсење мртвих."
1. Коринћанима,15,22,"Јер као што у Адаму сви умиру, тако ће и у Христу сви оживјети."
1. Коринћанима,15,23,"Но сваки у своме реду: првенац Христос, потом, о његову доласку, они који су Христови;"
1. Коринћанима,15,24,"Онда крај, кад преда Царство Богу и Оцу, кад укине свако поглаварство и сваку власт и силу."
1. Коринћанима,15,25,Јер он треба да царује док не положи све непријатеље под ноге своје.
1. Коринћанима,15,26,Посљедњи непријатељ укинуће се - смрт.
1. Коринћанима,15,27,"Јер све покори под ноге његове. А када каже да му је све покорено, очигледно, осим Онога који му покори све."
1. Коринћанима,15,28,"А кад му све покори, онда ће се и сам Син покорити Ономе који му све покори, да буде Бог све у свему."
1. Коринћанима,15,29,"Иначе, шта ће чинити они који се крштавају за мртве; ако мртви уопште не васкрсавају? Зашто се и крштавају за мртве?"
1. Коринћанима,15,30,Зашто се и ми излажемо опасности сваки час?
1. Коринћанима,15,31,"Сваки дан умирем, тако ми, браћо, ваше похвале, коју имам у Христу Исусу Господу нашем."
1. Коринћанима,15,32,"Јер ако се по човјеку борих са звјеровима у Ефесу, каква ми је корист? Ако мртви не устају - да једемо и пијемо, јер сутра ћемо умријети!"
1. Коринћанима,15,33,Не варајте се: Зли разговори кваре добре обичаје.
1. Коринћанима,15,34,"Отријезните се као што треба, и не гријешите; јер неки не познају Бога; на срамоту вама кажем."
1. Коринћанима,15,35,Али рећи ће неко: Како ће устати мртви? И у каквом ће тијелу доћи?
1. Коринћанима,15,36,"Безумниче, оно што ти сијеш неће оживјети ако не умре."
1. Коринћанима,15,37,"И што сијеш, не сијеш тијело које ће настати, него голо зрно, било пшенично или неко друго."
1. Коринћанима,15,38,"А Бог му даје тијело како хоће, и свакоме сјемену своје тијело."
1. Коринћанима,15,39,"Није свако тијело исто тијело, него је друго тијело човјечије, а друго тијело животињско, а друго рибље, а друго птичије."
1. Коринћанима,15,40,И постоје тјелеса небеска и тјелеса земаљска; али је друга слава небеских а друга земаљских.
1. Коринћанима,15,41,"Друга је слава сунца, а друга слава мјесеца, и друга слава звијезда, јер се звијезда од звијезде разликује у слави."
1. Коринћанима,15,42,"Тако и васкрсење мртвих: сије се у распадљивости, устаје у нераспадљивости;"
1. Коринћанима,15,43,"Сије се у бешчашћу, устаје у слави; сије се у немоћи, устаје у сили;"
1. Коринћанима,15,44,"Сије се тијело душевно, устаје тијело духовно. Постоји тијело душевно и постоји тијело духовно."
1. Коринћанима,15,45,"Тако је и написано: Први човјек Адам постаде душа жива, а посљедњи Адам дух који оживљује."
1. Коринћанима,15,46,"Али није прво духовно, него душевно, потом духовно."
1. Коринћанима,15,47,"Први човјек је од земље, земљан; други човјек је Господ са неба."
1. Коринћанима,15,48,"Какав је земљани, такви су и земљани; и какав је небески, такви су и небески."
1. Коринћанима,15,49,"И као што носисмо слику земљанога, тако ћемо носити и слику небескога."
1. Коринћанима,15,50,"А ово кажем, браћо, да тијело и крв не могу наслиједити Царства Божијега, нити распадљивост насљеђује нераспадљивост."
1. Коринћанима,15,51,"Ево вам казујем тајну: Сви нећемо помријети, а сви ћемо се промијенити,"
1. Коринћанима,15,52,"Уједанпут, у трену ока, при посљедњој труби; јер ће затрубити, и мртви ће васкрснути нераспадљиви, и ми ћемо се промијенити."
1. Коринћанима,15,53,"Јер треба ово распадљиво да се обуче у нераспадљивост, и ово смртно да се обуче у бесмртност."
1. Коринћанима,15,54,"А кад се ово распадљиво обуче у нераспадљивост, и ово смртно обуче у бесмртност, онда ће се испунити она ријеч што је написана: Побједа прождрије смрт."
1. Коринћанима,15,55,"Гдје ти је, смрти, жалац? Гдје ти је, пакле, побједа?"
1. Коринћанима,15,56,"А халац је смрти гријех, а сила је гријеха закон."
1. Коринћанима,15,57,А Богу хвала који нам даде побједу кроз Господа нашега Исуса Христа.
1. Коринћанима,15,58,"Зато, браћо моја мила, будите чврсти, непоколебиви, напредујте непрестано у дјелу Господњем, знајући да труд ваш није узалуд у Господу."
1. Коринћанима,16,1,"А што се тиче милостиње за свете, као што уредих по Црквама галатијским, тако чините и ви."
1. Коринћанима,16,2,"Сваког првог дана недјеље, нека сваки од вас оставља код себе сакупљајући колико може, да не бивају прикупљања онда када дођем."
1. Коринћанима,16,3,"А када дођем, оне које изаберете послаћу са писмима у Јерусалим да однесу вашу милостињу."
1. Коринћанима,16,4,"А ако буде вриједно да и ја идем, поћи ће са мном."
1. Коринћанима,16,5,"А вама ћу доћи кад прођем Македонију, јер ћу проћи кроз Македонију."
1. Коринћанима,16,6,"А код вас, можда ћу се задржати или и презимити, да ме ви отпратите куда пођем."
1. Коринћанима,16,7,"Јер нећу да вас видим сада узгредно, него се надам да неко вријеме останем код вас, ако допусти Господ."
1. Коринћанима,16,8,А у Ефесу ћу остати до Педесетнице;
1. Коринћанима,16,9,"Јер ми се отворише велика врата за рад, и противника је много."
1. Коринћанима,16,10,"А ако дође Тимотеј, гледајте да буде код вас без страха; јер он ради дјело Господње као и ја."
1. Коринћанима,16,11,"Зато нико да га не презре. Испратите га с миром да дође к мени, јер га чекам са браћом."
1. Коринћанима,16,12,"А што се тиче брата Апола, много га молих да доће к вама са браћом; и свакако не бјеше воља да сада дође, али ће доћи кад буде прилика."
1. Коринћанима,16,13,"Бдите, стојте у вјери, мушки се држите, снажите се."
1. Коринћанима,16,14,Све да вам бива у љубави.
1. Коринћанима,16,15,"Молим вас пак, браћо, знате за дом Стефанинов да је првенац из Ахаје, и да себе посветише служењу светима;"
1. Коринћанима,16,16,"Да се и ви покоравате таквима, и свакоме који помаже и труди се."
1. Коринћанима,16,17,"А радујем се доласку Стефанина и Фортуната и Ахајика, јер ми они попунише ваше одсуство;"
1. Коринћанима,16,18,"Јер умирише дух мој а ваш. Уважавајте, дакле, такве."
1. Коринћанима,16,19,Поздрављају вас Цркве азијске. Поздрављају вас много у Господу Акила и Прискила са домаћом својом црквом.
1. Коринћанима,16,20,Поздрављају вас сва браћа. Поздравите се међусобно цјеливом светим.
1. Коринћанима,16,21,"Поздрав је мојом руком, Павловом."
1. Коринћанима,16,22,"Ако неко не љуби Господа Исуса Христа, нека је анатема. Маран ата."
1. Коринћанима,16,23,Благодат Господа нашега Исуса Христа с вама.
1. Коринћанима,16,24,Љубав моја са свима вама у Христу Исусу. Амин.
2. Коринћанима,1,1,"Павле, апостол Исуса Христа по вољи Божијој, и брат Тимотеј Цркви Божијој која је у Коринту, са свима светима који су у читавој Ахаји:"
2. Коринћанима,1,2,"Благодат вам и мир од Бога, Оца нашега, и Господа Исуса Христа."
2. Коринћанима,1,3,"Благословен Бог и Отац Господа нашега Исуса Христа, Отац милосрђа и Бог сваке утјехе,"
2. Коринћанима,1,4,Који нас тјеши у свакој невољи нашој да бисмо ми могли тјешити оне који су у свакој невољи утјехом којом нас саме тјеши Бог;
2. Коринћанима,1,5,Да као што су страдања Христова обилна у нама тако је кроз Христа обилна и утјеха наша.
2. Коринћанима,1,6,"Ако ли се мучимо за вашу је утјеху и спасење које се постиже подношењем оних истих страдања која и ми трпимо; ако ли се утјешавамо, за вашу је утјеху и спасење;"
2. Коринћанима,1,7,"И надање је наше поуздано за вас, знајући да као што сте заједничари страдања тако сте и утјехе."
2. Коринћанима,1,8,"Јер нећемо, браћо, да не знате о невољи нашој која нам се догоди у Азији, да сувише бијасмо оптерећени, преко моћи, тако да смо били у недоумици и за живот;"
2. Коринћанима,1,9,"Чак сами у себи осуду на смрт доживјесмо, да се не бисмо уздали у себе него у Бога који подиже мртве,"
2. Коринћанима,1,10,"Који нас је од толике смрти избавио, и избавља, у кога се надамо да ће нас и опет избавити,"
2. Коринћанима,1,11,"Уз помоћ и ваше молитве за нас, да од многих лица буде узнета за нас изобилна благодарност Богу због нашег благодатног дара."
2. Коринћанима,1,12,"Јер је ово наша хвала. свједочанство савјести наше, да у простоти и искрености Божијој, не по мудрости тјелесној. него по благодати Божијој живјесмо у свијету, а особито према вама."
2. Коринћанима,1,13,"Јер вам друго не пишемо него што читате и што разумијете, а надам се да ћете и до краја разумјети,"
2. Коринћанима,1,14,"Као што нас унеколико и разумјесте, да смо ми ваша хвала, као и ви наша, у дан Господа Исуса."
2. Коринћанима,1,15,"И у овом поуздању хтједох доћи прво вама, да другу благодат имате;"
2. Коринћанима,1,16,"И послије вас да одем у Македонију, и опет из Македоније да дођем вама, и ви да ме отпратите у Јудеју."
2. Коринћанима,1,17,"Желећи, дакле, ово зар лакомислено поступих? Или ово што се одлучујем. по тијелу се одлучујем, да буде код мене и да да, и не не?"
2. Коринћанима,1,18,"Али је Бог вјеран, да ријеч наша вама не постаде да и не."
2. Коринћанима,1,19,"Јер Син Божији Исус Христос. којега ми вама проповиједасмо, ја и Силуан и Тимотеј, не постаде да и не, него у Њему постаде да."
2. Коринћанима,1,20,"Јер колико је обећања Божијих. у Њему су да, и у Њему су амин, Богу на славу кроз нас."
2. Коринћанима,1,21,"А Бог је онај који нас утврђује с вама у Христу, и који нас помаза,"
2. Коринћанима,1,22,"Који нас и запечати, и даде залог Духа у срца наша."
2. Коринћанима,1,23,"А ја призивам Бога за свједока на своју душу, да штедећи вас не дођох више у Коринт."
2. Коринћанима,1,24,"Не као да господаримо над вјером вашом, него смо помагачи ваше радости; јер у вјери стојите чврсто."
2. Коринћанима,2,1,А ово одлучих у себи да вам опет не дођем у жалости.
2. Коринћанима,2,2,"Јер, ако вас ја жалостим, ко је тај који мене весели, ако не онај кога ја жалостим?"
2. Коринћанима,2,3,"И ово вам баш написах, да када дођем не будем ожалошћен од оних од којих би требало да се радујем, уздајући се у све вас, да је радост моја радост свију вас."
2. Коринћанима,2,4,"Јер од многе жалости и с болом срца написах вам са многим сузама, не да се ожалостите него да познате преобилну љубав коју имам према вама."
2. Коринћанима,2,5,"Ако ли је ко ожалостио, није ожалостио мене, него дјелимично - да не претјерам - све вас."
2. Коринћанима,2,6,Таквоме је довољно ово карање од многих;
2. Коринћанима,2,7,"Тако да је, напротив, боље да опраштате и тјешите, како тај не би био савладан од превелике жалости."
2. Коринћанима,2,8,"Зато вас молим, потврдите љубав према њему."
2. Коринћанима,2,9,"Јер вам зато и писах, да бих познао опробаност вашу, јесте ли у свему послушни."
2. Коринћанима,2,10,"А коме што опростите, опраштам и ја; јер и ја ако сам што коме опростио, опростио сам вас ради пред лицем Исуса Христа,"
2. Коринћанима,2,11,"Да нас обманом не савлада сатана, јер нам његове намјере нису непознате."
2. Коринћанима,2,12,"А кад дођох у Троаду ради јеванђеља Христовог, и пошто ми се отворише врата у Господу,"
2. Коринћанима,2,13,"Не имадох мира у духу својему не нашавши Тита брата својега, него опростивши се с њима, изиђох у Македонију."
2. Коринћанима,2,14,"А хвала Богу који нам свагда даје побједу у Христу Исусу, и кроз нас јавља мирис познања својега на свакоме мјесту;"
2. Коринћанима,2,15,Јер смо ми Христов миомир Богу међу онима који се спасавају и међу онима који пропадају:
2. Коринћанима,2,16,"Једнима мирис смрти за смрт, а другима мирис живота за живот. А за ово ко је способан?"
2. Коринћанима,2,17,"Јер ми нисмо као они многи који тргују ријечју Божијом, него из искрености, као од Бога, пред Богом, у Христу говоримо."
2. Коринћанима,3,1,Почињемо ли опет себе препоручивати? Или су нам потребне као некима препоручне посланице за вас или препоруке од вас?
2. Коринћанима,3,2,"Ви сте наша посланица написана у срцима нашим коју знају и читају сви људи,"
2. Коринћанима,3,3,"Показујући се да сте посланица Христова, кроз наше служење написана, не мастилом, него Духом Бога живога, не на каменим таблицама, него на тјелесним таблицама срца."
2. Коринћанима,3,4,"А такво поуздање имамо у Бога кроз Христа,"
2. Коринћанима,3,5,"Не да смо способни сами од себе што помислити, него је наша способност од Бога,"
2. Коринћанима,3,6,"Који нас и учини способним да будемо служитељи Новога Завјета, не слова него Духа: јер слово убија, а Дух оживљује."
2. Коринћанима,3,7,"Ако ли служба смрти изрезана на камену словима бјеше у слави, тако да и синови Израиљеви не могоше гледати у лице Мојсејево од славе лица љегова која пролази,"
2. Коринћанима,3,8,Како ли неће служба Духа бити много више у слави?
2. Коринћанима,3,9,"Јер кад је служба осуде слава, много већма изобилује у слави служба праведности."
2. Коринћанима,3,10,Јер се и не прослави оно што је прослављено том приликом због ове превелике славе.
2. Коринћанима,3,11,"Јер кад је славно оно што престаје, много ће више бити у слави ово што остаје."
2. Коринћанима,3,12,"Имајући, дакле, такву наду са великом смјелошћу се понашамо,"
2. Коринћанима,3,13,"А не као што Мојсеј меташе покривало на лице своје, да не би могли синови Израиљеви гледати свршетак онога што престаје."
2. Коринћанима,3,14,"Но заслијепише помисли њихове; јер до данашњег дана то исто покривало у читању Старога Завјета остаје неоткривено, јер се оно у Христу укида;"
2. Коринћанима,3,15,"Него до данас, кад се чита Мојсеј, стоји покривало на срцу њиховом;"
2. Коринћанима,3,16,А када би се обратили ка Господу. укинуло би се покривало.
2. Коринћанима,3,17,А Дух (Свети) је Господ; а гдје је Дух Господњи ондје је слобода.
2. Коринћанима,3,18,"Сви ми пак који откривеним лицем одражавамо славу Господњу, преображавамо се у тај исти лик, из славе у славу, као од Духа Господа."
2. Коринћанима,4,1,"Зато имајући ово служење, као што бисмо помиловани, не малаксавамо,"
2. Коринћанима,4,2,"Него се одрекосмо тајних срамотних дјела, не ходећи у лукавству, нити изврћући ријеч Божију, него јављањем истине препоручујемо себе свакој савјести људској пред Богом."
2. Коринћанима,4,3,"Ако ли је и покривено јеванђеље наше, покривено је онима који пропадају;"
2. Коринћанима,4,4,"У њима бог овога свијета ослијепи разум невјерника. да им не засвијетли свјетлост јеванђеља славе Христа, који је икона Бога невидљивога."
2. Коринћанима,4,5,"Јер не проповиједамо себе, него Христа Исуса, Господа. а себе као слуге ваше Исуса ради."
2. Коринћанима,4,6,"Јер Бог који рече да из таме засија свјетлост, Он засија у срцима нашим ради просвјетљења знања славе Божије у лицу Исуса Христа."
2. Коринћанима,4,7,"А ово благо имамо у земљаним судовима, да преизобиље силе буде од Бога, а не од нас."
2. Коринћанима,4,8,"Свачим смо угњетавани, али не потиштени; збуњивани. али не очајни;"
2. Коринћанима,4,9,"Прогоњени, али нисмо остављени; оборени, али не погубљени;"
2. Коринћанима,4,10,"Свагда носећи на тијелу умирање Господа Исуса, да се и живот Исусов на тијелу нашему покаже."
2. Коринћанима,4,11,"Јер ми живи стално се предајемо на смрт за Исуса, да се и живот Исусов јави у смртноме тијелу нашем."
2. Коринћанима,4,12,"Тако да смрт дјејствује у нама, а живот у вама."
2. Коринћанима,4,13,"Имајући пак исти дух вјере као што је написано: Вјеровах, зато говорих: и ми вјерујемо, зато и говоримо."
2. Коринћанима,4,14,"Знајући да ће Онај који васкрсе Господа Исуса, и нас васкрснути кроз Исуса, и преда се поставити с вама."
2. Коринћанима,4,15,"Јер је све вас ради, да благодат умножена кроз многе преизобилује благодарењем на славу Божију."
2. Коринћанима,4,16,"Због тога ми не малаксавамо, него ако се наш спољашњи човјек и распада, ипак се унутрашњи обнавља из дана у дан."
2. Коринћанима,4,17,"Јер наша пролазна мала невоља припрема нам преизобилно и неизмјерно вјечно богатство славе,"
2. Коринћанима,4,18,"Нама, који не гледамо на ово што се види, него на оно што се не види; јер је ово што се види привремено, а оно што се не види, вјечно."
2. Коринћанима,5,1,"Јер знамо, ако се наша земаљска кућа, тјелесни шатор, разруши, имамо здање од Бога, кућу нерукотворену, вјечну на небесима."
2. Коринћанима,5,2,"Јер за тим и уздишемо желећи да се обучемо у свој небески стан,"
2. Коринћанима,5,3,"Тако да се и обучени, не нађемо наги."
2. Коринћанима,5,4,"Јер будући у овоме шатору, уздишемо оптерећени зато што нећемо да се свучемо, него да се још обучемо, да би живот прогутао оно што је смртно."
2. Коринћанима,5,5,"А онај који нас је баш за ово и саздао, јесте Бог, који нам је и дао залог Духа."
2. Коринћанима,5,6,"Стога се свагда уздамо и знамо да док боравимо у тијелу, удаљени смо од Господа;"
2. Коринћанима,5,7,Јер вјером ходимо а не гледањем;
2. Коринћанима,5,8,И постајемо смјели и више волимо отићи из тијела и настанити се код Господа.
2. Коринћанима,5,9,"Зато се и радо трудимо, било да боравимо овдје, било да одлазимо, да будемо Њему угодни."
2. Коринћанима,5,10,"Јер нам се свима ваља јавити на суду Христовом, да прими сваки оно што у тијелу учини, било добро или зло."
2. Коринћанима,5,11,"Знајући, дакле, страх Господњи увјеравамо људе, а Богу смо познати, а надам се да смо познати и вашим савјестима."
2. Коринћанима,5,12,"Јер не препоручујемо опет себе вама него вам дајемо повод да се са нама поносите, да бисте имали што одговорити онима који се хвале оним што је на лицу а не што је на срцу."
2. Коринћанима,5,13,"Јер, ако смо ван себе, Богу смо; ако смо присебни, вама смо."
2. Коринћанима,5,14,"Јер нас љубав Христова обузима па овако мислимо: да ако један за све умрије, то сви умријеше."
2. Коринћанима,5,15,"И Он за све умрије, да они који живе не живе више себи, него Ономе који за њих умрије, и васкрсе."
2. Коринћанима,5,16,"Зато ми од сада никога не знамо по тијелу; а ако и познасмо Христа по тијелу, но сада га више не познајемо."
2. Коринћанима,5,17,"Стога, ако је ко у Христу, нова је твар; старо прође, гле, све ново постаде."
2. Коринћанима,5,18,"А све је од Бога, који помири нас са собом кроз Исуса Христа, и који нам даде службу помирења,"
2. Коринћанима,5,19,"Јер Бог бјеше у Христу који помири свијет са собом. не урачунавши им гријехе њихове, и метнувши у нас ријеч помирења."
2. Коринћанима,5,20,"Умјесто Христа, дакле, молимо, као да Бог позива кроз нас: Молимо у име Христово - помирите се са Богом."
2. Коринћанима,5,21,"Јер Њега, који није знао гријеха, учини гријехом нас ради, да ми постанемо правда Божија у Њему."
2. Коринћанима,6,1,"А сарађујући с Њим, молимо вас да не примите узалуд благодат Божију;"
2. Коринћанима,6,2,"Јер говори: У вријеме погодно послушах те, и у дан спасења помогох ти. Ево сад је најпогодније вријеме, ево сад је дан спасења!"
2. Коринћанима,6,3,"Никако ни у чему не дајући спотицање, да се служба не куди,"
2. Коринћанима,6,4,"Него се у свему показујмо као слуге Божије: у трпљењу многом, у невољама, у биједама, у тјескобама;"
2. Коринћанима,6,5,"У ранама, у тамницама, у бунама, у трудовима, у бдјењима, у постовима,"
2. Коринћанима,6,6,"У чистоти, у знању, у дуготрпљењу, у благости, у Духу Светоме, у љубави нелицемјерној,"
2. Коринћанима,6,7,"У ријечи истине, у сили Божијој, са оружјем праведности десним и лијевим,"
2. Коринћанима,6,8,"У слави и срамоти, у грдњи и похвали, као варалице и истинити,"
2. Коринћанима,6,9,"Као незнани и познати, као они који умиру а ево живимо, као кажњавани али не убијани,"
2. Коринћанима,6,10,"Као жалошћени а увијек радосни, као сиромашни а многе богатећи, као они који ништа немају а све посједују."
2. Коринћанима,6,11,"Уста наша отворише се према вама, Коринћани, срце наше постаде широко."
2. Коринћанима,6,12,"Вама није тијесно у нама, него вам је тијесно у срцима вашим;"
2. Коринћанима,6,13,"А за исто уздарје од вас, као дјеци говорим, будите широка срца и ви."
2. Коринћанима,6,14,Не упрежите се у исти јарам с невјерницима; јер шта има праведност са безакоњем; или какву заједницу има свјетлост с тамом?
2. Коринћанима,6,15,А какву сагласност Христос са Велијаром? Или какав дио има вјерпи с невјерником?
2. Коринћанима,6,16,"И какво јс слагање храма Божијег са идолима? Јер ви сте храм Бога живога, као што рече Бог: Уселићу се у њих, и живјећу у њима, и бићу им Бог, и они ће бити мој народ."
2. Коринћанима,6,17,"Зато изиђите из њихове средине и одвојте се, говори Господ, и не дохватајте се нечистог, и ја ћу вас примити,"
2. Коринћанима,6,18,"И бићу вам отац. и ви ћете бити моји синови и кћери, говори Господ Сведржитељ."
2. Коринћанима,7,1,"Имајући, дакле, оваква обећања, о љубљени, очистимо себе од сваке нечистоте тијела и духа, творећи светињу у страху Божијему."
2. Коринћанима,7,2,"Примите нас; никога не увриједисмо, никога не оштетисмо, никога не оглобисмо."
2. Коринћанима,7,3,"Не говорим ради осуде, јер сам раније рекао да сте у срцима нашим. да би заједно умрли и заједно живјели."
2. Коринћанима,7,4,"Много се уздам у вас, много се поносим вама, препун сам утјехе, изобилујем радошћу поред свију невоља наших."
2. Коринћанима,7,5,"Јер и када дођосмо у Македонију, никаква покоја није имало тијело наше, него у свему бијасмо у невољи: споља борбе, изнутра страховања."
2. Коринћанима,7,6,"Али Бог, који тјеши понижене, утјеши нас доласком Титовим;"
2. Коринћанима,7,7,"А не само доласком његовим, него и утјехом којом се он утјеши због вас, казујући нам вашу чежњу, ваше јадиковање, ваше ревновање за мене. тако да се још више обрадовах."
2. Коринћанима,7,8,"Јер ако вас и ожалостих посланицом, не кајем се, ако се и кајах; јер видим да она посланица, ако и за мало, ожалости вас."
2. Коринћанима,7,9,"Сада се радујем, не што се ожалостисте, него што се ожалостисте на покајање; јер се ожалостисте по Богу, да ни у чему не будете оштећени од нас."
2. Коринћанима,7,10,"Јер жалост која је по Богу доноси покајање за спасење, за које се не каје; а жалост овога свијета доноси смрт."
2. Коринћанима,7,11,"Јер гле, баш то што се ви по Богу ожалостисте, какву брижљивост створи у вама. па правдање, па незадовољство, па страх, па жељу, па ревност, па кажњавање! У свему показасте себе чистим у овој ствари."
2. Коринћанима,7,12,"Ако вам. дакле, и писах, то не због онога који је скривио, нити због онога коме је криво учињено, него да се покаже старање ваше међу вама које имате за нас пред Богом."
2. Коринћанима,7,13,"Зато се утјешисмо. А уз нашу утјеху још се више обрадовасмо радости Титовој, јер ви сви умиристе дух његов."
2. Коринћанима,7,14,"Јер ако сам му се нешто за вас похвалио, нисам се постидио; него како је све истина што говорисмо вама, тако и похвала наша пред Титом би истинита."
2. Коринћанима,7,15,И срце је његово још пуније љубави према вама кад се сјети послушности свију вас како га са страхом и трепетом примисте.
2. Коринћанима,7,16,"Радујем се, што се у свему смијем ослонити на вас."
2. Коринћанима,8,1,"Извјештавамо вас пак, браћо, о благодати Божијој која је дата у Црквама Македоније,"
2. Коринћанима,8,2,"Да је у многоме кушању кроз невоље обиље радости њихове, и пуко сиромаштво њихово, изобиловало у богатству простодушности њихове;"
2. Коринћанима,8,3,"Свједочим да по могућству и преко могућства добровољно даваху,"
2. Коринћанима,8,4,"Са многим усрђем молећи нас да прихватимо милост и заједницу у служењу светима,"
2. Коринћанима,8,5,"И не само колико се надасмо, него они себе најприје предадоше Господу и нама по вољи Божијој,"
2. Коринћанима,8,6,"Тако да ми умолисмо Тита, да као што је прије почео, онако и доврши код вас и ову милостињу."
2. Коринћанима,8,7,"Него као што у свему изобилујете: у вјери, и у ријечи, и у знању. и у сваком старању и у љубави вашој према нама. да изобилујете и у овој милостињи."
2. Коринћанима,8,8,"Не говорим ово као заповијест, него да кроз ревност других провјерим искреност љубави ваше."
2. Коринћанима,8,9,"Јер знате благодат Господа нашега Исуса Христа, да богат будући, вас ради осиромаши, да се ви његовим сиромаштвом обогатите."
2. Коринћанима,8,10,"И савјет дајем у овоме. јер ово користи вама, који почесте не само да чините, него и да желите то још од лањске године."
2. Коринћанима,8,11,"А сада довршите то и на дјелу, да као што бјеше добра воља да желите, тако да учините од онога што имате."
2. Коринћанима,8,12,"Јер ако има ко добру вољу, мио је по ономе што има, а не по ономе што нема."
2. Коринћанима,8,13,"Јер не да другима буде олакшање, а вама невоља, него подједнако,"
2. Коринћанима,8,14,"У садашње вријеме ваш сувишак да буде за њихов недостатак, да и њихов сувишак буде за ваш недостатак: да буде једнакост."
2. Коринћанима,8,15,"Као што је написано: Ко је много скупио, није му претекло; и ко је мало скупио, није му недостало."
2. Коринћанима,8,16,"А хвала Богу. који је дао такво старање за вас у срце Титово,"
2. Коринћанима,8,17,"Да прими молбу, па будући врло ревностан, да оде к вама драговољно."
2. Коринћанима,8,18,А посласмо с њим и брата кога хвале по свима Црквама због проповиједања јеванђеља.
2. Коринћанима,8,19,И не само то. него је и одређен од Цркава да иде с нама на ово доброчинство коме ми служимо у славу самога Господа и по нашој жељи;
2. Коринћанима,8,20,"Чувајући се тога да нас ко не покуди за наше руковање оволиким обиљем прилога,"
2. Коринћанима,8,21,Јер се старамо за добро не само пред Господом него и пред људима.
2. Коринћанима,8,22,"А посласмо с њима и брата својега, којега много пута познасмо у многим стварима да је ревностан, а сад још много ревноснији, због великог уздања у вас."
2. Коринћанима,8,23,"Што се тиче Тита. он је мој друг и сарадник међу вама, а браћа наша, они су посланици Цркава, слава Христова."
2. Коринћанима,8,24,"Покажите им, дакле, пред лицем Цркава, сведочанство ваше љубави и наше похвале за вас."
2. Коринћанима,9,1,Јер за такво служење светима излишно ми је да вам пишем;
2. Коринћанима,9,2,"Јер знам вашу добру вољу, због које се поносим вама пред Македонцима, пошто се Ахаја припреми још од лани, а ваша ревност подстаче многе."
2. Коринћанима,9,3,"А браћу послах да наша хвала због вас у овој ствари не буде узалудна, него да будете припремљени, као што говорих,"
2. Коринћанима,9,4,"Да се, ако дођу са мном Македонци и нађу вас неприпремљене, не постидимо ми, да не кажемо ви, због ове хвале."
2. Коринћанима,9,5,"Тако нађох, да је потребно умолити браћу, да прије оду к вама и да припреме раније обећани ваш благослов, да он буде готов као благослов, а не као шкртост."
2. Коринћанима,9,6,"А ово велим: Ко шкрто сије, шкрто ће и жњети; а ко са благословима сије, са благословима ће и жњети."
2. Коринћанима,9,7,"Сваки како одлучи у срцу, не са жалошћу или принудно; јер Бог љуби онога који драговољно даје."
2. Коринћанима,9,8,"А Бог је кадар да вас обогати сваком благодаћу, да у свему свагда имајући довољно свега, изобилујете у сваком добром дјелу."
2. Коринћанима,9,9,"Као што је написано: Просу, даде сиромасима; правда Његова остаје до вијека."
2. Коринћанима,9,10,"А Онај који даје сјеме сијачу и хљеб за јело, даће и умножиће сјеме ваше, и даће да узрасту плодови праведности ваше;"
2. Коринћанима,9,11,Богатећи се у свему за сваку простодушност која кроз нас приноси захвалност Богу;
2. Коринћанима,9,12,"Јер вршење ове службе не попуњава само недостатке светих, него и побуђује многе на обилно захваљивање Богу."
2. Коринћанима,9,13,"Кроз искуство ове службе они хвале Бога због ваше покорности исповиједању јеванђеља Христова и због простодушности у заједничарењу с њима и са свима,"
2. Коринћанима,9,14,И у молитвама својим за вас они чезну за вама због преизобилне благодати Божије на вама.
2. Коринћанима,9,15,А хвала Богу на његовом неисказаном дару.
2. Коринћанима,10,1,"А сам ја, Павле, молим вас ради кротости и благости Христове. ја који сам понизан када сам код вас, а одважан према вама када сам одсутан;"
2. Коринћанима,10,2,"Молим пак, кад будем код вас, да ми не буде потребе да будем онако слободан као што мислим да смијем против неких који мисле за нас да по тијелу живимо."
2. Коринћанима,10,3,"Јер живећи у тијелу, не војујемо по тијелу;"
2. Коринћанима,10,4,"Јер оружје нашега војевања није тјелесно него силно Богом за рушење утврђења, обарајући помисли"
2. Коринћанима,10,5,"И сваку охолост, која устаје против познања Божијега, и покоравајући сваку помисао на послушност Христу,"
2. Коринћанима,10,6,Те смо готови казнити сваку непослушност када се испуни ваша послушност.
2. Коринћанима,10,7,"Ви гледате по спољашности. Ако је ко увјерен у себе да је Христов, нека опет помисли у себи да, као што је он Христов, тако смо и ми Христови."
2. Коринћанима,10,8,"Јер ако бих се нешто више похвалио влашћу нашом коју нам даде Господ за назидавање, а не за кварење ваше, нећу се постидјети,"
2. Коринћанима,10,9,Да се не покажем као да вас плашим посланицама.
2. Коринћанима,10,10,"Јер су му посланице, вели, тешке и јаке, а кад је тијелом присутан слаб је, и ријеч му је ништавна."
2. Коринћанима,10,11,"Нека такав помисли ово: какви смо ријечју у посланицама када смо одсутни, такви смо и дјелом кад смо присутни."
2. Коринћанима,10,12,"Јер не смијемо себе убрајати или сравњивати са некима који сами себе хвале: али они кад сами себе собом мјере, и сами себе са собом пореде, неразумни су."
2. Коринћанима,10,13,"А ми се нећемо хвалити преко мјере, него по мери правила чију нам мјеру Бог додијели, да достигнемо и до вас."
2. Коринћанима,10,14,"Јер се ми не простиремо преко мјере, као да не досежемо до вас, него и до вас достигосмо с јеванђељем Христовим;"
2. Коринћанима,10,15,"Не хвалимо се преко мјере у туђим трудовима, али имамо наду да ћемо се, кад узрасте вјера ваша, с вама величати по правилу нашему изобилно."
2. Коринћанима,10,16,"Да и у даљим крајевима од вас проповиједамо јеванђеље, и да се не похвалимо оним што је по туђему правилу урађено."
2. Коринћанима,10,17,"А који се хвали, Господом нека се хвали!"
2. Коринћанима,10,18,"Јер није ваљан онај који се сам хвали, него којега Господ хвали."
2. Коринћанима,11,1,"О, да бисте мало потрпјели безумље моје! Но и трпите ме."
2. Коринћанима,11,2,"Јер ревнујем за вас Божијом ревношћу, јер вас обручих мужу јединоме, да дјевојку чисту приведем Христу."
2. Коринћанима,11,3,"Али се бојим да као што Еву превари змија лукавством својим, да се тако и мисли ваше не одврате од простодушности која је у Христу."
2. Коринћанима,11,4,"Јер ако неко дође и проповиједа другога Исуса, којега ми не проповиједасмо, или други дух примате који не примисте, или друго јеванђеље које не добисте - ви то добро подносите!"
2. Коринћанима,11,5,А ја мислим да ни у чему нисам мањи од превеликих апостола.
2. Коринћанима,11,6,Јер ако сам и невјешт у ријечи. али нисам у знању. него се у свему показасмо вама и свима.
2. Коринћанима,11,7,Или гријех учиних што понизих себе да се ви узвисите. што вам бесплатно проповиједах Божије јеванђеље?
2. Коринћанима,11,8,"Од других Цркава отех, узевши плату за служење вама, па дошавши к вама и будући у оскудици, не досадих никоме;"
2. Коринћанима,11,9,Јер моју оскудицу попунише браћа што дођоше из Македоније; и у свему чувах себе и чуваћу да не будем вама на терету.
2. Коринћанима,11,10,"Као што је истина Христова у мени, тако се хвала ова неће узети од мене у предјелима Ахаје."
2. Коринћанима,11,11,"Зашто? Зато ли што вас не љубим? Бог зна! А што чиним и чинићу,"
2. Коринћанима,11,12,"Да уклоним повод онима који траже повода, да би се у ономе чим се хвале, нашли као и ми."
2. Коринћанима,11,13,"Јер су такви лажни апостоли, лукави посленици, који се претварају да су апостоли Христови."
2. Коринћанима,11,14,И никакво чудо; јер се сам сатана претвара у анђела свјетлости.
2. Коринћанима,11,15,"Није, дакле, ништа велико ако се и слуге његове претварају да су слуге праведности, којима ће свршетак бити по дјелима њиховим."
2. Коринћанима,11,16,"Опет велим, нека ме нико не сматра безумним; уосталом, и као безумног примите ме. да се и ја нешто мало похвалим."
2. Коринћанима,11,17,"А што говорим, не говорим по Господу, него као у безумљу, хвалећи се на овакав начин."
2. Коринћанима,11,18,"Будући да се многи хвале по тијелу, и ја ћу да сс хвалим."
2. Коринћанима,11,19,"Јер радо подносите безумне, пошто сте мудри;"
2. Коринћанима,11,20,"Јер подносите ако вас неко поробљује, ако вас неко ждере, ако вам одузима, ако се надима. ако вас по образу бије."
2. Коринћанима,11,21,"На срамоту говорим, као да ми постадосмо немоћни. Но на шта се ко осмјељује, по безумљу говорим, и ја се осмјељујем."
2. Коринћанима,11,22,Јесу ли Јевреји? И ја сам. Јесу ли Израиљци? И ја сам. Јесу ли сјеме Авраамово? И ја сам.
2. Коринћанима,11,23,"Јесу ли слуге Христове? Као безуман говорим, ја сам још више: више сам се трудио, одвише боја поднио, више пута био у тамници, често у смртној опасности;"
2. Коринћанима,11,24,"Од Јудејаца сам примио пет пута по четрдесет мање један ударац,"
2. Коринћанима,11,25,"Три пута сам био шибан, једном каменован. три бродолома претрпио, ноћ и дан провео на морској пучини;"
2. Коринћанима,11,26,"Често сам путовао, био у опасности на ријекама, у опасности од разбојника, у опасности од свога рода, у опасности од незнабожаца, у опасности у граду, у опасности у пустињи. у опасности на мору, у опасности међу лажном браћом;"
2. Коринћанима,11,27,"У труду и напору, често у неспавању, у гладовању и жеђи, често у постовима, у зими и голотињи;"
2. Коринћанима,11,28,"Поред свега осталога, свакодневни притисак људи на мене, брига за све Цркве."
2. Коринћанима,11,29,"Ко ослаби, а да и ја не ослабим? Ко се саблажњава. а ја да не горим."
2. Коринћанима,11,30,"Ако се треба хвалити, немоћима својим ћу се хвалити."
2. Коринћанима,11,31,"Бог и Отац Господа нашега Исуса Христа, који је благословен ва вијек, зна да не лажем."
2. Коринћанима,11,32,"У Дамаску намјесник цара Арете чуваше град Дамаск желећи да ме ухвати, и спустише ме кроз прозор у котарици преко зида те избјегох из његових руку."
2. Коринћанима,12,1,"Не користи ми да се хвалим, јер ћу доћи на виђења и откривења Господња."
2. Коринћанима,12,2,"Знам човјека у Христу који прије четрнаест година - да ли у тијелу, не знам, да ли изван тијела, не знам, Бог зна - би однесен до трећега неба."
2. Коринћанима,12,3,"И знам да тај човјек - да ли у тијелу, да ли изван тијела, не знам, Бог зна -"
2. Коринћанима,12,4,Би однесен у рај и чу неисказане ријечи које човјеку није допуштено говорити.
2. Коринћанима,12,5,"Таквим ћу се хвалити, а самим собом нећу се хвалити, осим ако немоћима својим."
2. Коринћанима,12,6,"Јер кад бих се и хтио хвалити, не бих био безуман, јер бих истину казао; али се уздржавам, да не би ко помислио за мене више од онога што види у мени, или чује од мене."
2. Коринћанима,12,7,"И да се не бих погордио због мноштва откривења, даде ми се жалац у тијело, анђео сатанин, да ми пакости, да се не поносим."
2. Коринћанима,12,8,"За њега трипут Господа молих, да одступи од мене;"
2. Коринћанима,12,9,"И рече ми: Доста ти је благодат моја; јер се сила моја у немоћи показује савршена. Зато ћу се најрадије хвалити својим немоћима, да се усели у мене сила Христова."
2. Коринћанима,12,10,"Зато сам добре воље у немоћима, у поругама, у невољама, у гоњењима, у тјескобама за Христа; јер када сам слаб онда сам силан."
2. Коринћанима,12,11,"Постадох безуман хвалећи се! Ви ме натјерасте. Јер је требало да ме ви хвалите, пошто ни у чему нисам мањи од превеликих апостола иако сам ништа."
2. Коринћанима,12,12,"Јер знаци апостола учињени су међу вама у сваком трпљењу, у знацима и чудесима и силама."
2. Коринћанима,12,13,"Јер шта је то у чему сте мањи од осталих Цркава, осим што вам ја сам не досадих? Опростите ми ову неправду."
2. Коринћанима,12,14,"Ево готов сам по трећи пут да вам дођем, и нећу вам досадити: јер не тражим ваше него вас. Јер нису дјеца дужна тећи имање родитељима него родитељи дјеци."
2. Коринћанима,12,15,"А ја ћу врло радо трошити и истрошићу се потпуно за душе ваше, иако вас ја одвише љубим, а ви ме мање љубите."
2. Коринћанима,12,16,"Али нека буде, ја вам не бих на терету, него будући лукав, добих вас пријеваром."
2. Коринћанима,12,17,Еда ли вас што закидох преко некога од оних које сам слао к вама?
2. Коринћанима,12,18,"Умолих Тита, и с њим послах брата: еда ли вас Тит што закиде? Зар не ходисмо истим духом? Зар не истим стопама?"
2. Коринћанима,12,19,"Мислите ли опет да се бранимо пред вама? Пред Богом у Христу говоримо; а све је, љубљени, за ваше изграђивање."
2. Коринћанима,12,20,"Јер се бојим да вас. кад дођем. нећу наћи какве хоћу, и ја ћу се наћи вама каквог ме нећете; да како не буду свађе, зависти, срдње, пркоси, опадања, шаптања, надимања, нереди;"
2. Коринћанима,12,21,"Да ме опет кад дођем не понизи Бог мој код вас, те не заплачем за многима који су прије гријешили и нису се покајали за нечистоту и блуд и разврат што починише."
2. Коринћанима,13,1,Ово трећи пут долазим к вама; на устима два или три свједока утврђује се свака ријеч.
2. Коринћанима,13,2,"Напријед казах и унапријед говорим, када сам био код вас други пут, и сад кад нисам код вас, пишем онима који су прије сагријешили и свима осталима, да ако дођем опет, нећу штедјети,"
2. Коринћанима,13,3,"Јер тражите да искушате Христа који у мени говири, који за вас није слаб, него је силан међу вама."
2. Коринћанима,13,4,"Јер ако и распет би по слабости, али живи по сили Божијој; јер смо и ми слаби у Њему, али ћемо живјети с Њим силом Божијом за вас."
2. Коринћанима,13,5,"Сами себе испитујте, јесте ли у вјери. сами себе испробајте. Или не познајете себе да је Исус Христос у вама? Сем ако у нечему нисте ваљани."
2. Коринћанима,13,6,А надам се да ћете познати да ми нисмо неваљани.
2. Коринћанима,13,7,"А молимо се Богу да ви не чините никаква зла. не да се ми ваљани покажемо, него да ви добро чините, а ми као неваљанн да будемо."
2. Коринћанима,13,8,"Јер ншпта не можемо против истине, него за истину."
2. Коринћанима,13,9,"Јер се радујемо када смо ми слаби, а ви јаки; за то се и молимо Богу, за ваше савршенство."
2. Коринћанима,13,10,"Због тога, одсутан вам пишем ово, да када будем присутан не поступим строго, по власти коју ми је дао Господ за изграђивање а не за рушење."
2. Коринћанима,13,11,"Најзад, браћо, радујте се, усавршавајте се, утјешавајте се, исто мислите, мир имајте, и Бог љубави и мира биће с вама."
2. Коринћанима,13,12,Поздравите један другога светим цјеливом. Поздрављају вас сви свети.
2. Коринћанима,13,13,Благодат Господа Исуса Христа и љубав Бога Оца и заједница Светога Духа са свима вама. Амин.
Галатима,1,1,"Павле, апостол не од људи ни преко човјека, него кроз Исуса Христа и Бога Оца који га васкрсе из мртвих,"
Галатима,1,2,И сва браћа која су са мном. Црквама Галатије:
Галатима,1,3,Благодат вам и мир од Бога Оца и Господа нашега Исуса Христа.
Галатима,1,4,"Који даде себе за гријехе наше да избави нас од садашњега вијека злога, по вољи Бога и Оца нашега,"
Галатима,1,5,Којему слава у вијекове вијекова. Амин.
Галатима,1,6,"Чудим се да се од Онога који вас позва благодаћу Христовом, тако брзо одвраћате на друго јеванђеље,"
Галатима,1,7,"Које није друго, само што вас неки збуњују и хоће да изврћу јеванђеље Христово."
Галатима,1,8,"Али ако вам и ми или анђео с неба проповиједа јеванђеље друкчије него што вам проповиједасмо, анатема да буде!"
Галатима,1,9,"Као што смо већ рекли, и сада опет велим: ако вам неко проповиједа јсванђеље друкчије него што примисте, анатема да буде!"
Галатима,1,10,"Зар ја сад настојим да људе придобијем или Бога? Или тражим људима да угађам? Јер кад бих још људима угађао, не бих био слуга Христов."
Галатима,1,11,"А дајем вам на знање, браћо, да јеванђеље које сам ја благовијестио, није од човјека;"
Галатима,1,12,"Нити га ја примих од човјека, нити научих, него откривењем Исуса Христа."
Галатима,1,13,"Јер сте чули моје живљење некад у Јудејству, да одвише гоних Цркву Божију и пустоших је."
Галатима,1,14,"И напредовах у Јудејству више од многих врсника својих у роду своме, будући одвише ревнитељ за своја отачка предања."
Галатима,1,15,"А када благоволи Бог, који ме изабра од утробе матере моје и призва благодаћу својом,"
Галатима,1,16,"Да објави Сина својега у мени, да га благовијестим међу незнабошцима, тога часа не питах тијела и крви,"
Галатима,1,17,"Нити изиђох у Јерусалим онима који су били апостоли прије мене, него отидох у Арабију, и опет се вратих у Дамаск."
Галатима,1,18,"А потом, након три године, изиђох у Јерусалим да видим Петра, и остадох код њега петнаест дана."
Галатима,1,19,"А другога од апостола не видјех, осим Јакова брата Господњега."
Галатима,1,20,"А што вам пишем, ево Бог ми је свједок да не лажем."
Галатима,1,21,Потом дођох у предјеле Сирије и Киликије.
Галатима,1,22,"А бијах лично непознат Христовим Црквама Јудеје,"
Галатима,1,23,"Него само бијаху чули да онај који нас је некада гонио сада проповиједа вјеру коју је некада рушио,"
Галатима,1,24,И слављаху Бога због мене.
Галатима,2,1,"А потом, након четрнаест година, опет изиђох у Јерусалим са Варнавом, узевши са собом и Тита;"
Галатима,2,2,"А изиђох по откривењу, и изложих им јеванђеље које проповиједам незнабошцима, посебно пак изложих угледнима, да како не трчим или не трчах узалуд;"
Галатима,2,3,"Али ни Тит, који бјеше са мном, и бјеше Јелин, не би приморан да се обреже;"
Галатима,2,4,"И то због придошле лажне браће што се увукоше да уходе слободу нашу, коју имамо у Христу Исусу, да нас заробе;"
Галатима,2,5,"Овима се ни за час не дадосмо у покорност, да истина јеванђеља остане код вас."
Галатима,2,6,"А за оне које су сматрали да су нешто, ма ко они негда били, не марим ништа, јер Бог не гледа ко је ко; јер они који су сматрани угледним мени ништа не додадоше,"
Галатима,2,7,"Него напротив, када увидјеше да је мени повјерено јеванђеље за необрезане, као Петру за обрезане, -"
Галатима,2,8,"Јер онај који поможе Петру у апостолству међу обрезанима поможе и мени међу незнабошцима, -"
Галатима,2,9,"И познавши благодат која је мени дана, Јаков и Кифа и Јован, који су сматрани да су стубови, дадоше мени и Варнави деснице заједништва, да ми идемо незнабошцима, а они обрезанима;"
Галатима,2,10,"Само да се опомињемо сиромашних, што се и старах да тако чиним."
Галатима,2,11,"А када дође Петар у Антиохију, супротставих му се у лице, јер бјеше за осуду."
Галатима,2,12,"Јер прије него што дођоше неки од Јакова, јеђаше с незнабошцима; а када дођоше снебиваше се и одвајаше, бојећи се оних који су из обрезања."
Галатима,2,13,"И дволичаху с њим и остали Јудејци, тако да и Варнава приста на њихово дволичење."
Галатима,2,14,"Али кад видјех да не иду право истини јеванђеља, рекох Петру пред свима: Када ти који си Јудејац живиш незнабожачки а не јудејски, зашто нагониш незнабошце да живе јудејски?"
Галатима,2,15,"Ми који смо по природи Јудејци, а не грјешници из незнабожаца,"
Галатима,2,16,"Па знајући да се човјек не оправдава дјелима закона него вјером Исуса Христа, и ми повјеровасмо у Христа Исуса, да се оправдамо вјером Христовом а не дјелима закона, јер се дјелима закона ниједно тијело неће оправдати."
Галатима,2,17,"Ако ли се ми, који тражимо да се оправдамо у Христу, нађосмо и сами грјешници, је ли онда Христос слуга гријеху? Боже сачувај!"
Галатима,2,18,"Јер ако опет зидам оно што развалих, показујем се да сам преступник."
Галатима,2,19,"Јер ја законом закону умријех, да Богу живим. Са Христом се разапех;"
Галатима,2,20,"А живим - не више ја, него живи у мени Христос; а што сад живим у тијелу, живим вјером Сина Божијега, који ме заволи и предаде себе за мене."
Галатима,2,21,"Не одбацујем благодат Божију; јер ако праведност кроз закон бива, онда Христос узалуд умрије."
Галатима,3,1,"О неразумни Галати, ко вас је опчинио да се не покоравате истини, ви којима је пред очима Исус Христос насликан разапет међу вама?"
Галатима,3,2,"Ово само хоћу од вас да дознам, да ли Духа примисте кроз дјела закона или кроз проповијед вјере?"
Галатима,3,3,"Зар сте тако неразумни? Почевши Духом, сад тијелом завршавате?"
Галатима,3,4,Зар толико пострадасте узалуд? Кад би било само узалуд!
Галатима,3,5,"Онај, дакле, који вам даје Духа и чини чудеса међу вама, чини ли то због дјела закона или због слушања вјере?"
Галатима,3,6,Као што Авраам повјерова Богу и урачуна му се у праведност.
Галатима,3,7,"Схватите, дакле, да су они синови Авраамови који су од вјере."
Галатима,3,8,"А Писмо, предвидјевши да Бог оправдава незнабошце вјером, унапријед објави Аврааму: У теби ће се благословити сви незнабошци."
Галатима,3,9,Тако се они који су од вјере благосиљају са вјерним Авраамом.
Галатима,3,10,"Јер који су год од дјела закона под проклетством су, јер је написано: Проклет сваки који не остане у свему што је написано у Књизи закона да то чини."
Галатима,3,11,"А да се законом нико не оправдава пред Богом, јасно је; јер: Праведник ће од вјере живјети."
Галатима,3,12,"А закон није од вјере, него човјек који твори заповијести живјеће кроз њих."
Галатима,3,13,"Христос нас је искупио од проклетства закона поставши за нас проклетство, јер је написано: Проклет сваки који виси на дрвету;"
Галатима,3,14,"Да на многобошцима буде благослов Авраамов у Христу Исусу, да примимо обећање Духа кроз вјеру."
Галатима,3,15,"Браћо, као човјек говорим, нико потврђено завјештање човјеково не одбацује нити му што додаје."
Галатима,3,16,"Аврааму пак и сјемену његову речена бише обећања; не каже: и сјеменима, као за многе, него као за једно: И сјемену твојему, које је Христос."
Галатима,3,17,"Ово пак велим: Закон, који је постао послије четири стотине и тридесет година, не поништава завјет који је од Бога раније потврђен за Христа, да се не укине обећање."
Галатима,3,18,"Јер ако је насљедство од закона, онда већ није од обећања, а Аврааму га обећањем дарова Бог."
Галатима,3,19,"Шта ће, дакле, закон? Због гријеха додаде се, док не дође сјеме коме је дато обећање, и установљен је преко анђела, руком посредника."
Галатима,3,20,Посредника пак нема гдје је један; а Бог је један.
Галатима,3,21,"Зар је, дакле, закон противан обећањима Божијим? Никако! Јер да је дат закон који може оживљавати, заиста би од закона била праведност;"
Галатима,3,22,Али Писмо затвори све под гријех да би се обећање дало кроз вјеру Исуса Христа онима који вјерују.
Галатима,3,23,А прије доласка вјере бисмо под законом чувани и затворени за вјеру која се имала открити.
Галатима,3,24,"Тако нам закон постаде васпитач за Христа, да би се вјером оправдали;"
Галатима,3,25,"А када дође вјера, више нисмо под васпитачем."
Галатима,3,26,Јер сте сви синови Божији вјером у Христа Исуса.
Галатима,3,27,"Јер који се год у Христа крстисте, у Христа се обукосте."
Галатима,3,28,"Нема више Јудејца ни Јелина, нема више роба ни слободнога, нема више мушког ни женског, јер сте ви сви један (човјек) у Христу Исусу."
Галатима,3,29,"А кад сте ви Христови, онда сте сјеме Авраамово и насљедници по обећању."
Галатима,4,1,"Али кажем, за вријеме док је насљедник дијете ништа се не разликује од роба, ако и јесте господар свега."
Галатима,4,2,Него је под старатељима и управитељима до рока који је отац одредио.
Галатима,4,3,"Тако и ми, када бијасмо дјеца, бијасмо поробљени стихијама свијета;"
Галатима,4,4,"А кад дође пуноћа времена, посла Бог Сина својега, који се роди од жене, који би под законом,"
Галатима,4,5,"Да искупи оне који су под законом, да примимо усиновљење."
Галатима,4,6,"А пошто сте синови, посла Бог Духа Сина својега у срца ваша, који виче: Ава, Оче!"
Галатима,4,7,"Тако ниси више роб, него син; ако ли си син, и насљедник си Божији кроз Христа."
Галатима,4,8,"Али тада не знајући Бога, робовасте боговима који то по природи нису."
Галатима,4,9,"А сада познавши Бога, или боље, будући познати од Бога, како се опет враћате на слабе и биједне стихије, којима опет изнова хоћете да робујете?"
Галатима,4,10,"Гледате на дане и мјесеце, и времена и године!"
Галатима,4,11,"Бојим се за вас, да се нисам узалуд трудио око вас."
Галатима,4,12,"Будите као ја, јер сам и ја као ви, браћо, молим вас; ништа ми не учинисте нажао."
Галатима,4,13,"А знате да вам због слабости тијела проповиједах јеванђеље први пут,"
Галатима,4,14,"И искушење моје на тијелу мојему не презресте нити попљувасте, него ме примисте као анђела Божијега, као Христа Исуса."
Галатима,4,15,"Какво ли тек бијаше онда ваше блаженство? Јер вам свједочим да бисте, када би било могуће, извадили очи своје и дали мени."
Галатима,4,16,"Зато ли вам постадох непријатељ, што вам истину говорим?"
Галатима,4,17,"Они не ревнују добро за вас, него хоће да вас одвоје, да њима ревнујете."
Галатима,4,18,"А добро је ревновати свагда у добру, и не само када сам ја код вас."
Галатима,4,19,"Дјечице моја, коју опет с муком рађам, докле се Христос не уобличи у вама!"
Галатима,4,20,"Хтио бих пак да сам сада код вас, и да измијеним глас свој, јер сам у недоумици због вас."
Галатима,4,21,"Кажите ми, ви који хоћете под законом да будете, зар не слушате закон?"
Галатима,4,22,"Јер је написано да Авраам два сина имаде, једнога од робиње а једнога од слободне."
Галатима,4,23,"Али онај од робиње, по тијелу се роди: а овај од слободне, по обећању."
Галатима,4,24,"А то је речено са другим значењем: јер су оне два завјета, један од горе Синаја, који рађа за робовање, а то је Агара."
Галатима,4,25,"Јер Агара је гора Синај у Арабији, и одговара садашњем Јерусалиму, а он робује са дјецом својом;"
Галатима,4,26,"А горњи Јерусалим слободан је, и мати је свима нама."
Галатима,4,27,"Јер је написано: Развесели се, нероткињо која не рађаш, кликни и узвикни, ти која немаш муке порођаја; јер остављена има много више дјеце него она која има мужа."
Галатима,4,28,"А ми смо, браћо, по Исаку дјеца обећања."
Галатима,4,29,"Но као што тада онај по тијелу рођени гоњаше рођеног по духу, тако и сада."
Галатима,4,30,Али шта Писмо говори? Истјерај робињу и сина њезина; јер син робињин неће наслиједити са сином слободне.
Галатима,4,31,"Тако, браћо, нисмо дјеца робиње него слободне."
Галатима,5,1,"Стојте, дакле, у слободи којом нас Христос ослободи, и не дајте се опет у јарам ропства ухватити."
Галатима,5,2,"Ево ја, Павле, кажем вам да ако се обрезујете, Христос вам ништа неће користити."
Галатима,5,3,А свједочим опет свакоме човјеку који се обрезује да је дужан сав закон творити.
Галатима,5,4,"Одвојисте се од Христа, ви који себе законом оправдавате, и од благодати отпадосте;"
Галатима,5,5,"Јер ми Духом, од вјере, чекамо наду праведности."
Галатима,5,6,"Јер у Христу Исусу нити што вриједи обрезање ни необрезање, него вјера која кроз љубав дјела."
Галатима,5,7,Трчасте добро! Ко вас спријечи да се не покоравате истини?
Галатима,5,8,Та упорност није од Онога који вас зове.
Галатима,5,9,Мало квасца укисели све тијесто.
Галатима,5,10,"Ја се уздам у вас у Господу да ништа друго нећете мислити; а онај који вас узбуњује сносиће осуду, ма ко био."
Галатима,5,11,"А ја, браћо, ако још обрезање проповиједам, зашто ме онда гоне? Дакле, укида се саблазан крста."
Галатима,5,12,"О, па би се и одсјекли они који вас буне!"
Галатима,5,13,"Јер сте ви, браћо, на слободу позвани; само не слободу за угађање тијелу, него да из љубави служите једни другима."
Галатима,5,14,"Јер се сав Закон испуњава у једној ријечи, у овој: Љуби ближњега својега као себе самога."
Галатима,5,15,"Али ако један другога уједате и прождирете, гледајте да се међусобно не истријебите."
Галатима,5,16,"Велим пак: по Духу ходите, и похоту тјелесну нећете чинити."
Галатима,5,17,"Јер тијело жели против Духа, а Дух против тијела; а ово се противи једно другоме, да чините оно што не бисте хтјели."
Галатима,5,18,"Ако сте пак Духом вођени, нисте под законом."
Галатима,5,19,"А позната су дјела тијела, која су: прељуба, блуд, нечистота, бесрамност,"
Галатима,5,20,"Идолопоклонство, чарање, непријатељства, свађе, пакости, гњев, пркоси, раздори, јереси,"
Галатима,5,21,"Зависти, убиства, пијанства, раскалашности, и слично овима за која вам унапријед казујем, као што сам и раније говорио, да они који тако нешто чине неће наслиједити Царства Божијега."
Галатима,5,22,"А плод Духа јесте: љубав, радост, мир, дуготрпљење, благост, доброта, вјера,"
Галатима,5,23,"Кротост, уздржање. За такве нема закона."
Галатима,5,24,"А који су Христови, распеше тијело са страстима и жељама."
Галатима,5,25,"Ако Духом живимо, по Духу и да ходимо."
Галатима,5,26,"Не будимо сујетни, изазивајући једни друге, завидећи једни другима."
Галатима,6,1,"Браћо, ако и упадне човјек у какво сагрешење, ви духовни исправљајте таквога духом кротости, чувајући себе да и ти не будеш искушан."
Галатима,6,2,"Носите бремена један другога, и тако испуните закон Христов."
Галатима,6,3,"Јер ако ко мисли да је нешто, а није ништа, вара самога себе."
Галатима,6,4,"А сваки нека испита своје дјело, и тада ће сам у себи имати похвалу, а не у другоме;"
Галатима,6,5,Јер ће сваки своје бреме носити.
Галатима,6,6,"А који се учи ријечи, нека дијели сва добра са оним који га учи."
Галатима,6,7,"Не варајте се, Бог се не да обмањивати; јер што човјек посије оно ће и пожњети."
Галатима,6,8,"Јер који сије у тијело своје, од тијела ће пожњети трулеж, а ко сије у дух, од Духа ће пожњети живот вјечни."
Галатима,6,9,"А добро чинити да нам не досади, јер ћемо у своје вријеме пожњети ако не малакшемо."
Галатима,6,10,"Зато, дакле, док имамо времена, чинимо добро свима, а особито својима по вјери."
Галатима,6,11,Видите како вам великим словима написах својом руком!
Галатима,6,12,"Који хоће да се допадну по тијелу, они вас приморавају да се обрезујете, само да не буду гоњени за крст Христов."
Галатима,6,13,"Јер ни сами обрезани не држе закон, него хоће да се ви обрезујете да би се вашим тијелом хвалили."
Галатима,6,14,"А ја, Боже сачувај, да се чим другим хвалим осим крстом Господа нашега Исуса Христа, којим се мени разапе свијет и ја свијету."
Галатима,6,15,"Јер у Христу Исусу нити обрезање што помаже нити необрезање, него нова твар."
Галатима,6,16,"И који год буду живјели по овоме правилу, мир на њих и милост, и на Израиљ Божији."
Галатима,6,17,"Убудуће да ми нико не ствара тешкоће, јер ја ране Господа Исуса на тијелу својему носим."
Галатима,6,18,"Благодат Господа нашега Исуса Христа са духом вашим, браћо. Амин."
Ефешанима,1,1,"Павле, апостол Исуса Христа по вољи Божијој, светима који су у Ефесу, и вјернима у Христу Исусу;"
Ефешанима,1,2,Благодат вам и мир од Бога Оца нашега и Господа Исуса Христа.
Ефешанима,1,3,"Благословен Бог и Отац Господа нашега Исуса Христа, који нас је благословио у Христу сваким благословом духовним на иебесима,"
Ефешанима,1,4,"Као што нас и изабра у Њему прије постања свијета да будемо свети и непорочни пред Њим, у љубави,"
Ефешанима,1,5,"Предодредивши нас себи на усиновљење кроз Исуса Христа, по благонаклоности воље своје,"
Ефешанима,1,6,"На похвалу славе благодати своје, којом нас облагодати у Љубљеноме,"
Ефешанима,1,7,"У коме имамо избављење крвљу његовом, опроштење гријехова по богатству благодати његове,"
Ефешанима,1,8,"Коју је преумножио у нама у свакој мудрости и разборитости,"
Ефешанима,1,9,"Обзнанивши нам тајну воље своје, по благовољењу својему које унапријед одреди у Њему,"
Ефешанима,1,10,"За остварење пуноће времена, да се све састави у Христу, оно што је на небу и што је на земљи, у Њему,"
Ефешанима,1,11,"У коме и постасмо насљедници унапријед одређени према намјери Онога који све чини по савјету воље своје,"
Ефешанима,1,12,"Да будемо на похвалу славе његове, ми који смо се унапријед надали у Христа,"
Ефешанима,1,13,"У којему и ви, чувши ријеч истине, јеванђеље спасења вашега, и повјеровавши у Њега, бисте запечаћени обећаним Духом Светим,"
Ефешанима,1,14,"Који је залог насљедства нашега, за искупљење тековине, на похвалу славе његове."
Ефешанима,1,15,"Зато и ја, чувши за вашу вјеру у Господа Исуса и љубав према свима светима,"
Ефешанима,1,16,Не престајем благодарити за вас спомињући вас у својим молитвама:
Ефешанима,1,17,"Да вам Бог Господа нашега Исуса Христа, Отац славе, даде Духа мудрости и откривења да га познате,"
Ефешанима,1,18,"И просвијетљене очи срца вашега да бисте знали у чему је нада позива његова, и какво је богатство славе насљеђа његова у светима,"
Ефешанима,1,19,"И каква је неизмјерна величина силе његове на нама који вјерујемо по дјејству силне моћи његове,"
Ефешанима,1,20,"Коју учини у Христу васкрсавши га из мртвих, и посади себи с десне стране на небесима,"
Ефешанима,1,21,"Изнад свакога началства, и власти, и силе, и господства, и изнад свакога имена што се може назвати, не само у овоме вијеку, него и у будућем;"
Ефешанима,1,22,"И све покори под ноге његове, и Њега постави изнад свега за главу Цркви,"
Ефешанима,1,23,"Која је тијело његово, пуноћа Онога који све испуњава у свему."
Ефешанима,2,1,"И вас који бијасте мртви због пријеступа и гријехова својих,"
Ефешанима,2,2,"У којима некада ходисте по духу овога свијета, по кнезу који влада у ваздуху, по духу који сада дјејствује у синовима противљења,"
Ефешанима,2,3,"Међу којима и ми сви живјесмо некада по жељама тијела свога, чинећи вољу тијела и помисли, и бијасмо по природи дјеца гњева као и остали;"
Ефешанима,2,4,"А Бог, који је богат у милости, због велике љубави своје којом нас завоље,"
Ефешанима,2,5,"И нас, који бијасмо мртви због гријехова, оживи са Христом - благодаћу сте спасени -"
Ефешанима,2,6,"И с Њим заједно васкрсе и заједно посади на небесима у Христу Исусу,"
Ефешанима,2,7,Да покаже у вијековима који долазе превелико богатство благодати своје добротом према нама у Христу Исусу.
Ефешанима,2,8,"Јер сте благодаћу спасени кроз вјеру; и то није од вас, дар је Божији;"
Ефешанима,2,9,"Не од дјела, да се не би ко хвалисао."
Ефешанима,2,10,"Јер смо његова творевина, саздани у Христу Исусу за дјела добра, која Бог унапријед припреми да у њима ходимо."
Ефешанима,2,11,"Зато памтите да ви, који сте некада по тијелу незнабошци били, називани необрезање од оних који су се звали тјелесно обрезање руком вршено,"
Ефешанима,2,12,"Да бијасте у оно вријеме без Христа, отуђени од заједнице Израиљеве и страни у завјетима обећања, наде немајући, и без Бога на свијету."
Ефешанима,2,13,"А сад у Христу Исусу, ви који сте некад били далеко, постадосте близу крвљу Христовом."
Ефешанима,2,14,"Јер Он је мир наш, који и једне и друге састави у једно и разруши преграду која је растављала, то јест непријатељство,"
Ефешанима,2,15,"Укинувши тијелом својим закон са његовим заповијестима и прописима, да оба сазда у самоме себи у једнога новога човјека, стварајући мир;"
Ефешанима,2,16,"И да помири са Богом и једне и друге у једном тијелу крстом, убивши непријатељство на њему."
Ефешанима,2,17,И Он дошавши благовијести мир вама који сте далеко и онима који су близу.
Ефешанима,2,18,Јер кроз Њега имамо и једни и други приступ ка Оцу у једном Духу.
Ефешанима,2,19,"Тако, дакле, нисте више странци ни дошљаци, него сте суграђани светих и домаћи Божији,"
Ефешанима,2,20,"Назидани на темељу апостола и пророка, гдје је угаони камен сам Исус Христос,"
Ефешанима,2,21,"На коме сва грађевина, складно спојена, расте у храм свети у Господу;"
Ефешанима,2,22,У кога се и ви заједно уграђујете у обиталиште Божије у Духу.
Ефешанима,3,1,"Ради тога сам ја, Павле, сужањ Христа Исуса за вас незнабошце."
Ефешанима,3,2,"Ако сте пак чули за устројство благодати Божије која је мени дана за вас,"
Ефешанима,3,3,"Да се мени по откривењу обзнани тајна, као што раније писах укратко,"
Ефешанима,3,4,"Одакле читајући можете схватити моје познавање тајне Христа,"
Ефешанима,3,5,"Која у другим нараштајима није била обзнањена синовима човјечијим, како се сада Духом откри његовим светим апостолима и пророцима;"
Ефешанима,3,6,"Да су незнабошци сунасљедници и сутјелесници и судионици обећања његова у Христу Исусу кроз јеванђеље,"
Ефешанима,3,7,"Којему постадох слуга по дару благодати Божије, која ми је дана по дјејству силе његове."
Ефешанима,3,8,"Мени, најмањему од свих светих, даде се ова благодат да благовијестим међу незнабошцима неистраживо богатство Христово,"
Ефешанима,3,9,"И да расвијетлим свима у чему је устројство тајне од вјечности сакривене у Богу, који је саздао све кроз Исуса Христа,"
Ефешанима,3,10,"Да се кроз Цркву сада обзнани началствима и властима на небесима многострука мудрост Божија,"
Ефешанима,3,11,"По вјечној намјери коју изврши у Христу Исусу Господу нашему,"
Ефешанима,3,12,У коме имамо слободу и приступ с поуздањем кроз вјеру у Њега.
Ефешанима,3,13,"Зато вас молим да не малакшете због невоља мојих за вас, које су слава ваша."
Ефешанима,3,14,"Ради тога преклањам кољена своја пред Оцем Господа нашега Исуса Христа,"
Ефешанима,3,15,"Од кога сваки род на небесима и на земљи има своје име,"
Ефешанима,3,16,"Да вам по богатству славе своје даде силу, да ојачате Духом његовим у унутарњем човјеку,"
Ефешанима,3,17,"Да се Христос вјером усели у срца ваша,"
Ефешанима,3,18,"Да бисте, укорјењени и утемељени у љубави, могли разумјети са свима светима шта је ширина и дужина, и дубина и висина,"
Ефешанима,3,19,"И познати љубав Христову која превазилази разум, да бисте се испунили сваком пуноћом Божијом."
Ефешанима,3,20,"А Ономе који може још и неупоредиво више учинити од онога што ми иштемо или мислимо, по сили која дјејствује у нама,"
Ефешанима,3,21,Њему нека је слава у Цркви у Христу Исусу кроз све нараштаје у вијекове вијекова. Амин.
Ефешанима,4,1,"Молим вас, дакле, ја сужањ у Господу, да се владате достојно звања на које сте позвани,"
Ефешанима,4,2,"Са сваком смиреношћу и кротошћу, са дуготрпљењем, подносећи један другога у љубави,"
Ефешанима,4,3,Старајући се да чувате јединство Духа свезом мира:
Ефешанима,4,4,"Једно тијело, један Дух, као што сте и позвани у једну наду звања својега;"
Ефешанима,4,5,"Један Господ, једна вјера, једно крштење,"
Ефешанима,4,6,"Један Бог и Отац свију, који је над свима, кроза све, и у свима нама."
Ефешанима,4,7,А свакоме се од нас даде благодат по мјери дара Христова.
Ефешанима,4,8,Зато вели: Узишавши на висину заплијени плијен и даде дарове људима.
Ефешанима,4,9,"А оно ""узиђе"" шта је, осим да прво и сиђе у најдоња мјеста земље?"
Ефешанима,4,10,Онај који сиђе то је исти који и узиђе више свију небеса да испуни све.
Ефешанима,4,11,"И Он даде једне као апостоле, а друге као пророке, једне као јеванђелисте, а друге као пастире и учитеље,"
Ефешанима,4,12,За усавршавање светих у дјелу служења. за сазидање тијела Христова;
Ефешанима,4,13,"Док не достигнемо сви у јединство вјере и познања Сина Божијега, у човјека савршена, у мјеру раста пуноће Христове;"
Ефешанима,4,14,"Да не будемо више мала дјеца, коју љуља и заноси сваки вјетар учења, обманом људском, и лукавством ради довођења у заблуду;"
Ефешанима,4,15,Него да будемо истински у љубави да у свему узрастемо у Онога који је глава - Христос.
Ефешанима,4,16,"Од кога све тијело, састављано и повезивано помоћу свих зглавака, тако да један другог потпомаже по мјери сваког појединог члана, чини да тијело расте на изграђивање самога себе у љубави."
Ефешанима,4,17,"Ово, дакле, говорим и свједочим у Господу да више не живите као што живе и остали незнабошци у празноумљу своме,"
Ефешанима,4,18,"Помрачених мисли, отуђени од живота Божијега због незнања које је у њима, због окамењености срца њиховога."
Ефешанима,4,19,"Они отупјевши предадоше себе разузданости, па чине сваку нечистоту с похлепом."
Ефешанима,4,20,"А ви тако не упознасте Христа,"
Ефешанима,4,21,"Ако ли га чусте и у Њему научени бисте, као што и јесте истина у Исусу,"
Ефешанима,4,22,"Да ви одбаците ранији начин живота старога човјека, који пропада у жељама варљивим,"
Ефешанима,4,23,"А да се обнављате духом ума својега,"
Ефешанима,4,24,"И обуците се у новога човјека, сазданога по Богу у праведности и светости истине."
Ефешанима,4,25,"Зато одбацивши лаж, говорите истину сваки са својим ближњим; јер смо удови један другоме."
Ефешанима,4,26,Гњевите се али не гријешите; сунце да не зађе у гњеву вашему;
Ефешанима,4,27,Нити дајите мјеста ђаволу.
Ефешанима,4,28,"Крадљивац нека више не краде, него боље нека се труди да ради својим рукама оно што је добро да би имао давати ономе коме је потребно."
Ефешанима,4,29,"Никаква рђава ријеч да не излази из уста ваших, него само добра за изграђивање онога што је потребно, да донесе благодат онима који слушају."
Ефешанима,4,30,"И не жалостите Светога Духа Божијега, којим сте запечаћени за дан избављења."
Ефешанима,4,31,"Свака горчина и гњев и љутина и вика и хула са сваком злобом, нека су далеко од вас."
Ефешанима,4,32,"А будите међу собом благи, милостиви, праштајући један другоме, као што је и Бог у Христу опростио вама."
Ефешанима,5,1,"Угледајте се, дакле, на Бога као дјеца вољена."
Ефешанима,5,2,И живите у љубави као што је и Христос нас љубио и предао себе за нас као принос и жртву Богу на пријатни мирис.
Ефешанима,5,3,"А блуд и свака нечистота и лакомство да се и не спомиње међу вама, као што и доликује светима;"
Ефешанима,5,4,"Ни срамотне ни луде ријечи или шале, што год је непристојно, него радије захваљивање."
Ефешанима,5,5,"Јер знајте ово, да ниједан блудник, или нечист, или лакомац, који је идолопоклоник, нема насљеђа у Царству Христа и Бога."
Ефешанима,5,6,Нико да вас не заварава празним ријечима; јер због тога долази гњев Божији на синове противљења.
Ефешанима,5,7,"Не будите, дакле, саучесници њихови."
Ефешанима,5,8,"Јер некада бијасте тама, а сада сте свјетлост у Господу: владајте се као дјеца свјетлости;"
Ефешанима,5,9,Јер плод Духа је у свакој доброти и праведности и истини.
Ефешанима,5,10,Истражујте што је угодно Господу.
Ефешанима,5,11,"И немојте узимати учешћа у бесплодним дјелима таме, него их још разоткривајте."
Ефешанима,5,12,Јер је срамно и говорити о ономе што они тајно чине.
Ефешанима,5,13,А све што се разоткрива свјетлошћу се објелодањује; јер све што је објелодањено излази на свјетлост.
Ефешанима,5,14,"Зато вели: Устани ти који спаваш и васкрсни из мртвих, и обасјаће те Христос."
Ефешанима,5,15,"Дакле, пазите добро како живите, не као немудри. него као мудри,"
Ефешанима,5,16,"Користећи вријеме, јер су дани зли."
Ефешанима,5,17,"Због тога не будите неразумни, него схватите шта је воља Господња."
Ефешанима,5,18,"И не опијајте се вином, у чему је разврат, него се испуњавајте Духом,"
Ефешанима,5,19,"Говорећи међу собом у псалмима и химнама и пјесмама духовним, пјевајући и појући Господу у срцу своме;"
Ефешанима,5,20,"Захваљујући свагда за све Богу и Оцу у име Господа нашега Исуса Христа,"
Ефешанима,5,21,Покоравајући се један другоме у страху Божијем.
Ефешанима,5,22,"Жене, покоравајте се својим мужевима као Господу."
Ефешанима,5,23,"Јер муж је глава жени као што је и Христос глава Цркви, и Он је спаситељ тијела."
Ефешанима,5,24,"Но као што се Црква покорава Христу, тако и жене у свему својим мужевима."
Ефешанима,5,25,"Мужеви, волите своје жене као што и Христос заволе Цркву и себе предаде за њу,"
Ефешанима,5,26,"Да је освети, очистивши је крштењем у води ријечју,"
Ефешанима,5,27,"Да је стави преда се, славну Цркву, која нема мрље ни боре, или што томе слично, него да буде света и непорочна."
Ефешанима,5,28,"Тако су дужни и мужеви да воле своје жене као своја тијела; јер који воли своју жену, самога себе воли."
Ефешанима,5,29,"Јер нико никад не омрзну на своје тијело, него га храни и његује, као и Господ Цркву."
Ефешанима,5,30,"Јер смо удови тијела његова, од меса његова, и од костију његових."
Ефешанима,5,31,"Тога ради оставиће човјек оца својега и матер и прилијепиће се жени својој, и биће двоје једно тијело."
Ефешанима,5,32,"Тајна је ово велика, а ја говорим о Христу и о Цркви."
Ефешанима,5,33,"Тако и ви, сваки да воли онако своју жену као и себе самога; а жена да се боји својега мужа."
Ефешанима,6,1,"Дјецо, слушајте своје родитеље у Господу, јер је ово праведно."
Ефешанима,6,2,Поштуј оца својега и матер: ово је прва заповијест с обећањем:
Ефешанима,6,3,"Да ти добро буде, и да дуго поживиш на земљи."
Ефешанима,6,4,"И ви оцеви, не раздражујте дјецу своју, него их подижите у васпитању и науци Господњој."
Ефешанима,6,5,"Робови, будите послушни својим господарима по тијелу, као Христу, са страхом и трепетом, у простоти срца својега."
Ефешанима,6,6,"Не радећи само привидно као да угађате људима, него као слуге Христове, творећи вољу Божију од срца,"
Ефешанима,6,7,"Служећи драговољно као Господу, а не као људима."
Ефешанима,6,8,"Знајући да ће сваки ако што добро учини, то примити од Господа, био роб или слободљак."
Ефешанима,6,9,"И ви господари, чините то исто њима, без пријетње, знајући да је и њихов и ваш Господар на небесима, а Он не гледа ко је ко."
Ефешанима,6,10,"А даље, браћо моја. јачајте у Господу, и у сили моћи његове."
Ефешанима,6,11,"Обуците се у свеоружје Божије, да бисте се могли одржати против лукавства ђаволскога."
Ефешанима,6,12,"Јер не ратујемо против крви и тијела, него против поглаварства, и власти, и господара таме овога свијета, против духова злобе у поднебесју."
Ефешанима,6,13,"Зато узмите свеоружје Божије, да бисте се могли одупријети у зли дан, и одољевши свему, одржати се."
Ефешанима,6,14,"Стојте, дакле, опасавши бедра своја истином и обукавши се у оклоп правде,"
Ефешанима,6,15,И обувши ноге у приправност за јеванђеље мира;
Ефешанима,6,16,"А изнад свега узмите штит вјере, о који ћете моћи погасити све огњене стријеле нечастивога;"
Ефешанима,6,17,"И кацигу спасења узмите, и мач Духа, који је ријеч Божија."
Ефешанима,6,18,"И сваком молитвом и прозбом молите се у Духу у свако доба, и уз то, бдите са сваком истрајношћу и мољењем за све свете,"
Ефешанима,6,19,"И за мене, да ми се даде ријеч кад отворим уста своја, да смјело обзнаним тајну јеванђеља,"
Ефешанима,6,20,"За које служим у оковима, да о њему говорим смјело, као што сам дужан говорити."
Ефешанима,6,21,"А да бисте и ви знали како сам ја и шта радим, све ће вам казати Тихик, љубљени брат и вјерни служитељ у Господу,"
Ефешанима,6,22,"Којега управо за то и послах к вама, да знате како смо и да утјеши срца ваша."
Ефешанима,6,23,Мир браћи и љубав са вјером од Бога Оца и Господа Исуса Христа!
Ефешанима,6,24,Благодат са свима који постојано љубе Господа нашега Исуса Христа. Амин.
Филипљанима,1,1,"Павле и Тимотеј, слуге Исуса Христа, свима светима у Исусу Христу који су у Филипима, са епископима и ђаконима:"
Филипљанима,1,2,Благодат вам и мир од Бога Оца нашега и Господа Исуса Христа.
Филипљанима,1,3,"Захваљујем Богу мојему кад год се сјетим вас,"
Филипљанима,1,4,"Свагда у свакој молитви мојој са радошћу молећи се за све вас,"
Филипљанима,1,5,"Што ви постадосте заједничари у јеванђељу, од првога дана па до сада;"
Филипљанима,1,6,"Убијеђен у то, да ће Онај који је отпочео добро дјело у вама довршити га све до дана Исуса Христа."
Филипљанима,1,7,"Као што је и право да ја ово за све вас мислим; јер вас имам у срцу, и у оковима мојима, и у одбрани, и потврђивању јеванђеља, све вас који сте заједничари моји у благодати."
Филипљанима,1,8,"Јер Бог ми је свједок, колико чезнем за свима вама у љубави Исуса Христа;"
Филипљанима,1,9,"И за то се молим Богу да љубав ваша све више и више изобилује у познању и сваком расуђивању,"
Филипљанима,1,10,"Да процијените шта је најбоље, да будете чисти и беспрекорни на дан Христов,"
Филипљанима,1,11,"Пуни плодова правде кроз Исуса Христа, на славу и хвалу Божију."
Филипљанима,1,12,"Хоћу пак да знате, браћо, да је оно што се збило са мном само допринијело напретку јеванђеља,"
Филипљанима,1,13,Тако да сав царски суд и сви остали знају да сам у оковима за Христа.
Филипљанима,1,14,"И многа браћа у Господу, ободрена оковима мојима, још више су се осмје лили да без страха говоре ријеч Божију."
Филипљанима,1,15,"Једни, додуше, из зависти и свађе проповиједају Христа, а други од добре воље;"
Филипљанима,1,16,"Тако да једни из пркоса објављују Христа с нечистом намјером, мислећи да ће нанијети жалост мојим оковима;"
Филипљанима,1,17,"А други из љубави, знајући да сам овдје за одбрану јеванђеља."
Филипљанима,1,18,"Шта онда? Било како му драго, притворно или истински, Христос се проповиједа; и томе се радујем, а и радоваћу се;"
Филипљанима,1,19,"Јер знам да ће се ово окренути на моје спасење по вашој молитви и помоћу Духа Исуса Христа,"
Филипљанима,1,20,"Као што поуздано чекам и надам се да се ни у чему нећу постидјети, него да ће се Христос као свагда и сада свом смјелошћу величати у тијелу мојему, било животом било смрћу."
Филипљанима,1,21,Јер је мени живот Христос и смрт добитак.
Филипљанима,1,22,"Али ако је живљење у тијелу плодоносно за моје дјело, онда не знам шта да изаберем."
Филипљанима,1,23,"А обузима ме обоје: имам жељу умријети и са Христом бити, што је много боље;"
Филипљанима,1,24,Али остати у тијелу потребније је вас ради.
Филипљанима,1,25,"И ово поуздано знам, да ћу остати и боравити са свима вама за ваш напредак и радост вјере,"
Филипљанима,1,26,Да би се похвала ваша у Христу Исусу умножила преко мене када вам опет дођем.
Филипљанима,1,27,"Само живите достојно јеванђеља Христова, да вас када дођем видим, или ако вам не дођем, да чујем за вас да стојите у једноме духу, једнодушно борећи се за вјеру јеванђеља,"
Филипљанима,1,28,"И ни у чему да се не плашите противника; то је њима знак погибли, а вама спасења, и то од Бога."
Филипљанима,1,29,"Јер је вама даровано за Христа, не само да вјерујете у Њега, него и да страдате за Њега,"
Филипљанима,1,30,Имајући ону исту борбу какву код мене видјесте и сад чујете о мени.
Филипљанима,2,1,"Ако, дакде, имате неку утјеху у Христу, ако ли топлину љубави, ако ли заједницу Духа, ако ли саосјећање и самилост,"
Филипљанима,2,2,"Употпуните моју радост, да исто мислите, да исту љубав имате, једнодушни, једномислени:"
Филипљанима,2,3,"Ништа не чините из пркоса, нити за празну славу, него смирењем сматрајте један другога већим од себе."
Филипљанима,2,4,"Не старајте се свако за своје, него свако и за оно што је других."
Филипљанима,2,5,"Зато нека је у вама иста мисао која је и у Христу Исусу,"
Филипљанима,2,6,"Који будући у обличју Божијем, није сматрао за отимање то што је једнак са Богом,"
Филипљанима,2,7,"Него је себе понизио узевши обличје слуге, постао истовјетан људима, и изгледом се нађе као човјек;"
Филипљанима,2,8,"Унизио је себе и био послушан до смрти, и то до смрти на крсту,"
Филипљанима,2,9,"Зато и Њега Бог високо уздиже, и дарова му Име које је изнад свакога имена."
Филипљанима,2,10,Да се у Име Исусово поклони свако кољено што је на небесима и на земљи и под земљом;
Филипљанима,2,11,"И, да сваки језик призна да је Исус Христос Господ на славу Бога Оца."
Филипљанима,2,12,"Тако, љубљени моји, као што сте свагда били послушни, не само у мојем присуству, него много више сада у одсуству мојем, градите спасење своје са страхом и трепетом."
Филипљанима,2,13,Јер Бог је онај који чини у вама и да хоћете и да творите по његовом благовољењу.
Филипљанима,2,14,"Све чините без гунђања и двоумљења,"
Филипљанима,2,15,"Да будете беспрекорни и честити, дјеца Божија непорочна усред рода неваљалога и покваренога, у којему сијате као свјетила у васиони,"
Филипљанима,2,16,"Држећи ријеч живота на моју похвалу за дан Христов, да ми не буде узалуд трчање, нити труд узалуд."
Филипљанима,2,17,"Али ако се и приносим на жртву и службу вјере ваше, радујем се, и са свима вама се радујем."
Филипљанима,2,18,"Исто тако се и ви радујте, и будите радосни са мном."
Филипљанима,2,19,"А надам се у Господа Исуса, да ћу вам ускоро послати Тимотеја, да се и ја орасположим дознавши како сте ви."
Филипљанима,2,20,Јер немам никога тако сродне душе који би се толико искрено бринуо за вас.
Филипљанима,2,21,"Јер сви траже своје, а не оно што је Христа Исуса."
Филипљанима,2,22,"А његову освједочену вјерност знате, јер је као дијете оцу са мном служио јеванђељу."
Филипљанима,2,23,"Надам се, дакле, да ћу њега послати одмах чим видим шта ће са мном бити."
Филипљанима,2,24,А уздам се у Господа да ћу и сам убрзо доћи.
Филипљанима,2,25,"Сматрао сам пак за неопходно да пошаљем к вама Епафродита. брата и сатрудника и саборца мојега, а кога сте ви послали да ми се нађе за моје потребе."
Филипљанима,2,26,"Јер је силно чезнуо за свима вама, и било му је жао што сте чули да се разбољео."
Филипљанима,2,27,"И заиста бјеше болестан готово на смрт, али га Бог помилова, и не само њега, него и мене да ми не дође жалост на жалост."
Филипљанима,2,28,"Зато га хитно послах да се обрадујете када га опет видите, а ја да будем мање жалостан."
Филипљанима,2,29,"Примите га, дакле, у Господу са пуном радошћу, и такве поштујте,"
Филипљанима,2,30,"Јер се за дјело Христово изложи до смрти, не марећи за свој живот, да надокнади оно у чему не стигосте ви да ме услужите."
Филипљанима,3,1,"А даље, браћо моја, радујте се у Господу. Јер мени није досадно писати вам једно исто, а вама је укрепљење."
Филипљанима,3,2,"Чувајте се паса, чувајте се злих посленика, чувајте се ""подрезаних""!"
Филипљанима,3,3,"Јер обрезани, то смо ми, који Духом Божијим служимо и хвалимо се Христом Исусом, а не уздамо се у тијело,"
Филипљанима,3,4,"Премда бих се и ја могао уздати у тијело. Ако неко други мисли да се може уздати у тијело, ја још више:"
Филипљанима,3,5,"Обрезан сам у осми дан, од рода сам Израиљева, племена Венијаминова, Јеврејин од Јевреја, по закону фарисеј,"
Филипљанима,3,6,"По ревности гонитељ Цркве Божије, по правди закона беспријекоран."
Филипљанима,3,7,"Али све што ми бјеше добитак, сматрах за штету Христа ради."
Филипљанима,3,8,"Но шта више, ја и сматрам све за штету према превасходноме познању Христа Исуса, Господа мојега, ради којега сам све оставио. и сматрам све за трице, да бих Христа добио"
Филипљанима,3,9,"И да се нађем у Њему не са својом праведношћу која је од закона, него оном која је по вјери у Христа, праведношћу од Бога на основу вјере;"
Филипљанима,3,10,"Да познам Њега и силу васкрсења његова и удио у његовим страдањима, саображавајући се смрти његовој,"
Филипљанима,3,11,Да бих како достигао у васкрсење мртвих.
Филипљанима,3,12,"Не као да то већ постигох или се већ усаврших, него стремим не бих ли то достигао, као што мене достиже Христос Исус."
Филипљанима,3,13,"Браћо, ја за себе не мислим још да сам то достигао; једно пак чиним: што је за мном заборављам, а стремим за оним што је преда мном,"
Филипљанима,3,14,И трчим према циљу ради награде небескога призвања Божијега у Христу Исусу.
Филипљанима,3,15,"Ми, дакле, који смо савршени, овако да мислимо; ако ли што другачије мислите, и ово ће вам Бог открити."
Филипљанима,3,16,"Уосталом, оно што смо достигли, тога правила да се држимо и исто да мислимо."
Филипљанима,3,17,"Угледајте се на мене, браћо, и гледајте на оне који тако живе као што нас имате за примјер."
Филипљанима,3,18,"Јер многи, за које вам много пута говорих, а сад и плачући говорим, владају се као непријатељи крста Христова;"
Филипљанима,3,19,"Њихов је крај погибао, њихов бог је трбух, и слава у срамоти њиховој, они мисле оно што је земаљско."
Филипљанима,3,20,"Међутим, наше живљење је на небесима, откуда очекујемо и Спаситеља Господа Исуса Христа,"
Филипљанима,3,21,"Који ће преобразити наше понижено тијело, тако да буде саобразно тијелу славе његове, по сили којом Он може све учинити и себи покорити."
Филипљанима,4,1,"Зато, браћо моја љубљена и најжељенија, радости моја и вијенче мој тако стојте у Господу, љубљени!"
Филипљанима,4,2,"Еводију молим, и Синтихију молим, да исто мисле у Господу."
Филипљанима,4,3,"Да, молим и тебе, сатрудниче вјерни, помажи њима које се потрудише са мном у проповиједању јеванђеља заједно и са Климентом и осталим помоћницима мојим, чија су имена у Књизи живота."
Филипљанима,4,4,"Радујте се свагда у Господу, и опет велим: радујте се!"
Филипљанима,4,5,Благост ваша нека буде позната свима људима. Господ је близу.
Филипљанима,4,6,"Не брините се ни за што, него у свему молитвом и мољењем са захвалношћу казујте Богу жеље ваше."
Филипљанима,4,7,"И мир Божији, који превазилази сваки ум, сачуваће срца ваша и мисли ваше у Христу Исусу."
Филипљанима,4,8,"А даље, браћо, што год је истинито, што год је поштено, што год је праведно. што год је чисто, што год је достојно љубави, што год је на добру гласу, било која врлина, било што похвале достојно. то мислите;"
Филипљанима,4,9,"Што и научисте, и примисте и чусте и видјесте на мени, оно чините, и Бог мира биће с вама."
Филипљанима,4,10,"А обрадовах се врло у Господу што се најзад опет сјетисте да се старате за мене, као што се и старасте, али немадосте прилике."
Филипљанима,4,11,"Говорим то не због оскудице, јер ја сам се научио да будем задовољан оним што имам."
Филипљанима,4,12,"Знам и понизити се, знам и изобиловати; у свему и свачему навикох; и сит бити и гладовати, и изобиловати и оскудијевати."
Филипљанима,4,13,Све могу у Христу који ми даје моћ.
Филипљанима,4,14,"Ипак, добро учинисте што узесте учешћа у мојој невољи."
Филипљанима,4,15,"А знате и ви, Филипљани, да у почетку проповиједања јеванђеља, кад изиђох из Македоније, ни једна ми Црква није учествовала у давању и примању осим ви једини;"
Филипљанима,4,16,Јер ми и у Солун посласте и први и други пут за моју потребу.
Филипљанима,4,17,"Не као да тражим дара, него тражим плода који се множи на корист вашу."
Филипљанима,4,18,"А ја сам примио све и имам изобилно. Подмирен сам примивши од Епафродита што сте ми послали, слатки миомир, жртву пријатну. угодну Богу."
Филипљанима,4,19,"А Бог мој испуниће сваку потребу вашу по богатству својем у слави, у Христу Исусу."
Филипљанима,4,20,А Богу и Оцу нашему слава у вијекове вијекова. Амин.
Филипљанима,4,21,Поздравите свакога светога у Христу Исусу. Поздрављају вас браћа што су са мном.
Филипљанима,4,22,"Поздрављају вас сви свети, а особито они из царева дома."
Филипљанима,4,23,Благодат Господа нашега Исуса Христа са свима вама. Амин.
Колошанима,1,1,"Павле, по вољи Божијој апостол Исуса Христа, и брат Тимотеј,"
Колошанима,1,2,Светој и вјерној браћи у Христу Исусу која су у Колоси: Благодат вам и мир од Бога Оца нашега и Господа Исуса Христа.
Колошанима,1,3,"Захваљујемо свагда Богу и Оцу Господа нашега Исуса Христа кад се молимо за вас,"
Колошанима,1,4,"Пошто смо чули за вјеру вашу у Христа Исуса и за љубав коју имате према свима светима,"
Колошанима,1,5,"Због наде која вам је припремљена на небесима, о којој раније чусте у истинитој ријечи јеванђеља."
Колошанима,1,6,"Које је у вама као и у свему свијету, и плодоносно је и расте као и у вама, од онога дана како чусте и познасте благодат Божију у истини."
Колошанима,1,7,"Као што и научисте од Епафраса, љубљенога нашега сарадника, који је за вас вјерни служитељ Христов,"
Колошанима,1,8,Који нам и јави о вашој љубави у Духу.
Колошанима,1,9,"Тога ради и ми, од онога дана како чусмо, не престајемо молити се Богу за вас и искати да се испуните познањем воље његове у свакој мудрости и разуму духовноме,"
Колошанима,1,10,"Да се владате достојно Господа угађајући му у свему, и да будете плодни у сваком добром дјелу, и да растете у познању Бога,"
Колошанима,1,11,"Јачајући сваком снагом, по сили славе његове, за сваку постојаност и дуготрпељивост с радошћу,"
Колошанима,1,12,Захваљујући Богу и Оцу који нас оспособи за удио у насљедству светих у свјетлости;
Колошанима,1,13,"Који нас избави од власти таме и пренесе у Царство Сина љубави своје,"
Колошанима,1,14,"У коме имамо искупљење, опроштење гријехова;"
Колошанима,1,15,"Који је икона Бога невидљивога, Прворођени прије сваке твари,"
Колошанима,1,16,"Јер Њиме би саздано све, што је на небесима и што је на земљи, што је видљиво и што је невидљиво, били пријестоли или господства, или началства или власти: све је Њиме и за Њега саздано."
Колошанима,1,17,"И Он је прије свега, и све у њему постоји."
Колошанима,1,18,"И Он је глава тијела, Цркве, који је почетак, Прворођени из мртвих, да у свему Он буде први."
Колошанима,1,19,Јер (Отац) благоизволи да се у Њему настани сва пуноћа.
Колошанима,1,20,"И да кроз Њега измири све са собом, учинивши мир његовом крвљу на крсту, (помиривши) кроз Њега и оно што је на земљи и оно што је на небесима."
Колошанима,1,21,"И вас који сте некада били отуђени и свјесно непријатељи у злим дјелима,"
Колошанима,1,22,"Сада вас измири смрћу његовог људског тијела да вас изведе преда се свете, непорочне и невине,"
Колошанима,1,23,"Ако само останете у вјери утемељени и постојани, и не одвајајући се од наде Јеванђеља, које чусте, које је проповиједано свој твари под небом, којему ја, Павле, постадох служитељ."
Колошанима,1,24,"Сада се радујем у својим страдањима за вас, и у своме тијелу допуњавам што недостаје Христовим патњама, за тијело његово, које је Црква,"
Колошанима,1,25,"Којој ја постадох служитељ по устројству Божијем које ми је дано за вас, да у потпуности објавим ријеч Божију,"
Колошанима,1,26,"Тајну сакривену од вијекова и покољења, која се сада јави светима његовим;"
Колошанима,1,27,"Њима Бог хтједе показати колико је богатство славе тајне ове међу незнабошцима, која је Христос у вама, нада славе;"
Колошанима,1,28,"Којега ми проповиједамо уразумљујући свакога човјека и учећи свакога човјека свакој мудрости, да бисмо показали свакога човјека савршена у Христу Исусу."
Колошанима,1,29,"За ово се и трудим, борећи се по његовој моћи која у мени силно дјејствује."
Колошанима,2,1,"Хоћу, дакле, да знате колику борбу имам за вас и за оне у Лаодикији и у Јерапољу, и за све који не видјеше лица мојега у тијелу,"
Колошанима,2,2,"Да се утјеше срца њихова, да се сједине у љубави и у свакоме богатству пунога разумијевања за познање тајне Бога и Оца и Христа,"
Колошанима,2,3,У коме су сакривена сва блага премудрости и знања.
Колошанима,2,4,"А ово говорим, да вас неко не превари заводљивим ријечима."
Колошанима,2,5,"Јер ако сам тијелом и одсутан, али сам духом са вама, радујући се и видећи ваш ред и чврстину ваше вјере у Христа."
Колошанима,2,6,"Како, дакле, примисте Христа Исуса Господа, тако у Њему и живите,"
Колошанима,2,7,"Укоријењени и назидани у Њему, и утврђени у вјери као што сте научени, изобилујући у њој са захвалношћу."
Колошанима,2,8,"Пазите да вас ко не обмане философијом и празном пријеваром, по предању људском, по науци науци свијета, а не по Христу."
Колошанима,2,9,"Јер у Њему обитава сва пуноћа Божанства тјелесно,"
Колошанима,2,10,"И ви сте испуњени у Њему, који је глава свакога началства и власти;"
Колошанима,2,11,"У Њему ви и обрезани бисте обрезањем нерукотвореним, одбацивањем тијела грјеховности обрезањем Христовим,"
Колошанима,2,12,"Пошто се с Њим погребосте крштењем, у Њему сте и саваскрсли кроз вјеру у моћ Бога који га васкрсе из мртвих."
Колошанима,2,13,"И вас који сте били мртви у гријесима и у необрезању тијела вашега, оживи вас са Њим, опростивши нам све гријехе;"
Колошанима,2,14,"Избриса обвезницу која нас својим прописима оптуживаше и бјеше против нас, и уклони је приковавши је на крст;"
Колошанима,2,15,"Разоружавши началства и власти, жигоса их јавно, побједивши на њему."
Колошанима,2,16,"Да вас, дакле, нико не осуђује за јело или пиће, или за какав празник, или за младине, или за суботе,"
Колошанима,2,17,"Што је сјенка онога што ће доћи, а тијело је Христово."
Колошанима,2,18,"Нико да вас не обмањује тобожњом понизношћу и служењем анђелима, упуштајући се у оно што није видјео, и узалуд надимајући се тјелесним умом својим,"
Колошанима,2,19,А не држећи се главе из које је све тијело помоћу зглавака и свеза састављено да расте растом Божијим.
Колошанима,2,20,"Ако, дакле, умријесте са Христом за стихије свијета, зашто се држите прописа као да живите у свијету?"
Колошанима,2,21,"Не додирни, не окуси, не опипај!"
Колошанима,2,22,По заповијестима и наукама људским; а то све пропада употребом.
Колошанима,2,23,"Ово је само на изглед мудрост у самовољном служењу и понизности и мучењу тијела, а није од неког значаја за задовољење тијела."
Колошанима,3,1,"Ако сте, дакле, васкрсли са Христом, тражите оно што је горе гдје Христос сједи с десне стране Бога."
Колошанима,3,2,"Мислите о ономе што је горе, а не што је на земљи."
Колошанима,3,3,Јер умријесте и ваш је живот сакривен са Христом у Богу.
Колошанима,3,4,"А када се јави Христос, живот наш, онда ћете се и ви с Њиме јавити у слави."
Колошанима,3,5,"Умртвите, дакле, удове своје који су на земљи: блуд, нечистоту, страст, злу похоту и лакомство, што је идолопоклонство,"
Колошанима,3,6,"Због којих долази гњев Божији на синове противљења,"
Колошанима,3,7,"У којима и ви негда ходисте, када живљасте у њима."
Колошанима,3,8,"А сад одбаците и ви то све: гњев, љутину, пакост, хуљење, срамотне ријечи из уста својих."
Колошанима,3,9,"Не лажите један другога, јер свукосте старога човјека са дјелима његовим,"
Колошанима,3,10,"И обукосте се у новога, који се обнавља за познање, према лику Онога који га је саздао,"
Колошанима,3,11,"Гдје нема Јелина ни Јудејца, обрезања ни необрезања, варварина ни Скита, роба ни слободњака, него је све и у свему Христос."
Колошанима,3,12,"Обуците се, дакле, као изабраници Божији, свети и љубљени, у милосрђе, доброту, смиреноумље, кротост, дуготрпељивост,"
Колошанима,3,13,"Подносећи један другога, и опраштајући један другоме ако ко има тужбу на кога; као што Христос опрости вама, тако и ви."
Колошанима,3,14,"А поврх свега тога, обуците се у љубав, која је свеза савршенства."
Колошанима,3,15,"И мир Божији нека влада у срцима вашим, на који сте и позвани у једноме тијелу, и будите захвални."
Колошанима,3,16,"Ријеч Христова нека обитава у вама богато, у свакој мудрости учите и уразумљујте себе: псалмима и славопојима и пјесмама духовним, у благодати пјевајући Господу у срцима својим."
Колошанима,3,17,"И све што год чините ријечју или дјелом, све чините у име Господа Исуса Христа, захваљујући Богу Оцу кроз Њега."
Колошанима,3,18,"Жене, покоравајте се својим мужевима, као што доликује у Господу."
Колошанима,3,19,"Мужеви, љубите жене ваше и не срдите се на њих."
Колошанима,3,20,"Дјецо, слушајте родитеље своје у свему, јер је ово угодно Господу."
Колошанима,3,21,"Оцеви, не раздражујте дјеце ваше, да не клону духом."
Колошанима,3,22,"Робови, будите послушни у свему вашим господарима по тијелу, не радећи само притворно као да људима угађате, него у простоти срца, бојећи се Бога."
Колошанима,3,23,"И све што год чините, од срца чините, као Господу, а не као људима,"
Колошанима,3,24,"Знајући да ћете од Господа примити као награду насљедство, јер Господу Христу служите."
Колошанима,3,25,"А који чини неправду, примиће што је скривио, и не гледа се ко је ко."
Колошанима,4,1,"Господари, правду и једнакост указујте робовима, знајући да и ви имате Господа на небесима."
Колошанима,4,2,"У молитви будите истрајни; бдите у њој са захваљивањем,"
Колошанима,4,3,"Молећи се уједно и за нас, да нам Бог отвори врата ријечи, да казујемо тајну Христову, због које сам и свезан,"
Колошанима,4,4,Да је објавим као што треба да говорим.
Колошанима,4,5,"Мудро се владајте према онима који су изван, користећи вријеме."
Колошанима,4,6,"Ријеч ваша да бива свагда у благодати, сољу зачињена, да знате како треба свакоме одговорити."
Колошанима,4,7,"За мене казаће вам све Тихик, љубљени брат и вјерни служитељ и сарадник у Господу,"
Колошанима,4,8,"Којега послах к вама за то исто, да сазна како сте ви, и да утјеши срца ваша,"
Колошанима,4,9,"С Онисимом, вјерним и љубљеним братом, који је од вас. Они ће вам казати све како је овдје."
Колошанима,4,10,"Поздравља вас Аристарх, који је сужањ са мном, и Марко, нећак Варнавин, за којега примисте заповјести, ако дође к вама, примите га,"
Колошанима,4,11,"И Исус, прозвани Јуст, који су из обрезања: они су једини моји сарадници за Царство Божије који ми бише утјеха."
Колошанима,4,12,"Поздравља вас Епафрас, који је од вас, слуга Исуса Христа; он се једнако труди за вас у молитвама да будете савршени и испуњени сваком вољом Божијом."
Колошанима,4,13,Јер ја свједочим за њега да има велику ревност за вас и за оне који су у Лаодикији и за оне у Јерапољу.
Колошанима,4,14,"Поздравља вас Лука, љекар љубљени, и Димас."
Колошанима,4,15,"Поздравите браћу у Лаодикији, и Нимфана и домаћу цркву његову."
Колошанима,4,16,"И када се ова посланица прочита код вас, настојте да се прочита и у Лаодикијској Цркви, а ону из Лаодикије да и ви прочитате."
Колошанима,4,17,"И кажите Архипу: гледај службу коју си примио у Господу, да је испуњаваш."
Колошанима,4,18,"Поздрав мојом руком, Павловом. Опомињите се мојих окова. Благодат са вама! Амин."
1. Солуњанима,1,1,Павле и Силван и Тимотеј Цркви Солунској која је у Богу Оцу и Господу Исусу Христу: Благодат вам и мир од Бога Оца нашега и Господа Исуса Христа.
1. Солуњанима,1,2,"Захваљујемо Богу свагда за све вас помињући вас у молитвама својим,"
1. Солуњанима,1,3,"Сјећајући се непрестано вашег дјела вјере, и труда љубави, и постојане наде у Господа нашега Исуса Христа пред Богом и Оцем нашим,"
1. Солуњанима,1,4,"Знајући, браћо љубљена од Бога, да сте изабрани."
1. Солуњанима,1,5,"Јер јеванђеље наше није проповиједано вама само ријечју, него и у сили и у Духу Светоме, и са пуним убјеђењем, као што знате какви смо били међу вама ради вас."
1. Солуњанима,1,6,"И ви се угледасте на нас и на Господа, примивши ријеч у големој невољи са радошћу Духа Светога,"
1. Солуњанима,1,7,Тако да постадосте образац свима вјерујућима у Македонији и у Ахаји.
1. Солуњанима,1,8,"Јер је од вас одјекнула ријеч Господња не само у Македонији и у Ахаји, него се и у сваком мјесту разгласи вјера ваша у Бога, тако да нам није потребно што говорити."
1. Солуњанима,1,9,"Јер они сами причају о нама како нас ви дочекасте, и како се од идола обратисте Богу, да служите Богу живом и истинитом,"
1. Солуњанима,1,10,"И да очекујете Сина његова с небеса, којега подиже из мртвих, Исуса, који нас избавља од гњева који долази."
1. Солуњанима,2,1,"Јер и сами, браћо, знате да долазак наш к вама није био узалуд;"
1. Солуњанима,2,2,"Него, пошто најприје страдасмо и понижавани бисмо у Филипима, као што знате, ми се осмјелисмо у Богу нашем да вам казујемо јеванђеље Божије уз велику борбу."
1. Солуњанима,2,3,"Јер наша проповијед није од заблуде, нити од нечистоте, ни у лукавству,"
1. Солуњанима,2,4,"Већ као што нас је Бог провјерио да смо способни да нам се повјери јеванђеље, тако говоримо, а не као они који угађају људима, него Богу који испитује срца наша."
1. Солуњанима,2,5,"Јер, као што знате, никада не наступасмо ради ласкања, нити због похлепе: Бог је свједок;"
1. Солуњанима,2,6,"Не тражећи славе од људи, ни од вас ни од других."
1. Солуњанима,2,7,"Могли смо вам бити на терету као Христови апостоли; међутим, бијасмо благи међу вама као дојиља када негује своју дјецу."
1. Солуњанима,2,8,"Тако смо чезнули за вама, да смо готови били дати вам не само јеванђеље Божије него и душе наше, зато што нам бијасте омиљели."
1. Солуњанима,2,9,"Јер ви, браћо, памтите труд наш и напор; јер дан и ноћ радећи да не бисмо били на терету икоме од вас, проповиједасмо вам јеванђеље Божије."
1. Солуњанима,2,10,Ви и Бог сте свједоци како се свето и праведно и непорочно владасмо пред вама који вјерујете.
1. Солуњанима,2,11,"Као што знате како сваког појединог од вас, као отац дјецу своју,"
1. Солуњанима,2,12,"Преклињасмо вас и храбрисмо и свиједочисмо, да се владате достојно Бога, који вас призива у своје Царство и славу."
1. Солуњанима,2,13,"Тога ради и ми непрестано захваљујемо Богу, што примивши ријеч Божију коју од нас чусте, прихватисте је не као ријеч човјечију, него што заиста и јесте као ријеч Божију, која и дјејствује у вама вјерујућима."
1. Солуњанима,2,14,"Јер ви, браћо, постадосте слични Црквама Божијим које су у Јудеји у Христу Исусу, зато што и ви пропатисте од својих сународника исто што и они од Јудејаца,"
1. Солуњанима,2,15,"Који убише и Господа Исуса и своје пророке, и нас прогонише, и Богу не угађају, и противни су свима људима,"
1. Солуњанима,2,16,"Спречавајући нас да говоримо незнабошцима да би се спасли; и кроз то за свагда да наврше мјеру гријехова својих, али их на крају сустиже гњев."
1. Солуњанима,2,17,"А ми, браћо, одвојивши се од вас за неко вријеме, лицем а не срцем, још више с великом жељом настојасмо да видимо лице ваше."
1. Солуњанима,2,18,"Зато хтједосмо доћи к вама, бар ја Павле неколико пута, и спречи нас сатана."
1. Солуњанима,2,19,Јер ко је наша нада или радост или вијенац хвале? Зар нисте то и ви пред Господом нашим Исусом Христом о његову доласку?
1. Солуњанима,2,20,Јер сте ви наша слава и радост.
1. Солуњанима,3,1,"Зато, не могавши више издржати, нађосмо за добро да останемо сами у Атини,"
1. Солуњанима,3,2,"Па посласмо Тимотеја, брата нашега и служитеља Божијега и сарадника нашега у јеванђељу Христовом, да вас утврди и да вас ободри у вјери вашој,"
1. Солуњанима,3,3,Да се нико не поколеба у овим невољама; јер сами знате да нам то предстоји.
1. Солуњанима,3,4,"Јер кад смо још код вас били, ми смо вам казали унапријед да ћемо имати невоља, и као што знате, то се и догодило."
1. Солуњанима,3,5,"Ради тога и ја, не могавши више издржати, послах да сазнам о вјери вашој, да вас како није искушао кушач, па да наш труд буде узалуд."
1. Солуњанима,3,6,"А сада, када нам је Тимотеј дошао од вас, и донио нам добре вијести о вашој вјери и љубави, и да нас се свагда радо сјећате, желећи да видите нас, као и ми вас,"
1. Солуњанима,3,7,"Зато се вама утјешисмо, браћо, вјером вашом при свој нашој невољи и биједи."
1. Солуњанима,3,8,"Јер сад смо живи, кад ви чврсто стојите у Господу."
1. Солуњанима,3,9,"Јер какву захвалност можемо одати Богу за вас, за сву радост којом се радујемо због вас пред Богом нашим?"
1. Солуњанима,3,10,Ноћ и дан најусрдније се молимо Богу да видимо лице ваше и да допунимо оно што недостаје вјери вашој.
1. Солуњанима,3,11,А сам Бог и Отац наш и Господ наш Исус Христос да управи пут наш к вама.
1. Солуњанима,3,12,"А вас Господ нека обогати и преиспуни љубављу једних према другима и према свима, каква је и наша према вама,"
1. Солуњанима,3,13,Да би се утврдила срца ваша непорочна у светости пред Богом и Оцем нашим о доласку Господа нашега Исуса Христа са свима светима његовим. Амин.
1. Солуњанима,4,1,"А надаље, браћо, молимо вас и савјетујемо у Господу Исусу, да као што примисте од нас: како вам се ваља владати и Богу угађати, да још више напредујете."
1. Солуњанима,4,2,Јер знате какве вам поуке дадосмо кроз Господа Исуса.
1. Солуњанима,4,3,"Јер је ово воља Божија: светост ваша, да се чувате од блуда,"
1. Солуњанима,4,4,"И сваки од вас да зна држати своје тијело у светости и у части,"
1. Солуњанима,4,5,"А не у страсној жељи, као и незнабошци који не познају Бога;"
1. Солуњанима,4,6,"И да нико не преступа и не штети брата својега у свему томе, јер је Господ осветник за све то, као што вам и прије рекосмо и свједочисмо."
1. Солуњанима,4,7,"Јер нас не призва Бог на нечистоту, него у светост."
1. Солуњанима,4,8,"Који, дакле, одбацује, не одбацује човјека него Бога, који је и дао Светога Духа својега вама."
1. Солуњанима,4,9,"А о братољубљу не треба да вам се пише, јер сте сами од Бога научени да се љубите међу собом,"
1. Солуњанима,4,10,"Јер ви то и чините према свој браћи по цијелој Македонији. Али вас молимо, браћо, да још обилније чините,"
1. Солуњанима,4,11,"И да се усрдно старате да живите мирно, и да гледате своја посла, и да радите својим сопственим рукама, како вам заповиједисмо;"
1. Солуњанима,4,12,"Да се владате поштено према онима што су изван, и да вам ништа не треба."
1. Солуњанима,4,13,"Нећемо пак, браћо, да вам буде непознато шта је са онима који су уснули, да не бисте туговали као они који немају наде."
1. Солуњанима,4,14,"Јер ако вјерујемо да Исус умрије и васкрсе, тако ће и Бог оне који су уснули у Исусу довести с Њим."
1. Солуњанима,4,15,"Јер вам ово казујемо ријечју Господњом да ми који будемо живи о доласку Господњем, нећемо претећи оне који су уснули."
1. Солуњанима,4,16,"Јер ће сам Господ са заповјешћу, гласом арханђела и са трубом Божијом, сићи с неба, и прво ће мртви у Христу васкрснути;"
1. Солуњанима,4,17,"А потом ми живи који останемо бићемо заједно с њима узнесени на облацима у сретање Господу у ваздуху, и тако ћемо свагда с Господом бити."
1. Солуњанима,4,18,Тако утјешавајте једни друге овим ријечима.
1. Солуњанима,5,1,"А о временима и роковима, браћо, није потребно да вам се пише;"
1. Солуњанима,5,2,Јер ви сами добро знате да ће Дан Господњи доћи као лопов у ноћи.
1. Солуњанима,5,3,"Јер када говоре: Мир је и сигурност, тада ће наићи на њих изненада погибија, као бол на трудну жену, и неће избјећи."
1. Солуњанима,5,4,"Али ви, браћо, нисте у тами, да вас тај Дан затече као лопов."
1. Солуњанима,5,5,Јер сте ви сви синови свјетлости и синови дана; нисмо ноћи нити таме.
1. Солуњанима,5,6,"Зато немојмо спавати, као и остали, него бдијмо и будимо тријезни."
1. Солуњанима,5,7,"Јер који спавају, ноћу спавају, и који се опијају ноћу се опијају."
1. Солуњанима,5,8,А ми који смо синови дана будимо тријезни и обучени у оклоп вјере и љубави и с кацигом наде спасења.
1. Солуњанима,5,9,"Јер нас Бог не одреди за гњев, него да добијемо спасење кроз Господа нашега Исуса Христа,"
1. Солуњанима,5,10,"Који умрије за нас да бисмо ми, било да бдимо или да спавамо, заједно с њим живјели."
1. Солуњанима,5,11,"Зато се тјешите узајамно, и изграђујте један другога, као што и чините."
1. Солуњанима,5,12,"Молимо вас пак, браћо, одајите признање онима који се труде међу вама, и вашим претпостављеним у Господу, и онима који вас поучавају,"
1. Солуњанима,5,13,И да их поштујете веома много са љубављу због дјела њиховога. Живите у миру међу собом.
1. Солуњанима,5,14,"Молимо вас пак, браћо, савјетујте неуредне, тјешите малодушне, подржавајте слабе, будите великодушни према свима."
1. Солуњанима,5,15,"Гледајте да нико не враћа коме зло за зло; него свагда идите за добром, и међу собом и према свима."
1. Солуњанима,5,16,"Радујте се свагда,"
1. Солуњанима,5,17,"Молите се без престанка,"
1. Солуњанима,5,18,На свему захваљујте; јер је ово воља Божија за вас у Христу Исусу.
1. Солуњанима,5,19,"Духа не гасите,"
1. Солуњанима,5,20,"Пророштва не презирите,"
1. Солуњанима,5,21,"Све испитујте, добра се држите,"
1. Солуњанима,5,22,Од зла у сваком виду уклањајте се.
1. Солуњанима,5,23,"А сам Бог мира да вас посвети потпуно, и васцијели дух ваш и душа и тијело да се сачува без порока за долазак Господа нашега Исуса Христа."
1. Солуњанима,5,24,"Вјеран је Онај који вас призива, који ће то и учинити."
1. Солуњанима,5,25,"Браћо, молите се за нас."
1. Солуњанима,5,26,Поздравите сву браћу цјеливом светим.
1. Солуњанима,5,27,Заклињем вас Господом да се прочита ова посланица свој светој браћи.
1. Солуњанима,5,28,Благодат Господа нашега Исуса Христа с вама! Амин.
2. Солуњанима,1,1,Павле и Силван и Тимотеј Цркви Солунској у Богу Оцу нашему и Господу Исусу Христу:
2. Солуњанима,1,2,Благодат вам и мир од Бога Оца нашега и Господа Исуса Христа.
2. Солуњанима,1,3,"Дужни смо свагда благодарити Богу за вас, браћо, као што приличи, зато што веома расте вјера ваша и умножава се љубав свакога од вас, једног према другом."
2. Солуњанима,1,4,"Тако да се ми сами хвалимо вама по Црквама Божијим, вашим трпљењем и вјером у свима вашим гоњењима и невољама које подносите."
2. Солуњанима,1,5,"То је знак праведнога суда Божијега, да се удостојите Царства Божијега, за које и страдате,"
2. Солуњанима,1,6,"Пошто је праведно у Бога да узврати муку онима који вас муче,"
2. Солуњанима,1,7,"А вама страдалницима спокојство са нама када се јави с неба Господ Исус с анђелима силе своје,"
2. Солуњанима,1,8,"У огњу пламеноме, који ће осудити оне који не познају Бога и не покоравају се јеванђељу Господа нашега Исуса Христа."
2. Солуњанима,1,9,"Такви ће бити осуђени на вјечну погибао од лица Господњега и од славе силе његове,"
2. Солуњанима,1,10,"Када дође у онај Дан да се прослави у светима својима и покаже се диван у свима вјерујућима, јер повјеровасте свједочанству нашему."
2. Солуњанима,1,11,"Зато се и молимо свагда за вас, да вас Бог наш учини достојним звања и испуни сваку благу намјеру доброте и дјело вјере у сили,"
2. Солуњанима,1,12,"Да се прослави име Господа нашега Исуса Христа у вама и ви у њему, по благодати Бога нашега и Господа Исуса Христа."
2. Солуњанима,2,1,"Али вас молимо, браћо, у погледу доласка Господа нашега Исуса Христа и нашега сабрања у Њему."
2. Солуњанима,2,2,"Не дајте се лако поколебати умом, нити уплашити, ни духом, ни ријечју, ни посланицом тобоже нашом као да је већ настао Дан Христов."
2. Солуњанима,2,3,"Да вас нико не превари ни на који начин; јер неће доћи док најприје не дође отпадништво и не појави се човјек безакоња, син погибли,"
2. Солуњанима,2,4,"Који се противи и преузноси изнад свега што се зове Бог или светиња, тако да ће сам сјести у храм Божији као Бог, тврдећи за себе да је Бог."
2. Солуњанима,2,5,Зар не памтите да сам вам ово казивао још кад сам био код вас?
2. Солуњанима,2,6,И сад знате шта га задржава да се не јави до у своје вријеме.
2. Солуњанима,2,7,"Јер тајна безакоња већ дјејствује, само док се уклони онај који сад задржава."
2. Солуњанима,2,8,"И тада ће се јавити безаконик, којега ће Господ Исус убити духом уста својих и уништити појавом свога присуства;"
2. Солуњанима,2,9,"Онога је долазак по дјејству сатанину са сваком силом и знацима и чудесима лажним,"
2. Солуњанима,2,10,"И са сваком пријеваром неправде међу онима који пропадају, зато што не примише љубав истине да би се спасли."
2. Солуњанима,2,11,"И зато ће им Бог послати силу обмане, да вјерују лажи;"
2. Солуњанима,2,12,"Да буду осуђени сви који не вјероваше истини, него завољеше неправду."
2. Солуњанима,2,13,"А ми смо дужни свагда захваљивати Богу за вас, браћо, љубљена од Господа, што вас је Бог изабрао од почетка за спасење у светињи Духа и вјери истине,"
2. Солуњанима,2,14,"На које вас призва кроз јеванђеље наше, да задобијете славу Господа нашега Исуса Христа."
2. Солуњанима,2,15,"Тако дакле, браћо, стојте чврсто и држите предања, којима сте научени, било нашом ријечју, било посланицом."
2. Солуњанима,2,16,"А сам Господ наш Исус Христос, и Бог и Отац наш, који нас је заволио и дао утјеху вјечну и наду добру у благодати,"
2. Солуњанима,2,17,Нека утјеши срца ваша и утврди вас у свакој ријечи и дјелу доброме.
2. Солуњанима,3,1,"Најзад, браћо, молите се за нас, да се ријеч Господња брзо шири и прославља као и код вас;"
2. Солуњанима,3,2,"И да се избавимо од наопаких и злих људи, јер неће сви вјеру."
2. Солуњанима,3,3,Но вјеран је Господ; Он ће вас утврдити и сачувати од лукавога.
2. Солуњанима,3,4,"А уздамо се у Господу за вас, да чините и да ћете чинити оно што вам заповиједамо."
2. Солуњанима,3,5,А Господ нека управи срца ваша на љубав Божију и на трпљење Христово.
2. Солуњанима,3,6,"Заповиједамо вам пак, браћо, у име Господа нашега Исуса Христа, да се клоните од свакога брата који живи неуредно, а не по предању које примише од нас."
2. Солуњанима,3,7,"Јер сами знате како треба да се угледате на нас, јер нисмо живјели неуредно међу вама,"
2. Солуњанима,3,8,"Нити смо забадава јели хљеб у некога, но с трудом и муком, радећи дан и ноћ, да не би били на терету некоме од вас;"
2. Солуњанима,3,9,"Не као да немамо власти, него да себе дамо вама за примјер, да би се угледали на нас."
2. Солуњанима,3,10,"Јер када смо били код вас, ово смо вам заповиједали: Ако неко неће да ради, нека и не једе."
2. Солуњанима,3,11,"Јер чујемо да неки међу вама живе неуредно, не раде ништа, а у све се мијешају."
2. Солуњанима,3,12,Зато таквима заповиједамо и молимо их у Господу нашем Исусу Христу да мирно радећи свој хљеб једу.
2. Солуњанима,3,13,"А вама, браћо, да не досади добро чинити."
2. Солуњанима,3,14,"Ако ли ко не послуша ријечи наше у овој посланици, тога обиљежите, и не дружите се с њим, да би се посрамио;"
2. Солуњанима,3,15,"Али га не сматрајте као непријатеља, него уразумљујте га као брата."
2. Солуњанима,3,16,А сам Господ мира нека вам да мир свагда и у свакој прилици. Господ са свима вама!
2. Солуњанима,3,17,"Поздрав мојом руком, Павловом, што је знак у свакој посланици, овако пишем:"
2. Солуњанима,3,18,Благодат Господа нашега Исуса Христа са свима вама. Амин.
1. Тимотеју,1,1,"Павле, апостол Исуса Христа по заповијести Бога, Спаса нашега и Господа Исуса Христа, наде наше,"
1. Тимотеју,1,2,"Тимотеју, правоме сину по вјери, благодат, милост, мир од Бога Оца нашега и Христа Исуса Господа нашега."
1. Тимотеју,1,3,"Као што те молих идући у Македонију, да останеш у Ефесу и заповједиш некима да не уче друкчије,"
1. Тимотеју,1,4,"Нити да се баве бајкама и родословима бескрајним, који више наводе на препирке неголи на служење Богу у вјери."
1. Тимотеју,1,5,"А циљ заповијести јесте љубав од чиста срца и савјести добре и вјере нелицемјерне,"
1. Тимотеју,1,6,"Од чега неки одступише и скренуше у празнословље,"
1. Тимотеју,1,7,Желећи да буду учитељи закона а не разумију ни шта говоре ни шта тврде.
1. Тимотеју,1,8,А знамо да је закон добар ако га ко правилно употребљава.
1. Тимотеју,1,9,"Знајући то да закон није прописан за праведника, него за безаконике и непокорне, безбожнике и грјешнике, непобожне и погане, оцеубице и матероубице, крвнике,"
1. Тимотеју,1,10,"Блуднике, мужеложнике, људокрадице, лажљивце, кривоклетнике, и ако је што друго противно здравој науци,"
1. Тимотеју,1,11,"Према јеванђељу славе блаженога Бога, које је мени повјерено."
1. Тимотеју,1,12,"И захваљујем Христу Исусу Господу нашему који ми даде моћ, што ме за вјерна прими, поставивши на служење"
1. Тимотеју,1,13,"Мене, који сам раније био хулник и гонитељ и пркосник, али бих помилован, јер то из незнања учиних, у невјеровању;"
1. Тимотеју,1,14,Али се још више умножи благодат Господа нашега са вјером и љубављу у Христу Исусу.
1. Тимотеју,1,15,Истинита је ријеч и свакога примања достојна да Христос Исус дође у свијет да спасе грјешнике од којих сам први ја.
1. Тимотеју,1,16,"Али због тога бих помилован да би Исус Христос показао на мени првоме све дуготрпљење, за примјер онима који ће вјеровати у њега за живот вјечни."
1. Тимотеју,1,17,"А Цару вијекова, непролазноме, невидљивоме, јединоме премудроме Богу, част и слава у вијекове вијекова. Амин."
1. Тимотеју,1,18,"Ову ти заповијест предајем, сине Тимотеје, сходно пређашњим пророчанствима о теби да по њима ратујеш добар рат,"
1. Тимотеју,1,19,"Имајући вјеру и добру савјест, коју неки одбацивши претрпјеше бродолом вјере;"
1. Тимотеју,1,20,"Међу којима су Именеј и Александар, које предадох сатани, да се науче да не хуле."
1. Тимотеју,2,1,"Молим, дакле, прије свега да се чине мољења, молитве, прозбе, благодарења за све људе,"
1. Тимотеју,2,2,"За цареве и за све који су у власти, да тих и миран живот поживимо у свакој побожности и честитости."
1. Тимотеју,2,3,"Јер је ово добро и угодно пред Спаситељем нашим Богом,"
1. Тимотеју,2,4,Који хоће да се сви људи спасу и да дођу у познање истине.
1. Тимотеју,2,5,"Јер један је Бог, један и посредник између Бога и људи, човјек Христос Исус,"
1. Тимотеју,2,6,"Који себе даде у откуп за све, свједочанство у назначена времена,"
1. Тимотеју,2,7,"За које сам ја постављен проповједник и апостол - истину говорим у Христу, не лажем -, учитељ незнабожаца у вјери и истини."
1. Тимотеју,2,8,"Хоћу, дакле, да се мужеви моле на сваком мјесту, подижући свете руке без гњева и двоумљења."
1. Тимотеју,2,9,"Исто тако, и жене у пристојном одијелу, стидом и честитошћу да украшавају себе, не плетеницама, ни златом, ни бисером, ни хаљинама скупоцјеним,"
1. Тимотеју,2,10,"Него добрим дјелима, као што приличи женама које се привољеше богопоштовању."
1. Тимотеју,2,11,Жена нека се учи у миру са сваком покорношћу;
1. Тимотеју,2,12,"Али жени не допуштам да буде учитељ, нити да влада мужем, него да буде мирна."
1. Тимотеју,2,13,"Јер је Адам саздан први, затим Ева;"
1. Тимотеју,2,14,"И Адам се не превари а жена преварена, постаде преступница;"
1. Тимотеју,2,15,"Али ће се спасти рађањем дјеце, ако остану у вјери и љубави и у светињи са честитошћу."
1. Тимотеју,3,1,"Истинита је ријеч: ако ко епископство жели, добро дјело жели."
1. Тимотеју,3,2,"Али епископ треба да је без мане, једне жене муж, трезвен, мудар, поштен, гостољубив, кадар да поучава;"
1. Тимотеју,3,3,"Не пијаница, не убојица, не лихвар, него кротак, мирољубив, не среброљубив;"
1. Тимотеју,3,4,"Који својим домом добро управља, има послушну дјецу са сваком скромношћу;"
1. Тимотеју,3,5,"А ако неко не умије својим домом управљати, како ће се моћи старати за Цркву Божију?"
1. Тимотеју,3,6,"Не новокрштен, да се не би погордио и упао у осуду ђавољу."
1. Тимотеју,3,7,"А треба да има и добро свједочанство од оних који су напољу, да не би упао у срамоту и замку ђавољу."
1. Тимотеју,3,8,"Тако и ђакони треба да буду честити, не дволични, не који много вина пију, не лакоми,"
1. Тимотеју,3,9,Који имају тајну вјере у чистој савјести.
1. Тимотеју,3,10,"А и ови да се прво провјере, па онда да служе, пошто су без мане."
1. Тимотеју,3,11,"Тако и жене треба да су скромне, да не клеветају, трезвене, вјерне у свему."
1. Тимотеју,3,12,"Ђакони да буду мужеви једне жене, који добро управљају дјецом и својим домовима."
1. Тимотеју,3,13,"Јер који су добро служили, стичу себи добар степен и велику смјелост у вјери у Христу Исусу."
1. Тимотеју,3,14,Ово ти пишем надајући се да ћу скоро доћи к теби;
1. Тимотеју,3,15,"Ако ли се задржим, да знаш како се треба владати у дому Божијему, који је Црква Бога живога, стуб и тврђава истине."
1. Тимотеју,3,16,"И заиста велика је тајна побожности: Бог се јави у тијелу, оправда се у Духу, показа се анђелима, проповједи се незнабошцима, вјерова се у свијету, вазнесе се у слави."
1. Тимотеју,4,1,"А Дух изричито говори да ће у посљедња времена одступити неки од вјере слушајући духове преваре и науке демонске,"
1. Тимотеју,4,2,"У лицемјерју лажљиваца, чија је савјест спаљена,"
1. Тимотеју,4,3,"Који забрањују женити се, и траже уздржавање од јела која је Бог створио да их са захвалношћу узимају вјерни и они који су познали истину."
1. Тимотеју,4,4,"Јер је свако створење Божије добро и ништа није за одбацивање кад се прима са захвалношћу,"
1. Тимотеју,4,5,Јер се освећује ријечју Божијом и молитвом.
1. Тимотеју,4,6,"Ово савјетујући браћи, бићеш добар служитељ Исуса Христа, одгајен ријечима вјере и добром науком којој си сљедовао."
1. Тимотеју,4,7,А поганих и бабских прича клони се и вјежбај се у побожности.
1. Тимотеју,4,8,"Јер тјелесно вјежбање за мало је корисно, а побожност је корисна у свему, пошто она има обећање живота садашњега и будућега."
1. Тимотеју,4,9,Ово је истинита ријеч и достојна свакога примања;
1. Тимотеју,4,10,"Јер за то се и трудимо и бивамо срамоћени, јер се надамо у Бога живога, који је спаситељ свију људи, особито вјерних."
1. Тимотеју,4,11,Ово заповиједај и учи.
1. Тимотеју,4,12,"Нико да не презире твоју младост, али буди образац вјернима у ријечи, у живљењу, у љубави, у духу, у вјери, у чистоти."
1. Тимотеју,4,13,"Докле не дођем пази на читање, утјешавање и учење."
1. Тимотеју,4,14,Не занемаруј благодатни дар у теби који ти је дат кроз пророчанство полагањем руку старјешина на тебе.
1. Тимотеју,4,15,"Ово проучавај, у овоме стој, да се напредак твој покаже у свему."
1. Тимотеју,4,16,"Пази на себе и на науку, истрај у томе; јер чинећи ово, спасићеш и себе и оне који те слушају."
1. Тимотеју,5,1,"Старца не карај, него га савјетуј као оца; младиће као браћу;"
1. Тимотеју,5,2,"Старице као матере; младе као сестре, у свакој чистоти."
1. Тимотеју,5,3,"Удовице поштуј, које су праве удовице."
1. Тимотеју,5,4,"Ако ли која удовица има дјецу или унучад, нека се уче најприје свој дом поштовати, и дуг враћати родитељима; јер ово је добро и угодно пред Богом."
1. Тимотеју,5,5,А права удовица и усамљеница нада се у Бога и проводи у молитвама и мољењима ноћ и дан.
1. Тимотеју,5,6,"А она која се одала насладама, жива је умрла."
1. Тимотеју,5,7,"И ово заповиједај, да буду без мане."
1. Тимотеју,5,8,"Ако ли ко о својима а особито о домаћима не промишља, одрекао се вјере и гори је од невјерника."
1. Тимотеју,5,9,"Да се не уписује међу удовице млађа од шездесет година, која је била жена једнога мужа,"
1. Тимотеју,5,10,"Освједочена у добрим дјелима, ако је дјецу одгајила, ако је гостољубива била, ако је светима ноге прала, ако је невољнима помагала, ако је ишла за сваким добрим дјелом."
1. Тимотеју,5,11,"А млађе удовице не примај, јер када их страст одвоји од Христа, хоће да се удају;"
1. Тимотеју,5,12,Оне подлежу осуди што прво обећање одбацише.
1. Тимотеју,5,13,"А уз то се уче и нераду, скитајући по кућама; и не само нераду, него су и језичаве и радознале, па говоре што не треба."
1. Тимотеју,5,14,"Хоћу, дакле, да се млађе удовице удају, дјецу да рађају, кућу да куће, и никаква повода не дају противнику за нападање."
1. Тимотеју,5,15,Јер неке већ скренуше за сатаном.
1. Тимотеју,5,16,"Ако који вјерни или вјерна има удовице, нека се стара о њима, да се не оптерећује Црква, да би се она могла старати о правим удовицама."
1. Тимотеју,5,17,"Презвитери који су добре старјешине достојни су двоструке части, особито они који се труде у проповиједању и учењу."
1. Тимотеју,5,18,"Јер Писмо говори: Волу који врше не завезуј уста, и: Радник је достојан своје плате."
1. Тимотеју,5,19,"Против презвитера не примај тужбе, осим на основу два или три свједока."
1. Тимотеју,5,20,"Оне који гријеше покарај пред свима, да и остали имају страх."
1. Тимотеју,5,21,"Преклињем те пред Богом и Господом Исусом Христом и изабраним анђелима да ово држиш без двоумљења, и да не чиниш ништа по пристрасности."
1. Тимотеју,5,22,"Не полажи руке ни на кога брзо, нити учествуј у туђим гријесима. Чувај себе чиста."
1. Тимотеју,5,23,"Више не пиј само воду, него пиј по мало вина, због свога желудца и честих болести својих."
1. Тимотеју,5,24,"Гријеси неких људи су јавни и претходе суду, а код неких се објелодањују касније."
1. Тимотеју,5,25,"Тако су и добра дјела видна; а ако и нису, не могу се сакрити."
1. Тимотеју,6,1,"Они који су робови под јармом, нека своје господаре сматрају достојнима сваке части, да се не би хулило на име Божије и на учење."
1. Тимотеју,6,2,"А који имају вјернике за господаре, нека не буду према њима немарни зато што су браћа, него нека им још боље служе, јер су ти који примају њихово доброчинство, вјерни и мили."
1. Тимотеју,6,3,"Ово учи и савјетуј. Ако неко друкчије учи и не држи се здравих ријечи Господа нашега Исуса Христа и учења о побожности,"
1. Тимотеју,6,4,"Погордио се ништа не знајући, него болује од запиткивања и препирања, од чега настаје завист, свађа, хуљења, лукава подозрења,"
1. Тимотеју,6,5,"Празна надмудривања људи изопаченога ума и лишених истине, који мисле да је побожност извор добитка. Клони се таквих."
1. Тимотеју,6,6,А побожност јесте велики добитак кад смо задовољни оним што имамо.
1. Тимотеју,6,7,Јер ништа не донијесмо на свијет; јасно је да ништа не можемо ни однијети.
1. Тимотеју,6,8,"А кад имамо храну и одјећу, будимо овим задовољни."
1. Тимотеју,6,9,"А који хоће да се богате, упадају у искушење и замку, и у многе луде и погубне жеље, које гурају људе у пропаст и погибао."
1. Тимотеју,6,10,"Јер је коријен свију зала среброљубље, којему неки предавши се застранише од вјере и навукоше на себе муке многе."
1. Тимотеју,6,11,"А ти, о човјече Божији, бјежи од тога, а иди за правдом, побожношћу, вјером, љубављу, трпљењем и кротошћу."
1. Тимотеју,6,12,"Бори се добрим подвигом вјере, хватај се за живот вјечни у који си и позван, и исповједио си добро исповиједање пред многим свједоцима."
1. Тимотеју,6,13,Заповиједам ти пред Богом који свему живот даје и пред Христом Исусом који посвједочи пред Понтијем Пилатом добро исповиједање:
1. Тимотеју,6,14,"Да одржиш заповијест чисту и беспрекорну до јављања Господа нашега Исуса Христа,"
1. Тимотеју,6,15,"Које ће у своје вријеме показати блажени и једини Владар, Цар царева и Господар господара,"
1. Тимотеју,6,16,"Он који једини има бесмртност и живи у свјетлости неприступној, Кога нико од људи не видје нити може видјети; Њему част и сила вјечна. Амин."
1. Тимотеју,6,17,"Богатима овога свијета заповиједај да се не преузносе, нити да се уздају у богатство несигурно, него у Бога живога, који нам даје све изобилно на употребу;"
1. Тимотеју,6,18,"Нека добро чине, нека се богате у добрим дјелима, нека буду дарежљиви, друштвени,"
1. Тимотеју,6,19,"Спремајући себи добар темељ за будућност, да добију живот вјечни."
1. Тимотеју,6,20,"О Тимотеје, сачувај повјерен ти залог, клонећи се поганих и празних разговора и спорова лажно названога знања,"
1. Тимотеју,6,21,Којему се неки приволеше и отпадоше од вјере. Благодат с тобом. Амин.
2. Тимотеју,1,1,"Павле, апостол Христа Исуса по вољи Божијој, према обећању живота у Христу Исусу,"
2. Тимотеју,1,2,"Тимотеју, љубљеноме чеду: Благодат, милост, мир од Бога Оца и Христа Исуса Господа нашега."
2. Тимотеју,1,3,"Захваљујем Богу, којему служим од предака у чистој савјести, што те се непрестано сјећам у молитвама својим дан и ноћ;"
2. Тимотеју,1,4,"Сјећајући се суза твојих, желим да те видим да се радошћу испуним."
2. Тимотеју,1,5,"На уму ми је нелицемјерна вјера твоја, која се прво усели у бабу твоју Лоиду и матер твоју Евникију, а увјерен сам да је и у теби."
2. Тимотеју,1,6,Из тога разлога ти напомињем да разгоријеваш благодатни дар Божији који је у теби кроз полагање руку мојих.
2. Тимотеју,1,7,"Јер нама Бог није дао духа плашљивости, него силе и љубави и цјеломудрености."
2. Тимотеју,1,8,"Не постиди се, дакле, страдања Господа нашега, ни мене сужња његова, него буди ми састрадалник у јеванђељу по сили Бога,"
2. Тимотеју,1,9,"Који нас спасе и призва призвањем светим, не по дјелима нашим, него по својој вољи и благодати датој нам у Христу Исусу прије вјечних времена,"
2. Тимотеју,1,10,"А сада показаној јављањем Спаситеља нашега Исуса Христа, који разруши смрт и обасја живот и нераспадљивост јеванђељем,"
2. Тимотеју,1,11,За које сам ја постављен проповједник и апостол и учитељ незнабожаца.
2. Тимотеју,1,12,"Из тога разлога ово и страдам, али се не стидим; јер знам Коме сам повјеровао, и увјерен сам да је Он кадар сачувати залог мој за онај дан."
2. Тимотеју,1,13,Као образац здраве науке имај оно што си чуо од мене у вјери и љубави у Христу Исусу.
2. Тимотеју,1,14,"Добро завјештање сачувај Духом Светим, који обитава у нама."
2. Тимотеју,1,15,"То знаш да се одвратише од мене сви они у Азији, међу којима су Фигел и Ермоген."
2. Тимотеју,1,16,"Господ нека даде милост Онисифорову дому, јер ме је много пута окријепио, и окова мојих није се постидјео,"
2. Тимотеју,1,17,Него дошавши у Рим још ревносније ме потражи и нађе.
2. Тимотеју,1,18,"Нека му даде Господ да нађе милост код Господа у онај дан. А колико ми је у Ефесу послужио, ти најбоље знаш."
2. Тимотеју,2,1,"Ти, дакле, чедо моје, јачај у благодати која је у Христу Исусу;"
2. Тимотеју,2,2,"И што си чуо од мене пред многим свједоцима, то предај вјерним људима, који ће бити кадри и друге научити."
2. Тимотеју,2,3,"Ти се, дакле, злопати као добар војник Исуса Христа."
2. Тимотеју,2,4,"Ниједан се војник не уплиће у послове обичног живота, да би угодио војводи."
2. Тимотеју,2,5,"Ако се ко и бори, не добија вијенац ако се не бори по правилу."
2. Тимотеју,2,6,Земљорадник који се труди треба први да окуси од плодова.
2. Тимотеју,2,7,Разуми шта говорим; а Господ нека ти даде разборитост у свему.
2. Тимотеју,2,8,"Памти Исуса Христа васкрслога из мртвих, од сјемена Давидова, по јеванђељу мојему,"
2. Тимотеју,2,9,"За које се злопатим до самих окова као злочинац, али се ријеч Божија не да свезати."
2. Тимотеју,2,10,"Због тога подносим све ради изабраних, да и они добију спасење које је у Христу Исусу са славом вјечном."
2. Тимотеју,2,11,"Истинита је ријеч: ако с Њим умријесмо, с Њим ћемо и живјети;"
2. Тимотеју,2,12,"Ако трпимо, с Њим ћемо и царовати; ако ли се одрекнемо, и Он ће се нас одрећи;"
2. Тимотеју,2,13,"Ако ли изневјеримо, Он остаје вјеран, јер се не може самог себе одрећи."
2. Тимотеју,2,14,"Ово напомињи, преклињући их пред Господом да се не препиру, што није ни од какве користи него на пропаст онима који слушају."
2. Тимотеју,2,15,"Постарај се да се покажеш ваљан пред Богом, трудбеник који се нема чега стидјети и који право управља ријечју истине."
2. Тимотеју,2,16,А поганих празних разговора клони се; јер ће такви још више напредовати у безбожности.
2. Тимотеју,2,17,"И ријеч њихова као жива рана разједаће око себе, међу којима су Именеј и Филит,"
2. Тимотеју,2,18,"Који застранише од истине, говорећи да је васкрсење већ било, и руше вјеру неких."
2. Тимотеју,2,19,"Али тврдо стоји темељ Божији, имајући овај печат: Позна Господ оне који су његови, и: Нека одступи од неправде сваки који призива име Господње."
2. Тимотеју,2,20,"А у великоме дому нема само златних и сребрних судова, него и дрвених и глинених, и једни су за част а други за нижу употребу."
2. Тимотеју,2,21,"Ако, дакле, ко очисти себе од ових, биће суд за част, освећен и користан домаћину, припремљен за свако добро дјело."
2. Тимотеју,2,22,"Бјежи од младалачких жеља, а држи се правде, вјере, љубави, мира са свима који призивају Господа од чистога срца."
2. Тимотеју,2,23,"А лудих и неуких запиткивања клони се, знајући да рађају свађе;"
2. Тимотеју,2,24,"Слуга пак Господњи не треба да се свађа, него да буде тих према свима, поучан, незлобив,"
2. Тимотеју,2,25,"Који са кротошћу кара оне који се противе, еда би им како Бог дао покајање за познање истине,"
2. Тимотеју,2,26,"И да се избаве из замке ђавола, који их је живе уловио да врше вољу његову."
2. Тимотеју,3,1,Али ово знај да ће у посљедње дане настати тешка времена.
2. Тимотеју,3,2,"Јер ће људи бити самољубиви, среброљубиви, хвалисави, гордељиви, хулници, непослушни родитељима, неблагодарни, непобожни,"
2. Тимотеју,3,3,"Безосећајни, непомирљиви, клеветници, неуздржљиви, сурови, недоброљубиви,"
2. Тимотеју,3,4,"Издајници, напрасити, надувени, више сластољубиви него богољубиви,"
2. Тимотеју,3,5,"Који имају изглед побожности, а силе њезине су се одрекли. И клони се ових."
2. Тимотеју,3,6,"Јер су од ових они који се увлаче у куће и заводе жене које су натоварене гријесима и вођене различитим пожудама,"
2. Тимотеју,3,7,"Које се свагда уче, и никад не могу да дођу до познања истине."
2. Тимотеју,3,8,"Као што се Јаније и Јамврије противише Мојсеју, тако се и ови противе истини, људи изопаченога ума, непоуздани у вјери."
2. Тимотеју,3,9,"Али неће више напредовати; јер ће њихово безумље постати очигледно свима, као што се десило и са онима."
2. Тимотеју,3,10,"А ти си следовао мојој науци, живљењу, настројењу, вјери, дуготрпљењу, љубави, истрајности,"
2. Тимотеју,3,11,"Гоњењима, страдањима која ми се догодише у Антиохији, у Иконији, у Листри. Каква гоњења претрпјех и од свих избави ме Господ!"
2. Тимотеју,3,12,А и сви који хоће да живе побожно у Христу Исусу биће гоњени.
2. Тимотеју,3,13,"А зли људи и опсјенари напредоваће од зла на горе, варајући и варајући се."
2. Тимотеју,3,14,"Но ти стој у томе што си научио и што си се увјерио, знајући од кога си се научио,"
2. Тимотеју,3,15,И што из дјетињства знаш свештене списе који те могу умудрити за спасење кроз вјеру у Христа Исуса.
2. Тимотеју,3,16,"Све је Писмо богонадахнуто, и корисно за учење, за карање, за исправљање, за васпитавање у праведности,"
2. Тимотеју,3,17,"Да буде савршен Божији човјек, припремљен за свако добро дјело."
2. Тимотеју,4,1,"Ја те, дакле, заклињем пред Богом и Господом нашим Исусом Христом, који ће судити живима и мртвима јављањем својим и Царством својим:"
2. Тимотеју,4,2,"Проповиједај ријеч, настој у вријеме и невријеме, покарај, запријети, утјеши, са сваком стрпљивошћу и поуком."
2. Тимотеју,4,3,"Јер ће доћи вријеме када здраве науке неће подносити, него ће по својим жељама окупити себи учитеље да их чешу по ушима;"
2. Тимотеју,4,4,"И одвратиће уши од истине, а окренути се бајкама."
2. Тимотеју,4,5,"А ти буди трезвен у свему, злопати се, врши дјело јеванђелиста, служење своје испуни."
2. Тимотеју,4,6,"Јер ја се већ приносим на жртву, и вријеме мојега одласка настаде."
2. Тимотеју,4,7,"Добар рат ратовах, трку заврших, вјеру одржах."
2. Тимотеју,4,8,"Сад ме чека вијенац правде, који ће ми у онај Дан дати Господ, праведни Судија: али не само мени, него и свима који с љубављу очекују Долазак његов."
2. Тимотеју,4,9,Постарај се да ми дођеш брзо.
2. Тимотеју,4,10,"Јер ме Димас остави, завољевши садашњи вијек, и отиде у Солун; Крискент у Галатију, Тит у Далмацију; Лука је сам код мене."
2. Тимотеју,4,11,"Марка узми и доведи са собом, јер ми је погодан за службу."
2. Тимотеју,4,12,А Тихика послах у Ефес.
2. Тимотеју,4,13,"Када дођеш, донеси ми огртач што сам оставио у Троади код Карпа, и књиге, особито оне од пергамента."
2. Тимотеју,4,14,Александар ковач многа ми зла учини. Нека му Господ плати по дјелима његовим.
2. Тимотеју,4,15,Њега се и ти чувај; јер се веома противио нашим ријечима.
2. Тимотеју,4,16,"При мојој првој одбрани нико не оста са мном, него ме сви оставише. Нека им се не урачуна!"
2. Тимотеју,4,17,"Али Господ би са мном и оснажи ме, да се кроз мене рашири проповијед и да чују сви незнабошци; и бих избављен из уста лавових."
2. Тимотеју,4,18,И избавиће ме Господ од свакога зла дјела и спасти за Царство своје небеско; Њему слава у вијекове вијекова. Амин.
2. Тимотеју,4,19,"Поздрави Прискилу и Акилу, и Онисифоров дом."
2. Тимотеју,4,20,"Ераст оста у Коринту, а Трофима оставих у Милиту болесна."
2. Тимотеју,4,21,"Постарај се да дођеш прије зиме. Поздравља те Евул, и Пуд, и Лин, и Клаудија, и браћа сва."
2. Тимотеју,4,22,Господ Исус Христос нека је са духом твојим. Благодат с вама. Амин.
Титу,1,1,"Павле, слуга Божији и апостол Исуса Христа по вјери изабраних Божијих и познању истине побожности,"
Титу,1,2,"За наду вјечнога живота који прије вјечних времена обећа Бог који не обмањује,"
Титу,1,3,"А објави у одређена времена ријеч своју проповиједањем, које је мени повјерио по заповијести Спаситеља нашега Бога,"
Титу,1,4,"Титу, правоме сину по заједничкој вјери: Благодат, милост, мир, од Бога Оца и Господа Исуса Христа, Спаситеља нашега."
Титу,1,5,"Зато те оставих на Криту да уредиш што је недовршено, и да поставиш по свима градовима старјешине, као што ти ја заповједих:"
Титу,1,6,"Ако је ко без мане, једне жене муж, и има дјецу вјерујућу, којој не приговарају да су разуздана или непокорна."
Титу,1,7,"Јер епископ као Божији домоуправитељ треба да је без мане, не самовољан, не гњевљив, не пијаница, не убојица, не лихвар;"
Титу,1,8,"Него гостољубив, доброљубив, мудар, праведан, побожан, уздржљив;"
Титу,1,9,"Који се чврсто држи истините ријечи сагласне са учењем, да би био способан и поучавати у здравој науци и покарати оне који се противе."
Титу,1,10,"Јер има много непокорних, празнорјечивих и обмањивача, особито који су из обрезања,"
Титу,1,11,"Којима треба уста затворити, који читаве домове изопачују учећи што не треба, ради нечасног добитка."
Титу,1,12,"Рече неко од њих, њихов сопствени пророк: Крићани, свагда лажљивци, зли звјерови, прождрљивци лијени."
Титу,1,13,"Свједочанство је ово истинито. Због тога карај их без поштеде, да буду здрави у вјери,"
Титу,1,14,"Да не слушају јудејске бајке, ни заповијести људи који презиру истину."
Титу,1,15,"Чистима је све чисто, а нечистима и невјернима ништа није чисто, него је нечист и њихов ум и савјест."
Титу,1,16,Говоре да знају Бога. а тјелима га се одричу; јер су гнусни и непокорни и неспособни за ма које добро дјело.
Титу,2,1,А ти говори што приличи здравом учењу.
Титу,2,2,"Старци да буду трезвени, скромни, мудри, здрави у вјери, у љубави, у трпљењу."
Титу,2,3,"Старице такође да се држе како доликује светима: да не клеветају, да много не робују вину, да уче добру,"
Титу,2,4,"Да уразумљују младе жене: да воле мужеве, да воле дјецу,"
Титу,2,5,"Да буду разборите, чедне, кућанице, добре, покорне својим мужевима, да се не би хулило на ријеч Божију."
Титу,2,6,Тако и младиће савјетуј да буду честити.
Титу,2,7,"У свему покажи себе за углед у добрим дјелима: у учењу исправност, честитост, чистоту,"
Титу,2,8,"Ријеч здраву, беспријекорну, да се посрами противник немајући ништа лоше рећи за нас."
Титу,2,9,"Робови да буду послушни својим господарима, да им буду угодни у свему, да не противрјече,"
Титу,2,10,"Да не краду, него да показују потпуну вјерност у свему, да би науку Спаситеља нашег Бога красили у свему."
Титу,2,11,"Јер се јави благодат Божија спасоносна свима људима,"
Титу,2,12,"Која нас учи да се одречемо безбожности и земаљских пожуда, и да поживимо разборито, праведно и побожно у садашњем вијеку,"
Титу,2,13,"Очекујући блажену наду и јављање славе великога Бога и Спаса нашега Исуса Христа,"
Титу,2,14,"Који даде себе за нас да би нас искупио од свакога безакоња, и да очисти за себе народ изабрани који ревнује у добрим дјелима."
Титу,2,15,Ово говори и савјетуј и карај са пуном влашћу; нико да те не презире.
Титу,3,1,"Напомињи им да буду покорни и послушни поглаварствима и властима, спремни за свако добро дјело;"
Титу,3,2,"Никога да не руже, да се не свађају, да буду благи, да показују сваку кротост према свима људима."
Титу,3,3,"Јер и ми бијасмо некада неразумни, непокорни, заблудели, робујући разним пожудама и насладама, проводећи живот у злоби и зависти, гнусни, мрзећи један другога."
Титу,3,4,"А када се јави доброта и човекољубље Бога, Спаситеља нашега,"
Титу,3,5,"Не за дјела праведна која ми учинисмо, него по својој милости спасе нас бањом новога рођења и обновљења Духом Светим,"
Титу,3,6,"Којега изли на нас обилно кроз Исуса Христа Спаситеља нашега,"
Титу,3,7,"Да бисмо, оправдани његовом благодаћу, постали насљедници живота вјечнога као што се надамо."
Титу,3,8,"Истинита је ова ријеч, и хоћу да то потврђујеш, како би се они који повјероваше Богу старали да предњаче у добрим дјелима. Ово је људима добро и корисно."
Титу,3,9,А лудих запиткивања и родослова и спорова и препирања о закону клони се; јер је то некорисно и сујетно.
Титу,3,10,"Човјека јеретика по првоме и другоме савјетовању клони се,"
Титу,3,11,"Знајући да се такав изопачио, и гријеши; самога себе је осудио."
Титу,3,12,"Када пошљем к теби Артема или Тихика, постарај се да дођеш к мени у Никопољ, јер сам одлучио да ондје зимујем."
Титу,3,13,"Законика Зина и Апола марљиво опреми, да не оскудијевају ни у чему."
Титу,3,14,"Али и наши нека се уче предњачити у добрим дјелима гдје год је потребно, да не буду без плода."
Титу,3,15,Поздрављају те сви који су са мном. Поздрави све који нас љубе у вјери. Благодат са свима вама. Амин.
Филимону,1,1,"Павле, сужањ Христа Исуса, и брат Тимотеј, Филимону љубљеноме и сараднику нашем,"
Филимону,1,2,"И милој Апфији, и Архипу, саборцу нашем, и домаћој твојој цркви:"
Филимону,1,3,Благодат вам и мир од Бога Оца нашега и Господа Исуса Христа.
Филимону,1,4,Захваљујем Богу мојему свагда спомињући те у молитвама својима.
Филимону,1,5,"Јер чујем за љубав твоју и вјеру коју имаш према Господу Исусу и према свима светима,"
Филимону,1,6,Да заједништво вјере твоје буде дјелотворно у познању свакога добра које имамо у Христу Исусу.
Филимону,1,7,"Љубав пак твоја чини нам велику радост и утјеху, јер си, брате, срца светих умирио."
Филимону,1,8,"Стога, иако имам пуну слободу у Христу да ти заповиједам шта треба да чиниш,"
Филимону,1,9,"Због љубави радије те молим, ја лично, Павле старац, а сада и сужањ Исуса Христа,"
Филимону,1,10,"Молим те за чедо моје Онисима, којега родих у оковима својим;"
Филимону,1,11,"Некада теби непотребнога, а сада и теби и мени потребнога. Послах ти га натраг;"
Филимону,1,12,"А ти њега, то јест срце моје, прими."
Филимону,1,13,"Ја га хтједох задржати код себе, да ми умјесто тебе послужи у оковима за јеванђеље."
Филимону,1,14,"Али без твојега знања не хтједох ништа чинити, да твоје доброчинство не би било принудно него добровољно."
Филимону,1,15,"Јер можда се зато и растаде с тобом за кратко да га добијеш за вјечност,"
Филимону,1,16,"Не више као роба, него више од роба, брата љубљенога, особито мени,а колико више теби, и по тијелу и у Господу."
Филимону,1,17,"Ако сам ти, дакле, заједничар у вјери, прими њега као мене."
Филимону,1,18,"Ако ти је у чему скривио, или дужан остао, то мени урачунај."
Филимону,1,19,"Ја, Павле, написах својом руком, ја ћу платити; да ти не кажем да и самог себе мени дугујеш."
Филимону,1,20,"Да, брате, обрадуј ме у Господу; умири срце моје у Господу."
Филимону,1,21,"Уздајући се у твоју послушност, написах ти, знајући да ћеш учинити више него што кажем."
Филимону,1,22,"А уједно припреми ми гостопримство, јер се надам да ћу вашим молитвама бити вам дарован."
Филимону,1,23,"Поздравља те Епафрас који је са мном сужањ у Христу Исусу, Марко, Аристарх, Димас, Лука, сарадници моји."
Филимону,1,24,Благодат Господа нашега Исуса Христа са духом вашим. Амин.
Јеврејима,1,1,"Бог који је из давнине много пута и разним начинима говорио оцима преко Пророка,"
Јеврејима,1,2,"У ове посљедње дане говорио је нама преко Сина, којега постави насљедником свега, кроз којега је и вијекове створио;"
Јеврејима,1,3,"Он који је сјај славе и обличје бића Његовога и који држи све моћном ријечју својом, пошто сам изврши очишћење гријехова наших, сједе са десне стране Величанства на висинама,"
Јеврејима,1,4,И толико се показа већи од анђела колико је славније Име наслиједио него они.
Јеврејима,1,5,"Јер коме од анђела икада рече: Син мој јеси Ти, ја те данас родих? И опет: Ја ћу њему бити Отац, а он мени Син."
Јеврејима,1,6,"И опет, када уводи Првороднога у васељену, говори: И нека му се поклоне сви анђели Божији."
Јеврејима,1,7,А за анђеле говори: Који чини анђеле своје духовима и слуге своје пламеном огњеним.
Јеврејима,1,8,"За Сина пак: Пријесто је твој, Боже, вавијек вијека; жезал правичности је жезал Царства твојега."
Јеврејима,1,9,"Заволио си правду и омрзао безакоње; због тога те помаза, Боже, Бог твој уљем радости више него другове твоје."
Јеврејима,1,10,"И опет: Ти, Господе, у почетку основа земљу, и небеса су дјело руку твојих;"
Јеврејима,1,11,"Они ће проћи, а ти остајеш, и све ће остарјети као одијело,"
Јеврејима,1,12,"И савићеш их као хаљину, и измјениће се, а ти си увијек исти, и године твоје неће минути."
Јеврејима,1,13,А коме од анђела икад рече: Сједи мени са десне стране док положим непријатеље твоје за подножје ногама твојим?
Јеврејима,1,14,"Нису ли сви они духови за служење, који се шаљу да служе онима који ће наслиједити спасење?"
Јеврејима,2,1,"Због тога морамо веома пазити на оно што чусмо, да не скренемо."
Јеврејима,2,2,"Јер ако је ријеч казана преко анђела потврђена, и сваки преступ и непослушност доби заслужену казну,"
Јеврејима,2,3,"Како ћемо је ми избјећи ако не маримо за тако велико спасење, које отпоче проповиједати Господ, а потврдише га међу нама они који су чули,"
Јеврејима,2,4,"Што и Бог посвједочи знацима и чудесима, разним моћним дјелима и раздавањем Духа Светога по својој вољи."
Јеврејима,2,5,"Јер Бог не покори анђелима онај свијет који долази, о којем говоримо."
Јеврејима,2,6,"Неко пак негдје посвједочи говорећи: Шта је човјек да га се сјећаш, или син човјечији да га походиш?"
Јеврејима,2,7,"Учинио си га привремено мањим од анђела, славом и чашћу овјенчао си га, и поставио си га над дјелима руку твојих;"
Јеврејима,2,8,"Све си покорио под ноге његове. И пошто му покори све, ништа му не остави непокорено. Али сада још не видимо да му је све покорено."
Јеврејима,2,9,"А привремено мањим од анђела видимо Исуса, због страдања све до смрти, овјенчанога славом и чашћу, да би по благодати Божијој окусио смрт за све."
Јеврејима,2,10,"Јер је прикладно Богу, за Којега је све и кроз Којега је све, Који приведе многе синове у славу, да Челника спасења њихова учини савршеним кроз страдање."
Јеврејима,2,11,"Јер и Онај који освећује и они који се освећују сви су од једнога, зато се не стиди да их назива браћом, говорећи:"
Јеврејима,2,12,"Објавићу Име твоје браћи својој, усред сабора пјесмом ћу те величати."
Јеврејима,2,13,И опет: Ја ћу се уздати у Њега. И опет: Ево ја и дјеца коју ми даде Бог.
Јеврејима,2,14,"А пошто та дјеца имају заједницу у крви и месу, и Он узе најприснијег удјела у томе, да смрћу сатре онога који има моћ смрти, то јест ђавола,"
Јеврејима,2,15,И да избави оне који из страха од смрти цијелога живота бијаху кривци за своје робовање.
Јеврејима,2,16,"Јер, заиста се не присаједини анђелима, него се присаједини сјемену Авраамову."
Јеврејима,2,17,"Стога је требало да у свему буде подобан браћи, да би био милостив и вјеран првосвештеник у служби Богу, како би очистио гријехе народа."
Јеврејима,2,18,"Јер пошто је и сам страдао будући кушан, зато може помоћи онима који бивају кушани."
Јеврејима,3,1,"Зато, браћо света, заједничари звања небескога, познајте Посланика и Првосвештеника вјере наше коју исповједамо, Исуса Христа."
Јеврејима,3,2,"Који је вјеран Ономе који га је поставио, као и Мојсеј у свему дому његову,"
Јеврејима,3,3,"Јер се овај удостоји веће славе него Мојсеј, као што већу част од дома има онај који га је саградио."
Јеврејима,3,4,"Јер је сваки дом сазидан од некога, а онај који је све саздао јесте Бог."
Јеврејима,3,5,"Мојсеј пак бјеше вјеран у свему дому његову као слуга, за свједочанство онога што је имало да се каже,"
Јеврејима,3,6,"Док је Христос као Син над домом његовим; а његов дом смо ми, ако смјело поуздање и наду којом се хвалимо до краја непоколебиво одржимо."
Јеврејима,3,7,"Зато, како вели Дух Свети: Данас, ако глас његов чујете,"
Јеврејима,3,8,"Немојте да буду тврдокорна срца ваша као приликом огорчења у дан кушања у пустињи,"
Јеврејима,3,9,"Гдје ме искушаваше оцеви ваши, испитиваше ме, а гледали су дјела моја четрдесет година."
Јеврејима,3,10,"Зато се разгњевих на покољење оно, и рекох: свагда лутају срцем, а сами не познаше путева мојих;"
Јеврејима,3,11,Зато се заклех у гњеву својему да неће ући у починак мој.
Јеврејима,3,12,"Пазите, браћо, да не буде у некоме од вас зло срце невјеровања, одступањем од Бога живога;"
Јеврејима,3,13,"Него бодрите један другога сваки дан, докле год то ""данас"" траје, да који од вас не постане тврдокоран обманом гријеха."
Јеврејима,3,14,"Јер смо постали заједничари Христови, само ако првобитну вјеру до краја чврсто одржимо."
Јеврејима,3,15,"Док се још говори: Данас, ако глас његов чујете, немојте да буду тврдокорна срца ваша, као приликом огорчења."
Јеврејима,3,16,А који су то што чуше и огорчише? Зар не сви који изиђоше из Египта вођени Мојсејем?
Јеврејима,3,17,"А на које се Он гњевио четрдесет година? Није ли на оне који сагријешише, чије кости остадоше у пустињи?"
Јеврејима,3,18,"Којима ли се заклео да неће ући у починак његов, ако не онима који бијаху непокорни?"
Јеврејима,3,19,И видимо да не могоше ући због невјеровања.
Јеврејима,4,1,"Бојимо се, дакле, да неко од вас, док још важи обећање за улазак у починак његов, не помисли да је одоцнио."
Јеврејима,4,2,"Јер и нама је јављена радосна вијест као и онима; али њима не би од користи ријеч коју чуше, пошто они који је чуше не прихватише је са вјером."
Јеврејима,4,3,"А ми који повјеровасмо улазимо у починак, као што је рекао: Зато се заклех у гњеву својему да они неће ући у починак мој, мада дјела Божија бијаху завршена од постанка свијета."
Јеврејима,4,4,Јер рече негдје за седми дан овако: И почину Бог у дан седми од свих дјела својих.
Јеврејима,4,5,А овдје опет: Неће ући у починак мој.
Јеврејима,4,6,"Па пошто неки имају да уђу у њега, а они којима је најприје јављена радосна вијест не уђоше због непокорности,"
Јеврејима,4,7,"То опет одреди један дан, ""Данас"", говорећи преко Давида, послије толикога времена, као што рече: Данас, ако глас његов чујете, немојте да буду тврдокорна срца ваша."
Јеврејима,4,8,"Јер да је њих Исус Навин увео у починак, не би се послије тога говорило о неком другом дану."
Јеврејима,4,9,"Према томе, народу Божијем тек предстоји починак."
Јеврејима,4,10,"Јер ко је ушао у одмор његов и сам је починуо од дјела својих, као и Бог од својих."
Јеврејима,4,11,"Постарајмо се, дакле, да уђемо у тај починак, да не би ко пао по истом примјеру непокорности."
Јеврејима,4,12,"Јер је ријеч Божија жива и дјелотворна, оштрија од свакога двосјеклога мача, и продире све до раздиобе душе и духа, зглобова и сржи, и суди намјере и помисли срца."
Јеврејима,4,13,"И нема твари сакривене пред њим, него је све обнажено и откривено пред очима Онога коме ћемо одговарати."
Јеврејима,4,14,"Имајући, дакле, Првосвештеника великога, који је прошао небеса, Исуса Сина Божијега, треба да се држимо чврсто вјере коју исповиједамо."
Јеврејима,4,15,"Јер немамо првосвештеника који не би могао састрадати немоћима нашим, него Првосвештеника који је у свему кушан као и ми, али без гријеха."
Јеврејима,4,16,"Стога приступајмо смјело пријестолу благодати, да примимо милост и нађемо благодат за благовремену помоћ."
Јеврејима,5,1,"Јер сваки првосвештеник који се узима између људи, поставља се за људе на служење Богу, да приноси и дарове и жртве за гријехе,"
Јеврејима,5,2,"Који може да саосјећа са онима који су у незнању и заблуди; јер је и сам подложан слабостима,"
Јеврејима,5,3,"И због тога је дужан, како за народ, тако и за самога себе да приноси жртве за гријехе."
Јеврејима,5,4,"И нико сам себи не присваја ту част, него призван од Бога, као и Арон."
Јеврејима,5,5,"Тако и Христос не даде сам себи славу да буде првосвештеник, него Онај који му рече: Син мој јеси ти, ја те данас родих."
Јеврејима,5,6,Као што и на другом мјесту вели: Ти си Свештеник вавијек по чину Мелхиседекову.
Јеврејима,5,7,"Он у дане земаљскога живота својега са силним вапајем и сузама принесе молитве и прозбе Ономе који је могао да га спасе од смрти, и би услишен због побожности своје."
Јеврејима,5,8,"Иако бијаше Син, преко страдања научи се послушности,"
Јеврејима,5,9,"И показавши се савршен, постаде свима који су му послушни узрок спасења вјечнога,"
Јеврејима,5,10,Наречен од Бога Првосвештеник по чину Мелхиседекову.
Јеврејима,5,11,"О томе бисмо имали говорити много, али тешко је објаснити, јер сте постали немарни за слушање."
Јеврејима,5,12,"Јер ви који би по годинама требало да сте учитељи, опет треба да се учите почетним основама ријечи божијих; и такви постадосте да вам треба млијеко, а не јака храна."
Јеврејима,5,13,"Јер који год се храни млијеком, неискусан је у знању праведности, јер је дијете."
Јеврејима,5,14,"А јака храна је за савршене, чија су чула навиком извјежбана за разликовање и добра и зла."
Јеврејима,6,1,"Зато, оставивши почетничку науку о Христу, похитајмо ка савршенству; и немојмо изнова постављати темељ покајања од мртвих дјела, и вјере у Бога,"
Јеврејима,6,2,"И науке о крштавањима, и о полагању руку, и о васкрсењу мртвих, и о суду вјечноме."
Јеврејима,6,3,"И ово ћемо учинити, ако Бог допусти."
Јеврејима,6,4,"Јер није могуће оне који су једном просвијетљени, и окусили дар небески, и постали заједничари Духа Светога,"
Јеврејима,6,5,"И окусили добру ријеч Божију, и силе будућега вијека,"
Јеврејима,6,6,"Па кад су отпали, поново враћати на покајање, пошто они са своје стране опет распињу и руже Сина Божијега."
Јеврејима,6,7,"Јер земља која упија дажд што често на њу пада, и која рађа биље корисно онима ради којих се и обрађује, прима благослов од Бога;"
Јеврејима,6,8,"А која рађа трње и коров, не ваља и није далеко од проклетства, а њезин је крај: у ватру!"
Јеврејима,6,9,"Али што се вас тиче, љубљени, иако овако говоримо, убијеђени смо да ствари стоје боље и да воде спасењу."
Јеврејима,6,10,"Јер Бог није неправедан па да заборави дјело ваше и труд љубави коју показасте за Име његово, послуживши и служећи светима."
Јеврејима,6,11,А желимо да сваки од вас покаже ту исту ревност ради остварења наде све до краја.
Јеврејима,6,12,"Да не будете лијени, него да подражавате оне који вјером и истрајношћу насљеђују обећања."
Јеврејима,6,13,"Јер кад Бог даде обећање Аврааму, немајући ни у кога већега да се закуне, закле се самим собом,"
Јеврејима,6,14,Говорећи: Заиста ћу те богато благословити и обилно те умножити.
Јеврејима,6,15,И тако Авраам стрпљиво чекајући дочека обећање.
Јеврејима,6,16,"Јер се људи заклињу већим од себе, и сваком њиховом препирању завршетак је заклетва као јемство."
Јеврејима,6,17,"Зато и Бог, желећи да насљедницима обећања што поузданије покаже неизмјенивост своје одлуке, послужи се заклетвом,"
Јеврејима,6,18,"Да бисмо у двјема непоколебивим стварима, у којима је немогуће да Бог превари, имали моћну утјеху ми који смо прибјегли да се држимо наде која је пред нама;"
Јеврејима,6,19,"Њу имамо као котву душе, чврсту и поуздану, која улази унутар иза завјесе,"
Јеврејима,6,20,"Гдје као претеча за нас уђе Исус, поставши Првосвештеник вавијек по чину Мелхиседекову."
Јеврејима,7,1,"Јер тај Мелхиседек, цар Салимски, свештеник Бога вишњега, који срете Авраама кад се враћаше послије пораза царева, и благослови га;"
Јеврејима,7,2,"Коме Авраам даде и десетак од свега, он је по значењу свога имена прво цар правде, а потом је и цар Салимски, то јест, цар мира,"
Јеврејима,7,3,"Без оца, без матере, без родослова, нити му дани имају почетка нити му живот има свршетка, а као сличан Сину Божијему остаје свештеник без престанка."
Јеврејима,7,4,"Но погледајте колико је велик овај, коме је и сам патријарх Авраам дао десетак од пробранога плијена."
Јеврејима,7,5,"И док синови Левијеви примајући свештенство имају заповијест да узимају по закону десетак од народа, то јест од браће своје, иако су произишли из бедара Авраамових,"
Јеврејима,7,6,"Дотле овај који није од њиховог рода, узе десетак од Авраама, и њега, који је имао обећање, благословио је."
Јеврејима,7,7,А ван свакога је спора да већи благосиља мањега.
Јеврејима,7,8,"И тако овдје десетак узимају људи смртни, а тамо онај за којега се свједочи да живи."
Јеврејима,7,9,"И могло би се рећи, да Левије који узима десетак, даде десетак кроз Авраама,"
Јеврејима,7,10,Пошто он још бијаше у бедрима оца када га срете Мелхиседек.
Јеврејима,7,11,"Ако је, дакле, савршенство било постигнуто кроз левитско свештенство, јер је народ њиме доведен под Закон, зашто је било још потребно говорити да ће се појавити други Свештеник по чину Мелхиседекову, а не по чину Аронову?"
Јеврејима,7,12,"Али када се мијења свештенство, мора се промијенити и Закон."
Јеврејима,7,13,"Јер Онај за кога се ово вели из другога је племена, од којега нико није приступао жртвенику."
Јеврејима,7,14,"Јер је очигледно, да је Господ наш произишао из племена Јудиног, за које Мојсеј ништа не рече о свештенству."
Јеврејима,7,15,"И још је очигледније, када по подобију Мелхиседекову настаје други Свештеник,"
Јеврејима,7,16,"Који није постао по закону тјелесне заповијести, него по сили живота неуништивога."
Јеврејима,7,17,Јер Писмо свједочи: Ти си Свештеник вавијек по чину Мелхиседекову.
Јеврејима,7,18,"Укида се, дакле, пређашња заповијест због њене немоћи и некорисности"
Јеврејима,7,19,"Јер Закон ништа није довео до савршенства, а уводи се боља нада кроз коју се приближујемо Богу."
Јеврејима,7,20,"Уколико не бјеше без заклетве,"
Јеврејима,7,21,"Јер они без заклетве посташе свештеници, а Овај са заклетвом Онога који му говори: Закле се Господ и неће се раскајати: Ти си Свештеник вавијек по чину Мелхиседекову"
Јеврејима,7,22,Утолико Исус поста јемац бољега Завјета.
Јеврејима,7,23,"И оних свештеника било је много, јер их је смрт спречавала да остају,"
Јеврејима,7,24,"А Овај, пошто остаје вавијек, има непролазно свештенство."
Јеврејима,7,25,"Зато и може потпуно и за увијек спасти оне који кроз њега долазе Богу, пошто свагда живи па може посредовати за њих."
Јеврејима,7,26,"Јер такав нам Првосвештеник требаше: свет, незлобив, чист, одвојен од грјешника и виши од небеса;"
Јеврејима,7,27,"Који нема потребе, као они првосвештеници, да сваки дан приноси жртве, најприје за своје гријехе, а потом и за народне, јер Он ово учини једном заувијек принијевши самога себе."
Јеврејима,7,28,"Јер Закон поставља за првосвештенике људе који имају слабости, а ријеч заклетве послије Закона, поставља Сина вавијек савршенога."
Јеврејима,8,1,"А од овога што говорисмо главно је: Ми имамо таквога Првосвештеника, који сједе с десне стране пријестола Величанства на небесима,"
Јеврејима,8,2,"Свештенослужитељ Светиње и истинске Скиније, коју постави Господ, а не човјек."
Јеврејима,8,3,Јер се сваки првосвештеник поставља да приноси и даре и жртве; зато је потребно да и Овај има нешто да принесе.
Јеврејима,8,4,"Јер ако би био на земљи, не би ни био свештеник, будући да постоје свештеници који приносе даре по Закону."
Јеврејима,8,5,"Који служе праслици и сјени небеских стварности, као што бјеше речено Мојсеју када је требало да начини скинију: Гледај, рече, да начиниш све по обрасцу који ти је показан на гори."
Јеврејима,8,6,"А сада Овај доби толико узвишеније служење колико је посредник бољега Завјета, који је на бољим обећањима заснован."
Јеврејима,8,7,"Јер да је први завјет био без мане, не би се тражило мјесто за други."
Јеврејима,8,8,"Јер корећи њих говори: Ево иду дани, говори Господ, и учинићу са домом Израиљевим и са домом Јудиним Завјет нови,"
Јеврејима,8,9,"Не онакав завјет који учиних са оцима њиховим у дан кад их узех за руку да их изведем из земље Египатске; јер они не осташе у завјету моме, и ја не марих за њих, говори Господ."
Јеврејима,8,10,"Јер ово је Завјет који ћу завјетовати дому Израиљеву послије оних дана, говори Господ: Ставићу законе моје у мисли њихове и написаћу их на срцима њиховим, и бићу им Бог, и они ће бити мој народ."
Јеврејима,8,11,"И нико неће учити ближњега свога, и нико брата свога, говорећи: Познај Господа; јер ће ме сви познати, од малога до великога."
Јеврејима,8,12,"Јер ћу бити милостив неправдама њиховим, и нећу више спомињати гријехе њихове и безакоња њихова."
Јеврејима,8,13,"А кад вели Завјет нови, први је учинио застарјелим; а оно што застаријева и стари, близу је ишчезнућа."
Јеврејима,9,1,"Имала је, додуше, и прва скинија правила за богослужење, а и Светињу земаљску."
Јеврејима,9,2,"Јер бјеше уређен први дио скиније, у њему свијетњак и трпеза и постављени хљебови, и то се зове Светиња."
Јеврејима,9,3,"А иза друге завјесе дио скиније, назван Светиња над светињама,"
Јеврејима,9,4,"Која имаше златну кадионицу, и ковчег обложен свуда златом, у коме бјеше златни сасуд са маном, и процвјетали штап Аронов, и плоче Завјета,"
Јеврејима,9,5,"А над њим херувими славе, који осјењаваху очистилиште; о чему сада не треба говорити подробно."
Јеврејима,9,6,"А пошто ово бијаше тако уређено, улажаху свештеници свагда у први дио скиније да врше службу Божију;"
Јеврејима,9,7,"А у други једном у години сам првосвештеник, не без крви, коју приноси за себе и за народне гријехе из незнања."
Јеврејима,9,8,"Овим Дух Свети показује да још није отворен пут у Светињу, докле год прва скинија стоји;"
Јеврејима,9,9,"Која је праслика за садашње вријеме, када се приносе и дарови и жртве које не могу да усаврше савјест онога који служи,"
Јеврејима,9,10,А прописане су само за јела и пића и разна прања и обреде тјелесне до времена обнове.
Јеврејима,9,11,"Али кад је дошао Христос, Првосвештеник будућих добара, кроз већу и савршенију скинију, нерукотворену, то јест не од ове творевине,"
Јеврејима,9,12,"Не са крвљу јарчијом ни јунчијом, него са својом крвљу уђе једном за свагда у Светињу извршивши вјечно искупљење."
Јеврејима,9,13,"Јер ако крв јараца и јунаца и пепео од јунице, којом кад се кропе нечисти освећује их да буду тјелесно чисти,"
Јеврејима,9,14,"Колико ли ће више крв Христа, који Духом вјечним принесе себе непорочна Богу, очистити савјест вашу од мртвих дјела, да би служили Богу живоме и истинитоме."
Јеврејима,9,15,"И зато је Он посредник Новога Завјета, да послије његове смрти за искупљење од преступа у првоме завјету, призвани приме обећано вјечно насљедство."
Јеврејима,9,16,"Јер гдје је завјештање мора да буде и смрт завјештача,"
Јеврејима,9,17,"Јер је завјештање пуноважно тек послије смрти, пошто никада не важи док је завјештач у животу."
Јеврејима,9,18,Јер ни први завјет није установљен без крви.
Јеврејима,9,19,"Тако, када је Мојсеј објавио све заповијести Закона свему народу, онда узе крви од јунаца и јараца, с водом и вуном црвеном и исопом, те покропи и књигу и сав народ,"
Јеврејима,9,20,Говорећи: Ово је крв завјета који вама одреди Бог.
Јеврејима,9,21,А тако и скинију и све сасуде богослужбене покропи крвљу.
Јеврејима,9,22,И по Закону готово све се чисти крвљу и без пролијевања крви не бива опроштење.
Јеврејима,9,23,"Требало је, дакле, да се слике небеских ствари овако очисте, а саме небеске ствари бољим жртвама од ових."
Јеврејима,9,24,"Јер Христос не уђе у рукотворену Светињу, која је предобразац истинске, него у само Небо, да се сада појави пред лицем Божијим ради нас;"
Јеврејима,9,25,"Нити улази много пута да приноси самога себе, као што првосвештеник улази у Светињу сваке године са туђом крвљу;"
Јеврејима,9,26,"Иначе би Он морао много пута страдати почев од постања свијета; а сада на свршетку вијекова јави се једном за свагда, да својом жртвом уништи гријех."
Јеврејима,9,27,"И као што људима предстоји једанпут умријети, а потом суд (Божији),"
Јеврејима,9,28,Тако и Христос једанпут принесе себе на жртву да понесе гријехе многих. А други пут ће се појавити не због гријеха него за спасење оних који га чекају.
Јеврејима,10,1,"Јер Закон имајући само сјенку будућих добара, а не сами лик ствари, не може никада једним те истим жртвама, које се приносе стално сваке године, усавршити оне који приступају."
Јеврејима,10,2,"Иначе, зар оне не би престале да се приносе, пошто они који служе не би се више осјећали грјешним, будући једном за свагда очишћени?"
Јеврејима,10,3,"Међутим, те жртве сваке године подсјећају на гријехе."
Јеврејима,10,4,Јер није могуће да крв јунаца и јараца спере гријехе.
Јеврејима,10,5,"Зато улазећи у свијет говори: Жртву и принос ниси хтио, али си ми тијело припремио."
Јеврејима,10,6,Свеспаљенице и жртве за гријехе нису ти биле угодне;
Јеврејима,10,7,"Тада рекох: Ево дођох, као што је у почетку Књиге писано за мене, да учиним вољу твоју, Боже."
Јеврејима,10,8,"Говорећи претходно, да жртву и принос и свеспаљенице и жртве за гријехе ниси хтио нити су ти биле угодне, оне које се по закону приносе;"
Јеврејима,10,9,"Потом рече: Ево идем да учиним вољу твоју, Боже. Укида прво, да постави друго."
Јеврејима,10,10,Том вољом смо освећени приношењем тијела Исуса Христа једном за свагда.
Јеврејима,10,11,И сваки свештеник стоји свакодневно служећи и много пута приносећи исте жртве које никада не могу уништити гријехе;
Јеврејима,10,12,"А Он, принијевши једну жртву за гријехе, занавијек сједе с десне стране Бога,"
Јеврејима,10,13,Чекајући даље док се не положе непријатељи његови за подножје ногу његових.
Јеврејима,10,14,Јер је Он једним приносом учинио савршенима заувијек оне који се освећују
Јеврејима,10,15,А свједочи нам и Дух Свети; јер пошто је напријед рекао:
Јеврејима,10,16,"Ово је Завјет који ћу им завјештати послије оних дана, говори Господ, дајући законе моје у срца њихова, и у мисли њихове написаћу их, каже:"
Јеврејима,10,17,И гријехе њихове и безакоња њихова нећу више спомињати.
Јеврејима,10,18,"А гдје је опроштење гријехова, ту нема више приноса за њих."
Јеврејима,10,19,"Имајући дакле, браћо, слободу за улазак у Светињу крвљу Исусовом,"
Јеврејима,10,20,"Путем новим и живим, који нам је Он отворио завјесом, то јест тијелом својим,"
Јеврејима,10,21,"И Свештеника великога над домом Божијим,"
Јеврејима,10,22,"Приступајмо истинитим срцем, у пуној вјери, са срцима очишћеним од зле савјести и тијелом опраним водом чистом,"
Јеврејима,10,23,"Држимо се чврсто у исповиједању наде без колебања, јер је поуздан Онај који је обећао;"
Јеврејима,10,24,И старајмо се један о другоме у подстицању на љубав и добра дјела.
Јеврејима,10,25,"Немојмо изостајати са скупова наших, као што неки имају обичај, него се узајамно бодримо, и утолико више колико видите да се приближује Дан онај."
Јеврејима,10,26,"Јер ако ми гријешимо хотимице и послије примљеног познања истине, ту више нема жртве за гријехе,"
Јеврејима,10,27,Него само страшно очекивање суда и јарост огња који ће прогутати противнике.
Јеврејима,10,28,"Кад неко преступи Закон Мојсејев, по исказу два или три свједока, има да умре без милости;"
Јеврејима,10,29,"Замислите колико ће сада тежу казну заслужити онај који гази Сина Божијега, и крв Завјета којом је освећен за несвету држи, и Духа благодати вријеђа?"
Јеврејима,10,30,"Јер знамо Онога који рече: Моја је освета, ја ћу узвратити, говори Господ. И опет: Господ ће судити народу својему."
Јеврејима,10,31,Страшно је пасти у руке Бога живога.
Јеврејима,10,32,"А сјећајте се првих дана, у које, тек просвијетљени, поднијесте многе подвиге страдања,"
Јеврејима,10,33,"Изложени, с једне стране, поругама и невољама, а са друге, поставши састрадалници онима који то исто доживљавају."
Јеврејима,10,34,"Јер сте и оковима мојим саосећали, и с радошћу подносили отимање имовине ваше, знајући да ви имате боље и непролазно имање на небесима."
Јеврејима,10,35,"Не губите, дакле, поуздање своје, које доноси велику награду."
Јеврејима,10,36,"Јер вам је трпљење потребно, да пошто извршите вољу Божију, примите оно што је обећано."
Јеврејима,10,37,"Јер још мало, врло мало, па ће доћи Онај који треба да дође и неће одоцнити."
Јеврејима,10,38,"А праведник ће од вјере живјети; ако ли одступи, неће бити по вољи души мојој."
Јеврејима,10,39,"Ми, међутим, нисмо од оних који одступају на пропаст, него од оних који вјерују на спасење душе."
Јеврејима,11,1,"А вјера је основ свега чему се надамо, потврда ствари невидљивих."
Јеврејима,11,2,Јер у њој стари примише добро свједочанство.
Јеврејима,11,3,"Вјером сазнајемо да су свјетови саздани ријечју Божијом, тако да је видљиво постало из невидљивога."
Јеврејима,11,4,"Вјером принесе Авељ Богу бољу жртву него Каин; њоме би посвједочен да је праведник, када сам Бог прихвати даре његове; кроз њу он и послије смрти још говори."
Јеврејима,11,5,"Вјером Енох бјеше узнесен да не види смрти; и више се не нађе, јер га Бог узнесе, пошто прије његова узнесења бјеше му потврђено да је угодио Богу."
Јеврејима,11,6,"А без вјере није могуће угодити Богу; јер онај који прилази Богу, треба да вјерује да Бог постоји и да Он награђује оне који га траже."
Јеврејима,11,7,"Вјером Ноје би од Бога обавијештен о ономе што се још не види, и из побожног страха сагради ковчег за спасење дома свога; њоме он осуди сав свијет, и постаде насљедник праведности по вјери."
Јеврејима,11,8,"Вјером Авраам послуша када би позван да пође у земљу коју је имао да прими у насљедство, и пође не знајући куда иде."
Јеврејима,11,9,"Вјером се насели он у земљи обећаној као у туђој, и у шаторима становаше са Исаком и Јаковом, сунасљедницима истога обећања."
Јеврејима,11,10,"Јер очекиваше Град који има темеље, којему је неимар и творац Бог."
Јеврејима,11,11,"Вјером и сама Сара прими моћ да зачне, и упркос дубокој старости она роди; јер вјероваше Ономе који то обећа."
Јеврејима,11,12,"Зато се и родише потомци од једнога, и то престарјелога човјека, мноштвом као звијезде небеске и као пијесак небројени на обали мора."
Јеврејима,11,13,"У вјери помријеше сви ови не дочекавши остварење обећања, али их видјеше издалека, и поздравише, и признаше да су странци и пролазници на земљи."
Јеврејима,11,14,Јер они који тако говоре показују да траже Отаџбину.
Јеврејима,11,15,"И да су мислили на ону из које су изишли, имали би времена да се врате;"
Јеврејима,11,16,"Али сад желе бољу, то јест небеску. Зато се Бог не стиди њих да се назива Бог њихов; јер им је припремио Град."
Јеврејима,11,17,"Вјером принесе Авраам Исака када је кушан, и јединца приношаше онај који је примио обећања,"
Јеврејима,11,18,"Коме бјеше казано: У Исаку ће ти се назвати сјеме,"
Јеврејима,11,19,Јер је разумио да је Бог кадар и из мртвих васкрсавати; зато га и доби као праслику.
Јеврејима,11,20,Вјером у оно што ће доћи благослови Исак Јакова и Исава.
Јеврејима,11,21,"Вјером Јаков умирући благослови свакога сина Јосифова, и поклони се преко врха палице своје."
Јеврејима,11,22,"Вјером Јосиф на самрти напомињаше о изласку синова Израиљевих, и заповједи за кости своје."
Јеврејима,11,23,"Вјером су Мојсеја, пошто се роди, крили три мјесеца родитељи његови, јер видјеше да је дијете красно, и не побојаше се заповијести цареве."
Јеврејима,11,24,"Вјером Мојсеј, када је одрастао, одрече да се назива син кћери Фараонове;"
Јеврејима,11,25,"И више вољаше да страда са народом Божијим него да има привремену насладу гријеха,"
Јеврејима,11,26,"Сматрајући поругу Христову за веће богатство од свега блага египатскога, јер гледаше на награду."
Јеврејима,11,27,"Вјером он остави Египат, не побојавши се јарости цареве, јер се чврсто држаше Невидљивога, као да га види."
Јеврејима,11,28,"Вјером обави пасху и кропљење крвљу, да се онај који убијаше првенце не дотакне њих."
Јеврејима,11,29,"Вјером пријеђоше Црвено море као по суху; а када то покушаше Египћани, потопише се."
Јеврејима,11,30,"Вјером падоше зидови јерихонски, када се око њих обилазило седам дана."
Јеврејима,11,31,"Вјером Рава блудница не погибе с невјерницима, јер прими уходе с миром."
Јеврејима,11,32,"И шта још да кажем? Јер ми не би достало времена кад бих стао казивати о Гедеону, Вараку, Самсону, Јефтају, Давиду, Самуилу и о другим пророцима,"
Јеврејима,11,33,"Који вјером побиједише царства, чинише правду, добише обећања, затворише уста лавовима,"
Јеврејима,11,34,"Угасише силу огњену, утекоше од оштрица мача, од немоћних постадоше јаки, бијаху силни у рату, поразише војске туђинске;"
Јеврејима,11,35,"Неке жене примише своје мртве васкрсењем; други пак бијаху мукама уморени не приставши на избављење, да би добили боље васкрсење;"
Јеврејима,11,36,"А други искусише поруге и шибања, па још окове и тамнице;"
Јеврејима,11,37,"Камењем побијени, престругани, измучени, од мача помријеше; потуцаше се у кожусима и козјим кожама у оскудици, у невољама, у патњама;"
Јеврејима,11,38,"Они којих свијет не бијаше достојан, потуцаху се по пустињама и горама и по пештерама и по јамама земаљским."
Јеврејима,11,39,"И сви ови, освједочени у вјери, не добише обећање;"
Јеврејима,11,40,"Зато што је Бог нешто боље предвидјео за нас, да не би они без нас достигли савршенство."
Јеврејима,12,1,"Зато и ми, имајући око себе толики облак свједока, одбацимо свако бреме и гријех који нас лако заводи, и са стрпљењем хитајмо у подвиг који нам предстоји,"
Јеврејима,12,2,"Гледајући на Исуса, Начелника и Савршитеља вјере, који умјесто предстојеће му радости претрпи крст, не марећи за срамоту, и сједе с десне стране Пријестола Божијега."
Јеврејима,12,3,"Помислите, дакле, на Њега, који је од грјешника поднио такво противљење против себе, да не малакшете и не клону душе ваше."
Јеврејима,12,4,"Још се не супротстависте до крви борећи се против гријеха,"
Јеврејима,12,5,"И заборавили сте савјет који вам говори као синовима: Сине мој, не занемаруј карање Господње, нити клони када те он покара."
Јеврејима,12,6,Јер кога љуби Господ онога и кара; и бије свакога сина којега прима.
Јеврејима,12,7,"Ако подносите карање, Бог поступа са вама као са синовима. Јер који је то син којега отац не кара?"
Јеврејима,12,8,"Ако ли сте без карања, које су сви искусили, онда сте копилад а не синови."
Јеврејима,12,9,"Даље, кад су нас наши тјелесни оци карали, ми смо их слушали. Зар се нећемо много више покоравати Оцу духова и живјети?"
Јеврејима,12,10,"Јер они нас караху за мало дана према своме нахођењу, а Он на корист нашу, да будемо заједничари светости његове."
Јеврејима,12,11,"Јер свако карање, док траје, не чини се да је радост, него жалост, али послије даје мирни плод праведности онима који су кроз њега извјежбани."
Јеврејима,12,12,"Зато исправите клонуле руке и ослабљена кољена,"
Јеврејима,12,13,"И поравните стазе за ноге своје, да се оно што је хромо не погорша, него напротив, да се излијечи."
Јеврејима,12,14,"Старајте се да имате мир са свима и светост, без које нико неће видјети Господа;"
Јеврејима,12,15,"Пазећи да ко не остане без благодати Божије; да не би некакав коријен горчине узрастао и направио немир, и њиме се заразили многи;"
Јеврејима,12,16,"Да ко не буде блудник или поганац, као Исав, који за једно јело продаде своје првородство."
Јеврејима,12,17,"Јер знате да је он и касније, кад је хтио да наслиједи благослов, одбачен био, јер не нађе покајање, иако га је са сузама тражио."
Јеврејима,12,18,"Јер нисте приступили гори опипљивој, и огњу разбукталом, и мраку и тами и олуји,"
Јеврејима,12,19,"И звуку трубе, и гласу ријечи, за који они што га чуше мољаху да им се више не говори;"
Јеврејима,12,20,"Јер не могаху поднијети заповијест: Ако се и звијер дотакне те горе, биће каменована."
Јеврејима,12,21,"А призор је тако страшан био, да Мојсеј рече: Престрашен сам и дрхтим,"
Јеврејима,12,22,"Него сте приступили Гори Сионској и Граду Бога живога, Јерусалиму небескоме, миријадама анђела,"
Јеврејима,12,23,"Свечаном сабору и Цркви првородних, записаних на небесима, и Богу Судији свију, и духовима савршених праведника."
Јеврејима,12,24,"И Исусу, Посреднику Новог Завјета, и крви очишћења, која боље говори неголи Авељева."
Јеврејима,12,25,"Гледајте да не одбаците Онога који говори. Јер, кад не избјегоше казну они што одбацише онога који пророковаше на земљи, а камоли ми ако се одвратимо од Онога са небеса,"
Јеврејима,12,26,"Чији глас онда потресе земљу, а сад обећа говорећи: Још једном ја ћу потрести не само земљу него и небо."
Јеврејима,12,27,"А ово ""још једном"" показује промјену онога што се колеба, као створеног, да би остало оно што се не колеба."
Јеврејима,12,28,"Зато, примајући Царство непоколебиво, да имамо благодат и њоме да служимо угодно Богу са поштовањем и страхом."
Јеврејима,12,29,Јер Бог наш је огањ који спаљује.
Јеврејима,13,1,Братољубље нека остане.
Јеврејима,13,2,"Гостољубље не заборављајте, јер из гостољубља неки и не знајући примише анђеле."
Јеврејима,13,3,"Сјећајте се сужања као да сте с њима оковани, и оних који се злопате, јер сте и сами у тијелу."
Јеврејима,13,4,Брак нека буде у свему частан и постеља брачна чиста: а блудницима и прељубницима судиће Бог.
Јеврејима,13,5,"Не будите среброљубиви, будите задовољни оним што имате, јер је Он рекао: Нећу те оставити нити ћу од тебе одступити."
Јеврејима,13,6,"Тако да можемо смјело говорити: Господ је мој помоћник, и нећу се бојати; шта ми може учинити човјек?"
Јеврејима,13,7,"Сјећајте се својих старјешина, који вам проповиједаше ријеч Божију; гледајући на свршетак њихова живота, угледајте се на вјеру њихову."
Јеврејима,13,8,Исус Христос је исти јуче и данас и у вијекове.
Јеврејима,13,9,"Не дајте се завести различитим и туђим учењима, јер је добро утврђивати срце благодаћу а не јелима, од којих не имаше користи они који су у њима уживали."
Јеврејима,13,10,Ми имамо жртвеник од којега немају права да једу они који служе скинији.
Јеврејима,13,11,"Јер тјелеса оних животиња, чију крв за гријехе уноси првосвештеник у светињу, спаљују се ван станишта."
Јеврејима,13,12,"Зато и Исус, да би осветио народ крвљу својом, пострада изван града."
Јеврејима,13,13,"Дакле, изиђимо к Њему изван станишта, поругу његову носећи."
Јеврејима,13,14,"Јер овдје немамо постојана града, него тражимо онај који ће доћи."
Јеврејима,13,15,"Кроз Њега, дакле, непрестано да приносимо Богу жртву хвале, то јест, плод усана које исповједају Име његово."
Јеврејима,13,16,А доброчинство и заједништво не заборављајте; јер се таквим жртвама угађа Богу.
Јеврејима,13,17,"Слушајте старјешине своје и повинујте им се, јер они бдију над душама вашим, пошто ће одговарати за њих, да би то с радошћу чинили а не са уздисањем, јер вам ово не би било од користи."
Јеврејима,13,18,"Молите се Богу за нас. Јер смо увјерени да имамо добру савјест, желећи да се у свему добро владамо."
Јеврејима,13,19,"А молим да чините ово још више, да бих вам се што прије вратио."
Јеврејима,13,20,"А Бог мира, који подиже из мртвих великога Пастира оваца, крвљу Завјета вјечнога, Господа нашега Исуса Христа,"
Јеврејима,13,21,"Нека вас усаврши у свакоме дјелу доброме, да вршите вољу његову, творећи у вама оно што му је угодно, кроз Исуса Христа, којему слава у вијекове вијекова. Амин."
Јеврејима,13,22,"Молим вас пак, браћо, примите ову ријеч утјехе, јер вам укратко и написах."
Јеврејима,13,23,"Знајте да је брат наш Тимотеј ослобођен, са којим ћу вас, ако ускоро дође, видјети."
Јеврејима,13,24,Поздравите све старјешине своје и све свете. Поздрављају вас браћа из Италије.
Јеврејима,13,25,Благодат са свима вама. Амин.
Јаковљева,1,1,"Јаков, слуга Бога и Господа Исуса Христа, поздравља дванаест племена расијаних по свијету."
Јаковљева,1,2,"Сваку радост имајте, браћо моја, када паднете у различна искушења,"
Јаковљева,1,3,Знајући да кушање ваше вјере гради трпљење:
Јаковљева,1,4,"А трпљење нека усавршује дјело, да будете савршени и потпуни без икаквог недостатка."
Јаковљева,1,5,"Ако ли коме од вас недостаје мудрости, нека иште од Бога који свима даје једноставно и без карања, и даће му се."
Јаковљева,1,6,"Али нека иште с вјером, не сумњајући ништа; јер који сумња он је као морски вал што га вјетар подиже и витла."
Јаковљева,1,7,Јер такав човјек нека не мисли да ће примити што од Господа.
Јаковљева,1,8,Двоједушан човјек непостојан је у свима путевима својим.
Јаковљева,1,9,А понизни брат нека се хвали висином својом;
Јаковљева,1,10,"А богаташ својом понизношћу, јер ће проћи као цвијет травни."
Јаковљева,1,11,"Јер огрија сунце са жегом, и осуши траву, и цвијет њезин отпаде, и красота лица њезина пропаде; тако ће и богаташ на путевима својима увенути."
Јаковљева,1,12,"Блажен је човјек који претрпи искушење, јер кад буде опробан примиће вијенац живота, који Господ обећа онима који га љубе."
Јаковљева,1,13,"Ниједан кад је кушан да не говори: Бог ме куша; јер Бог је непријемчив за кушање злом, и Он не искушава никога,"
Јаковљева,1,14,"Него свакога искушава сопствена жеља, која га мами и вара."
Јаковљева,1,15,Тада жеља затрудњевши рађа гријех. а гријех учињен рађа смрт.
Јаковљева,1,16,"Не варајте се, драга браћо моја."
Јаковљева,1,17,"Сваки дар добри и сваки поклон савршени одозго је, силази од Оца свјетлости, у којега нема измјенљивости ни сјенке промјене."
Јаковљева,1,18,"Јер нас је драговољно родио ријечју истине, да будемо као првина од његових створења."
Јаковљева,1,19,"Зато, драга браћо моја, нека буде сваки човјек брз чути а спор говорити и спор гњевити се;"
Јаковљева,1,20,Јер гњев човјеков не твори правду Божију.
Јаковљева,1,21,"Зато одбаците сваку нечистоту и остатак злобе, и с кротошћу примите усађену ријеч која може спасити душе ваше."
Јаковљева,1,22,"Будите пак творци ријечи, а не само слушаоци, варајући сами себе."
Јаковљева,1,23,"Јер ако ко слуша ријеч а не твори, он је сличан човјеку који гледа лице тијела својега у огледалу;"
Јаковљева,1,24,"Јер се огледа, па отиде, и одмах заборави какав бјеше."
Јаковљева,1,25,"Али ко проникне у савршени закон слободе и остане у њему, и не постане забораван слушалац него творац дјела, тај ће бити блажен у дјелању својему."
Јаковљева,1,26,"Ако ко од вас мисли да је побожан. а не зауздава језика својега, него вара срце своје, његова је побожност узалуд."
Јаковљева,1,27,"Побожност чиста и непорочна пред Богом и Оцем јесте ова: посјећивати сироте и удовице у невољи њиховој, и чувати себе неопогањена од свијета."
Јаковљева,2,1,"Браћо моја, не гледајући ко је ко, имајте вјеру у нашега Господа славе Исуса Христа."
Јаковљева,2,2,"Јер ако дође на сабрање ваше човјек са златним прстеном и у свијетлој хаљини, а дође и сиромах у биједној хаљини,"
Јаковљева,2,3,"И погледате на онога у свијетлој хаљини, и речете му: Ти сједи овдје лијепо, а сиромаху: Ти стани ондје, или сједи овдје ниже подножја мојега;"
Јаковљева,2,4,Зар тиме не учинисте разлику у себи и постадосте судије са злим помислима?
Јаковљева,2,5,"Чујте, драга браћо моја, не изабра ли Бог сиромахе овога свијета да буду богати вјером, и насљедници Царства које обећа онима који Њега љубе?"
Јаковљева,2,6,А ви понизисте сиромаха. Нису ли богаташи ти који вас угњетавају и зар вас они не вуку на судове?
Јаковљева,2,7,Не хуле ли они на добро Име којим сте названи?
Јаковљева,2,8,"Но, ако ви закон царски извршујете по Писму: Љуби ближњега својега као самог себе, добро чините;"
Јаковљева,2,9,"Ако ли гледате ко је ко, гријех чините, и закон вас кара као преступнике."
Јаковљева,2,10,"Јер који сав закон одржи а сагријеши у једноме, крив је за све."
Јаковљева,2,11,"Јер Онај који је рекао: Не чини прељубе! рекао је и: Не убиј! Ако, дакле, не учиниш прељубу а убијеш, постао си преступник закона."
Јаковљева,2,12,Тако говорите и тако творите као они који ће законом слободе бити суђени;
Јаковљева,2,13,Јер ће ономе бити суд без милости који не чини милости; а милост слави побједу над судом.
Јаковљева,2,14,"Каква је корист, браћо моја, ако ко рече да има вјеру а дјела нема? Зар га може вјера спасти?"
Јаковљева,2,15,"Ако ли брат или сестра голи буду, и оскудијевају у свакодневној храни,"
Јаковљева,2,16,"И рече им који од вас: Идите с миром, гријте се, и наситите се, а не дате им што је потребно за тијело, каква је корист?"
Јаковљева,2,17,"Тако и вјера, ако нема дјела, мртва је сама по себи."
Јаковљева,2,18,"Но неко ће рећи: Ти имаш вјеру, а ја имам дјела. Покажи ми вјеру твоју без дјела твојих, а ја ћу теби показати вјеру моју из дјела мојих."
Јаковљева,2,19,"Ти вјерујеш да је један Бог; добро чиниш; и ђаволи вјерују, и дрхте."
Јаковљева,2,20,"Али хоћеш ли да знаш, о човјече сујетни, да је вјера без дјела мртва?"
Јаковљева,2,21,"Авраам, отац наш, не оправда ли се дјелима кад принесе Исака сина својега на жртвеник?"
Јаковљева,2,22,"Видиш ли како је вјера садјејствовала дјелима његовим, и кроз дјела усавршила се вјера?"
Јаковљева,2,23,"И испуни се Писмо које говори: Авраам повјерова Богу, и прими му се у правду, и пријатељ Божији назва се."
Јаковљева,2,24,"Видите ли, дакле, да се дјелима оправдава човјек, а не само вјером?"
Јаковљева,2,25,"А слично и Рава блудница не оправда ли се дјелима када прими уходе, и изведе их другим путем?"
Јаковљева,2,26,"Јер као што је тијело без духа мртво, тако је и вјера без дјела мртва."
Јаковљева,3,1,"Браћо моја, не будите многи учитељи, знајући да ћемо већма бити осуђени,"
Јаковљева,3,2,"Јер сви много гријешимо. Ако неко у ријечи не гријеши, тај је савршен човјек, моћан је зауздати и све тијело."
Јаковљева,3,3,"Гле, коњима стављамо узде у уста да нам се покоравају, и све тијело њихово окрећемо."
Јаковљева,3,4,"Ето и лађе, иако су велике и силни их вјетрови гоне, окрећу се малим кормилом онамо куда хоће онај који управља."
Јаковљева,3,5,"Тако је и језик мали уд, а хвали се да је велики. Гле, малена ватра, како велике ствари запали!"
Јаковљева,3,6,"И језик је ватра, свијет неправде. Тако се и језик налази међу нашим удима, прљајући све тијело, и палећи ток живота нашега, и запаљујући се од пакла."
Јаковљева,3,7,"Јер сваки род звјериња и птица, и гмизаваца и риба, припитомљава се и припитомио се роду човјечијему,"
Јаковљева,3,8,"А језик нико од људи не може укротити; то немирно зло, пуно отрова смртоноснога."
Јаковљева,3,9,"Њиме благосиљамо Бога и Оца, и њиме проклињемо људе створене по подобију Божију."
Јаковљева,3,10,"Из истих уста излази благослов и клетва. Не ваља, браћо моја, да ово тако бива."
Јаковљева,3,11,Зар може из истог извора тећи слатко и горко?
Јаковљева,3,12,"Може ли, браћо моја, смоква маслине рађати или винова лоза смокве? Тако ниједан извор не даје слану и слатку воду."
Јаковљева,3,13,Ко је међу вама мудар и разуман? Нека покаже од доброг понашања дјела своја у мудрој кротости.
Јаковљева,3,14,"Ако ли имате горку завист и свадљивост у срцима својим, не хвалите се и не лажите против истине."
Јаковљева,3,15,"Ово није она мудрост што силази одозго него земаљска, чулна, демонска."
Јаковљева,3,16,"Јер гдје је завист и свађа, ондје је неслога и свака зла ствар."
Јаковљева,3,17,"А мудрост која је одозго, прво је чиста, потом мирна, кротка, послушна, пуна милости и добрих плодова, непристрасна, и нелицемјерна."
Јаковљева,3,18,А плод правде у миру сије се онима који мир граде.
Јаковљева,4,1,"Откуда ратови и борбе међу вама? Не отуда ли, од сладострашћа ваших, која се боре у вашим удима?"
Јаковљева,4,2,"Желите и немате; убијате и завидите, и не можете да добијете; борите се и војујете, и немате, јер не иштете."
Јаковљева,4,3,"Иштете, и не примате, јер погрешно иштете, да на уживања ваша трошите."
Јаковљева,4,4,"Прељубници и прељубнице, не знате ли да је пријатељство према свијету непријатељство према Богу? Јер који хоће свијету пријатељ да буде, непријатељ Божији постаје."
Јаковљева,4,5,"Или мислите да Писмо узалуд говори: Са суревњивошћу чезне за духом, којега усели у нас?"
Јаковљева,4,6,"А даје већу благодат; стога каже: Бог се противи гордима, а смиренима даје благодат."
Јаковљева,4,7,"Покорите се, дакле, Богу, а успротивите се ђаволу, и побјећи ће од вас."
Јаковљева,4,8,"Приближите се Богу, и Он ће се приближити вама. Очистите руке, грјешници, поправите срца ваша, дводушни."
Јаковљева,4,9,"Трпите и тугујте и плачите: смијех ваш нека се претвори у плач, и радост у жалост."
Јаковљева,4,10,"Понизите се пред Господом, и уздигнуће вас."
Јаковљева,4,11,"Не оговарајте један другога, браћо; јер ко оговара брата или осуђује брата својега, оговара закон и осуђује закон, а ако закон осуђујеш, ниси вршилац закона него судија."
Јаковљева,4,12,"Један је Законодавац и Судија, који може спасти и погубити. А ко си ти што другога осуђујеш?"
Јаковљева,4,13,"Слушајте сад ви који говорите: Данас или сутра поћи ћемо у овај или онај град, и боравићемо ондје једну годину, и трговаћемо и зарадићемо;"
Јаковљева,4,14,"Ви који не знате шта ће бити сутра. Јер шта је живот ваш? Он је пара, која се за мало покаже, а потом је нестане."
Јаковљева,4,15,"Умјесто да говорите: Ако Господ хоће, и живи будемо, учинићемо ово или оно."
Јаковљева,4,16,А сад се хвалите својом надменошћу. Свака таква хвала је зла.
Јаковљева,4,17,"Онај, дакле, који зна добро чинити а не чини, гријех му је."
Јаковљева,5,1,"Ходите сад богаташи, плачите и ридајте због невоља својих које долазе."
Јаковљева,5,2,"Богатство ваше иструну, а одијело ваше поједоше мољци;"
Јаковљева,5,3,"Злато ваше и сребро зарђа, и рђа њихова биће свједочанство против вас, и изјешће тијела ваша, као огањ. Нагомиласте благо у посљедње дане."
Јаковљева,5,4,"Гле, вапије плата радника који су пожњели њиве ваше, коју сте им закинули; и вапаји жетелаца дођоше до ушију Господа Саваота."
Јаковљева,5,5,"Наслађивасте се на земљи, и живјесте раскалашно; ухранисте срца ваша, као на дан заклања."
Јаковљева,5,6,"Осудисте, убисте праведника, и он вам се не успротиви."
Јаковљева,5,7,"Трпите, дакле, браћо моја, до доласка Господњега. Гле, ратар ишчекује драгоцјени плод земље, стрпљиво га чекајући док не прими дажд рани и позни."
Јаковљева,5,8,"Будите, дакле, и ви стрпљиви, утврдите срца ваша, јер се долазак Господњи приближи."
Јаковљева,5,9,"Не јадикујте један на другога, браћо, да не будете осуђени: гле, Судија стоји пред вратима."
Јаковљева,5,10,"За углед страдања и дуготрпљења, браћо моја, узмите пророке који говорише у име Господње."
Јаковљева,5,11,"Ето, ми називамо блаженим оне који претрпјеше. Трпљење Јова чусте и крај његов од Господа видјесте, јер је Господ многомилостив и сажаљив."
Јаковљева,5,12,"А прије свега, браћо моја, не куните се ни небом ни земљом, нити другом каквом заклетвом; нека ваше да буде да, а не, не; да не паднете под осуду."
Јаковљева,5,13,Злопати ли се ко међу вама? Нека се моли Богу. Је ли ко весео? Нека пјева Богу.
Јаковљева,5,14,"Болује ли ко међу вама? Нека дозове презвитере црквене, и нека се моле над њим, помазавши га уљем у име Господње."
Јаковљева,5,15,"И молитва вјере ће спасти болесника, и подигнуће га Господ; и ако је гријехе учинио, опростиће му се."
Јаковљева,5,16,"Исповиједајте пак једни другима сагрјешења, и молите се Богу једни за друге, да оздравите. Много је моћна усрдна молитва праведника."
Јаковљева,5,17,"Илија бјеше човјек исто као и ми, и молитвом помоли се Богу да не буде дажда, и не удари дажд на земљи за три године и шест мјесеци."
Јаковљева,5,18,"И опет се помоли, и небо даде кишу, и земља изнесе род свој."
Јаковљева,5,19,"Браћо, ако ко од вас залута са пута истине, па га неко врати,"
Јаковљева,5,20,"Нека зна да ће онај који обрати грјешника са пута заблуде његове, спасти душу од смрти, и покрити мноштво гријехова."
1. Петрова,1,1,"Петар, апостол Исуса Христа, изабранима који странствују у расијању по Понту, Галатији, Кападокији, Азији и Витинији:"
1. Петрова,1,2,"По предзнању Бога Оца, освећењем Духа за послушање и кропљење крвљу Исуса Христа: Благодат и мир да вам се умножи."
1. Петрова,1,3,"Благословен Бог и Отац Господа нашега Исуса Христа, који нас по великој милости својој препороди за живу наду васкрсењем Исуса Христа из мртвих,"
1. Петрова,1,4,"За насљедство непропадљиво и неокаљано и неувенљиво, које је сачувано на небесима за вас,"
1. Петрова,1,5,"Силом Божијом чуване кроз вјеру на спасење, спремљено да се открије у посљедње вријеме;"
1. Петрова,1,6,"У њему се радујте, иако сте сада мало, ако треба, ожалошћени различитим искушењима,"
1. Петрова,1,7,"Да се вриједност ваше вјере, драгоцјенија од злата пропадљивога, но огњем испитиванога, нађе на хвалу и част и славу, када се јави Исус Христос;"
1. Петрова,1,8,"Којега не видјевши љубите, и Њега сад не гледајући но вјерујући, радујете се радошћу неисказаном и прослављеном,"
1. Петрова,1,9,Примајући крај вјере своје: спасење душа.
1. Петрова,1,10,"О којем спасењу испитиваше и истраживаше пророци, који прорицаше о вама подареној благодати;"
1. Петрова,1,11,"Испитујући у које или какво вријеме јављаше Дух Христов који бјеше у њима, унапријед свједочећи за Христова страдања и за славе послије тога."
1. Петрова,1,12,"Њима се откри да не себи, него вама служаху у оном што вам се сад јави преко оних који вам проповједаше јеванђеље Духом Светим посланим с неба, у што анђели желе завирити."
1. Петрова,1,13,"Зато опасавши бедра разума својега, будите трезвени, сасвим се надајте благодати која ће вам се донијети откривењем Исуса Христа."
1. Петрова,1,14,"Као чеда послушности не поводите се за пређашњим жељама из времена вашега незнања,"
1. Петрова,1,15,"Него по Светоме који вас је позвао, будите и сами свети у свему живљењу."
1. Петрова,1,16,"Јер је написано: Будите свети, јер сам ја свет."
1. Петрова,1,17,"И ако зовете Оцем онога који, не гледајући ко је ко, суди свакоме по дјелу, проводите у страху вријеме вашега странствовања,"
1. Петрова,1,18,"Знајући да се пропадљивим сребром или златом не искуписте из својега сујетнога живљења, од отаца вам преданога,"
1. Петрова,1,19,"Него часном крвљу Христа, као Јагњета непорочног и безазленог,"
1. Петрова,1,20,"Предвиђеног још прије постања свијета, а јављеног у посљедња времена ради вас,"
1. Петрова,1,21,"Који кроз њега вјерујете у Бога који га подиже из мртвих, и даде му славу, тако да ваша вјера и надање буду у Бога."
1. Петрова,1,22,"Душе своје очистивши Духом у послушању истине за братољубље нелицемјерно, од чиста срца љубите једни друге искрено,"
1. Петрова,1,23,"Препорођени не од сјемена трулежног него нетрулежног, ријечју живога Бога која остаје увијек."
1. Петрова,1,24,"Јер је свако тијело као трава, и свака слава човјечија као цвијет травни: осуши се трава, и цвијет њезин отпаде;"
1. Петрова,1,25,Али ријеч Господња остаје увијек. А то је та ријеч која је вама благовијештена.
1. Петрова,2,1,"Одбацивши, дакле, сваку злобу и свако лукавство и лицемјерје, и завист и сва оговарања,"
1. Петрова,2,2,"Жарко желите разумнога и правога млијека, као новорођена дјеца, да о њему узрастете за спасење,"
1. Петрова,2,3,Ако већ окусисте да је благ Господ.
1. Петрова,2,4,"Приступајући Њему, Камену живом, од људи одбаченом, али од Бога изабраном, драгоцјеном,"
1. Петрова,2,5,"И ви сами као живо камење зидајте се у дом духовни, свештенство свето, да бисте приносили жртве духовне, благопријатне Богу, кроз Исуса Христа."
1. Петрова,2,6,"Јер стоји у Писму: Ево полажем у Сиону Камен крајеугаони, изабрани, драгоцјени; и ко у њега вјерује неће се постидјети."
1. Петрова,2,7,"Вама је, дакле, који вјерујете част; а онима који се противе, камен који одбацише зидари он постаде глава од угла, и би Камен спотицања и Стијена саблазни;"
1. Петрова,2,8,"Који се и спотичу о њега противећи се ријечи, на што су и опредијељени."
1. Петрова,2,9,"А ви сте род изабрани, царско свештенство, народ свети, народ задобијен, да објавите врлине Онога који вас дозва из таме на чудесну свјетлост своју;"
1. Петрова,2,10,"Који некад не бијасте народ, а сада сте народ Божији; који не бијасте помиловани, а сада сте помиловани."
1. Петрова,2,11,"Љубљени, молим вас као путнике и странце, да се чувате од тјелесних жеља, које војују на душу."
1. Петрова,2,12,"Владајте се добро међу незнабошцима, да би за оно за што вас опадају као злочинце, видјевши ваша добра дјела, славили Бога у дан похођења."
1. Петрова,2,13,"Будите, дакле, покорни сваком реду људском, Господа ради: ако цару, као господару;"
1. Петрова,2,14,"Ако ли намјесницима, као његовим посланицима за осуду злочинцима, а за похвалу онима који добро чине."
1. Петрова,2,15,Јер је тако воља Божија да добро чинећи ућуткујете незнање безумних људи;
1. Петрова,2,16,"Као слободни, а не као они који користе слободу за прикривање злобе, него као слуге Божије."
1. Петрова,2,17,"Свакога поштујте, братство љубите, Бога се бојте, цара поштујте."
1. Петрова,2,18,"Слуге, будите покорни са сваким страхом господарима, не само добрима и благима него и грубима."
1. Петрова,2,19,"Јер то је благодат, ако неко подноси жалости по савјести ради Бога, страдајући неправедно."
1. Петрова,2,20,"Јер каква је похвала ако гријешите па кажњавани, подносите? Него ако добро чините па подносите страдања, то је угодно пред Богом."
1. Петрова,2,21,"Јер сте на то и позвани,"
1. Петрова,2,22,"Он гријеха не учини, нити се нађе пријевара у устима његовим;"
1. Петрова,2,23,"Он вријеђан, не узвраћаше увредом; страдајући не пријећаше, него је препустио Ономе који праведно суди."
1. Петрова,2,24,"Он гријехе наше сам изнесе на тијелу својем на дрво, да за гријехе умремо, и за правду живимо, јер се његовом раном исцијелисте."
1. Петрова,2,25,"Јер бијасте као изгубљене овце, али сада се вратисте Пастиру и Епископу душа ваших."
1. Петрова,3,1,"Исто тако и ви, жене, будите покорне својим мужевима, да ако неки не вјерују ријечи, онда понашањем жена и без ријечи буду придобијени,"
1. Петрова,3,2,Када виде чедно понашање ваше са страхом.
1. Петрова,3,3,Ваше украшавање да не буде споља: у плетењу косе и у кићењу златом или у облачењу хаљина;
1. Петрова,3,4,"Него у скривеноме човјеку срца, у непропадљивости кроткога и тихога духа, што је пред Богом драгоцјено."
1. Петрова,3,5,Јер тако некад украшаваху себе и свете жене које се уздаху у Бога и покораваху се својим мужевима.
1. Петрова,3,6,"Као што Сара бјеше послушна Аврааму, називајући га господарем; њезине кћери постадосте, чинећи добро, и не бојећи се никаква страха."
1. Петрова,3,7,"Тако и ви, мужеви, живите са својим женама по разуму, указујући им част као слабијем женском сасуду, као и сунасљедницама благодати живота, да не буду ометане молитве ваше."
1. Петрова,3,8,"А најпослије будите сви једнодушни, сажаљиви, братољубиви, милосрдни, срдачни;"
1. Петрова,3,9,"Не враћајте зло за зло, ни увреду за увреду; него напротив, благосиљајте, знајући да сте на то позвани да наслиједите благослов."
1. Петрова,3,10,"Јер који хоће да љуби живот и да види дане добре, нека уздржи језик свој од зла, и усне његове да не говоре пријеваре;"
1. Петрова,3,11,Нека се уклања од зла и нека чини добро; нека тражи мир и нека му стреми.
1. Петрова,3,12,"Јер очи Господње обраћене су на праведнике, и уши његове на молитву њихову; а лице Господње против оних који чине зло."
1. Петрова,3,13,И ко може вама наудити ако будете ревнитељи добра?
1. Петрова,3,14,"Него ако и страдате правде ради, блажени сте. А страха се њихова не бојте, нити се плашите;"
1. Петрова,3,15,"Но Господа Бога освећујте у срцима својим, свагда спремни са кротошћу и страхом на одговор свакоме који тражи од вас разлог ваше наде,"
1. Петрова,3,16,"Имајући добру савјест, да се у ономе за што вас клеветају као злочинце постиде они који куде ваше добро владање у Христу."
1. Петрова,3,17,"Јер је боље, ако хоће воља Божија, да страдате добро чинећи, неголи зло чинећи."
1. Петрова,3,18,"Зато и Христос једанпут за гријехе наше пострада, праведник за неправеднике, да нас приведе Богу, усмрћен тијелом, а оживјевши духом;"
1. Петрова,3,19,Којим и сиђе и проповиједа духовима у тамници.
1. Петрова,3,20,"Ови некада бијаху непослушни кад их очекиваше Божије дуготрпљење у дане Нојеве, када се грађаше ковчег, у коме се мало, то јест, осам душа спасоше водом,"
1. Петрова,3,21,"Која и нас сада спасава крштењем као испуњењем праобраза, не као прање тјелесне нечистоће, него обећање Богу добре савјести васкрсењем Исуса Христа,"
1. Петрова,3,22,"Који, отишавши на небо, са десне је стране Бога, и потчињени су му анђели и власти и силе."
1. Петрова,4,1,"Када, дакле, Христос пострада за нас тијелом, и ви се том мисли наоружајте, јер ко пострада тијелом, престао је да гријеши,"
1. Петрова,4,2,"Да остало вријеме живота у тијелу не живи више по жељама човјечијим, него по вољи Божијој."
1. Петрова,4,3,"Јер сте доста протеклог времена живота провели чинећи вољу незнабожаца док сте се одавали разврату, похотама, опијању, ждерању, пијанкама и богомрском идолопоклонству."
1. Петрова,4,4,"Зато се чуде што ви не трчите с њима у исту поплаву разврата, и хуле на вас."
1. Петрова,4,5,Они ће дати одговор Ономе који је готов да суди живима и мртвима.
1. Петрова,4,6,"Зато је и мртвима проповиједано јеванђеље, да приме суд по човјеку тијелом, а да живе по Богу духом."
1. Петрова,4,7,"А свему се крај приближио. Будите, дакле, цјеломудрени и трезвени у молитвама."
1. Петрова,4,8,А прије свега имајте истрајну љубав међу собом; јер љубав покрива мноштво гријехова.
1. Петрова,4,9,Будите гостољубиви међу собом без гунђања;
1. Петрова,4,10,"Сваки као што је примио благодатни дар, њиме служите једни другима, као добри управитељи разноврсне благодати Божије."
1. Петрова,4,11,"Ако неко говори, нека говори као ријечи Божије; ако неко служи, нека служи као по моћи коју Бог даје; да се у свему слави Бог кроз Исуса Христа, коме је слава и сила у вијекове вијекова. Амин."
1. Петрова,4,12,"Љубљени, не чудите се огњу који вам бива ради кушања вашег, као да вам се нешто необично догађа,"
1. Петрова,4,13,"Него се радујте што учествујете у страдањима Христовим, да бисте се и у откривењу славе његове радовали и веселили."
1. Петрова,4,14,"Ако вас руже за Име Христово, блажени сте, јер Дух Божији, Дух славе и силе почива на вама; они, дакле, хуле на њега, а ви га прослављате."
1. Петрова,4,15,"Само да нико од вас не пострада као убица или лопов или злочинац, или као онај који се мијеша у туђе послове."
1. Петрова,4,16,"Но ако ли као хришћанин, нека се не стиди, већ нека слави Бога због тог удјела."
1. Петрова,4,17,"Јер је вријеме да почне суд од дома Божијег; ако ли прво почне од нас, какав ли ће тек бити крај онима што се противе јеванђељу Божијем?"
1. Петрова,4,18,"И ако се праведник једва спасава, безбожник и грјешник гдје ће се јавити?"
1. Петрова,4,19,"Зато и они који страдају по вољи Божијој, нека њему као вјерноме Саздатељу, повјере душе своје у доброчинству."
1. Петрова,5,1,"Презвитере који су међу вама молим, ја који сам сапрезвитер и свједок Христових страдања, и заједничар у слави која ће се открити:"
1. Петрова,5,2,"Чувајте стадо Божије, које вам је повјерено, и надгледајте га, не принудно, него добровољно, и по Богу, не због нечасног добитка,него од срца;"
1. Петрова,5,3,Нити као да господарите насљедством Божијим; него будите углед стаду;
1. Петрова,5,4,"И кад се јави Архипастир, примићете вијенац славе који не вене."
1. Петрова,5,5,"Тако и ви млађи покоравајте се старјешинама, а сви, покоравајући се једни другима, пригрлите смиреноумље, јер се Бог гордима противи а смиренима даје благодат."
1. Петрова,5,6,"Понизите се, дакле, под моћну руку Божију, да вас узвиси кад дође вријеме."
1. Петрова,5,7,"Све своје бриге положите на Њега, јер се Он стара за вас."
1. Петрова,5,8,"Будите трезвени и бдите, јер супарник ваш, ђаво, као лав ричући ходи и тражи кога да прождере."
1. Петрова,5,9,"Њему се противите утврђени вјером, знајући да се таква иста страдања догађају вашем братству по свијету."
1. Петрова,5,10,"А Бог сваке благодати, који вас позва у вјечну своју славу у Христу Исусу, нека вас Он, пошто мало пострадате, усаврши, утврди, укријепи, утемељи;"
1. Петрова,5,11,Њему слава и сила у вијекове вијекова. Амин.
1. Петрова,5,12,"По Силуану, вјерном брату, као што мислим, написах вам ово мало, да посавјетујем и посвједочим да је то истинита благодат Божија, у којој ви стојите."
1. Петрова,5,13,"Поздравља вас Црква у Вавилону, изабрана као и ви, и Марко син мој."
1. Петрова,5,14,Поздравите једни друге цјеливом љубави. Мир вам свима који сте у Христу Исусу. Амин.
2. Петрова,1,1,"Симон Петар, слуга и апостол Исуса Христа, онима што су примили са нама једнако драгоцјену вјеру у правди Бога нашега и Спаса Исуса Христа:"
2. Петрова,1,2,Благодат и мир да вам се умножи познањем Бога и Исуса Господа нашега.
2. Петрова,1,3,"Пошто нам је његова божанска сила даровала све што је потребно за живот и побожност, познањем Онога који нас позва славом и врлином,"
2. Петрова,1,4,"Кроз које су нама дарована драгоцјена и превелика обећања да кроз њих постанете причасници божанске природе, избјегнувши похотну трулеж у свијету."
2. Петрова,1,5,"И управо на ово уложите сву ревност па пројавите у вјери вашој врлину, а у врлини знање,"
2. Петрова,1,6,"А у знању уздржање, а у уздржању трпљење, а у трпљењу побожност,"
2. Петрова,1,7,"А у побожности братољубље, а у братољубљу љубав."
2. Петрова,1,8,"Јер кад ово све имате и умножава се у вама, то вас неће учинити нерадним и неплодним за познање Господа нашега Исуса Христа."
2. Петрова,1,9,"Јер ко овога нема слијеп је, кратковид је, заборавивши своје очишћење од старих гријеха."
2. Петрова,1,10,"Зато, браћо, постарајте се још већма да своје призвање и избор утврдите, јер чинећи ово нећете погријешити никад;"
2. Петрова,1,11,Јер ће вам се тако изобилно дати улазак у вјечно Царство Господа и Спаса нашег Исуса Христа.
2. Петрова,1,12,"Зато нећу престајати да вам о томе стално напомињем, иако знате и утврђени сте у овој истини;"
2. Петрова,1,13,"Јер мислим да је право, док сам у овом тијелу да вас опомињањем будим,"
2. Петрова,1,14,"Знајући да ћу ускоро оставити тијело своје, као што ми и објави Господ наш Исус Христос."
2. Петрова,1,15,А трудићу се да се послије мојега одласка ви свагда сјећате овога.
2. Петрова,1,16,"Јер вам не објависмо силу и долазак Господа нашега Исуса Христа сљедујући измишљеним бајкама, него смо сами били очевидци величанства његова."
2. Петрова,1,17,"Јер он прими од Бога Оца част и славу када му дође овај глас од величанствене славе: Ово је Син мој љубљени, који је по мојој вољи."
2. Петрова,1,18,"И овај глас чусмо ми како сиђе с неба, док бијасмо с Њим на гори светој."
2. Петрова,1,19,"И имамо најпоузданију пророчку ријеч, и добро чините што пазите на њу као на свјетилник који свијетли у тамном мјесту, докле Дан не осване и Даница се не роди у срцима вашим."
2. Петрова,1,20,И ово прво знајте да ниједно пророштво Писма не бива по личном тумачењу.
2. Петрова,1,21,"Јер никад пророштво не настаде човјечијом вољом, него покретани Духом Светим говорише свети Божији људи."
2. Петрова,2,1,"А било је и лажних пророка у народу, као што ће и међу вама бити лажних учитеља, који ће унијети јереси погибли, и одрицаће се Господара који их искупи и довешће себи наглу погибао."
2. Петрова,2,2,"И многи ће поћи за њиховим нечистотама, због којих ће се похулити на Пут истине."
2. Петрова,2,3,"И у лакомству искоришћаваће вас варљивим ријечима; њихов суд одавно не доцни, и погибао њихова не дријема."
2. Петрова,2,4,"Јер кад Бог не поштедје анђеле који сагријешише, него их баци у окове мрака пакленога, и предаде да се чувају за суд:"
2. Петрова,2,5,"И не поштедје стари свијет, него сачува проповједника правде Ноја, и седморо с њим, и наведе потоп на свијет безбожнички;"
2. Петрова,2,6,"И градове Содом и Гомор осуди на пропаст и у пепео претвори, поставивши их за примјер будућим безбожницима;"
2. Петрова,2,7,И избави праведнога Лота намученог развратним владањем безаконика;
2. Петрова,2,8,"Јер док живљаше овај праведник међу њима, гледајући и слушајући безакона дјела из дана у дан, мучаше праведну душу своју;"
2. Петрова,2,9,"Зна Господ побожне да избавља од искушења, а неправеднике да чува за казну у дан судњи;"
2. Петрова,2,10,"А особито оне који иду за тијелом у нечистој похоти, и презиру господство Божије; дрски, самовољни, и не дрхте хулећи на славе,"
2. Петрова,2,11,"Док анђели, који су већи снагом и силом, не износе против њих пред Господом хулнога суда."
2. Петрова,2,12,"А они, као бесловесне животиње, по природи саздане за лов и трошење, хулећи на оно што не познају, у покварености својој пропашће,"
2. Петрова,2,13,"И примиће плату неправде. Они сматрају за сласт посведневно уживање; бестидници и неваљалци, који се наслађују својим пријеварама, једући са вама;"
2. Петрова,2,14,"Очи су им пуне прељубе и непрестанога гријеха, прелашћују неутврђене душе, имају срце извјежбано у лакомству. Дјеца проклетства!"
2. Петрова,2,15,"Оставивши прави пут, залуташе, и пођоше путем Валаама Восорова који заволи плату неправде,"
2. Петрова,2,16,Али би покаран за своје безакоње: немушто марвинче проговори гласом човјечијим и спријечи безумље пророково.
2. Петрова,2,17,"Они су извори безводни: облаци олујом гоњени, за њих се чува мрак таме заувијек."
2. Петрова,2,18,"Јер говорећи надувене и сујетне ријечи прелашћују на тјелесне жеље и разврат оне који су стварно побјегли од оних што живе у заблуди,"
2. Петрова,2,19,Обећавајући им слободу а сами су робови покварености; јер од кога је ко побијеђен томе и робује.
2. Петрова,2,20,"Јер ако они који побјегну од нечистота свијета познањем Господа и Спаса Исуса Христа, опет се у њих заплету и буду надвладани, бива им потоње горе од првога."
2. Петрова,2,21,"Јер боље би им било да не познаше Пут правде, неголи кад га познаше што се вратише од предате им свете заповијести."
2. Петрова,2,22,"Њима се догодило оно што вели истинита пословица: Пас се враћа на своју бљувотину, и: Свиња се окупала па се у блату ваља."
2. Петрова,3,1,"Ево, љубљени, пишем вам већ другу посланицу; у њима подсјећањем будим ваш чисти разум,"
2. Петрова,3,2,"Да се сјетите ријечи које су раније казали свети пророци, и заповијести апостола ваших од Господа и Спаса,"
2. Петрова,3,3,"Знајући прво ово да ће у посљедње дане доћи ругачи који ће живјети по својим сопственим жељама,"
2. Петрова,3,4,И говорити: Шта је с обећањем Доласка његова? Јер откако се оци упокојише све стоји тако од почетка стварања.
2. Петрова,3,5,"Јер они хотимице губе из вида да небеса бише одавно, и да је земља из воде и од воде саздана ријечју Божијом,"
2. Петрова,3,6,"Од којих тадашњи свијет, водом потопљен, пропаде."
2. Петрова,3,7,А садашња небеса и земља остављени су његовом ријечју за огањ и чувају се за Дан суда и погибли безбожних људи.
2. Петрова,3,8,"Али ово једно немојте превиђати, љубљени, да је један дан пред Господом као хиљада година, и хиљада година као један дан."
2. Петрова,3,9,"Не доцни Господ с обећањем, као што неки мисле да доцни; него нас дуго трпи, јер неће да ико пропадне но да се сви покају."
2. Петрова,3,10,"А доћи ће Дан Господњи као лопов ноћу, у који ће небеса с хуком проћи, а стихије ће се ужарене распасти и земља и дјела што су на њој изгорјеће."
2. Петрова,3,11,"Па кад ће се све ово распасти, какви треба да будете ви у светом владању и побожности,"
2. Петрова,3,12,"Очекујући и желећи да скорије буде долазак Божијега Дана, од кога ће се небеса огњем запаљена распасти и стихије ужарене растопити."
2. Петрова,3,13,"Нова пак небеса и нову земљу по обећању Његовом очекујемо, гдје правда обитава."
2. Петрова,3,14,"Зато, љубљени, очекујући ово старајте се да се нађете пред Њим чисти и непорочни у миру."
2. Петрова,3,15,"И дуготрпљење Господа нашега држите за спасење, као што вам и љубљени наш брат Павле по даној му мудрости писа,"
2. Петрова,3,16,"Као што говори о овоме и у свима својим Посланицама, у којима су нека мјеста тешко разумљива, која неуки и неутврђени изврћу, као и остала Писма, на своју сопствену пропаст."
2. Петрова,3,17,"А ви, дакле, љубљени, знајући унапријед, чувајте се да обманом безаконика не будете одведени с њима, и не отпаднете од својега ослонца,"
2. Петрова,3,18,Но узрастајте у благодати и у познању Господа нашега и Спаса Исуса Христа. Њему слава и сада и у Дан вјечни. Амин.
1. Јованова,1,1,"Што бјеше од почетка, што смо чули, што смо видјели очима својима, што сагледасмо и руке наше опипаше, о Логосу (Ријечи) живота;"
1. Јованова,1,2,"И Живот се јави, и видјели смо, и свједочимо, и објављујемо вам Живот вјечни, који бјеше у Оца и јави се нама;"
1. Јованова,1,3,"Што смо видјели и чули објављујемо вама да и ви с нама имате заједницу, а наша заједница је са Оцем и са Сином његовим Исусом Христом."
1. Јованова,1,4,И ово вам пишемо да радост наша буде потпуна.
1. Јованова,1,5,"И ово је обећање које смо чули од њега и јављамо вама, да је Бог свјетлост, и таме у њему нема никакве."
1. Јованова,1,6,"Ако речемо да имамо заједницу с њим и у тами ходимо, лажемо и не творимо истину."
1. Јованова,1,7,"Ако ли у свјетлости ходимо, као што је Он сам у свјетлости, имамо заједницу једни са другима, и крв Исуса Христа, Сина његова, очишћава нас од свакога гријеха."
1. Јованова,1,8,"Ако речемо да гријеха немамо, себе варамо, и истине нема у нама."
1. Јованова,1,9,"Ако исповиједамо гријехе своје, вјеран је и праведан да нам опрости гријехе, и очисти нас од сваке неправде."
1. Јованова,1,10,"Ако речемо да нисмо сагријешили, правимо га лажом и ријеч његова није у нама."
1. Јованова,2,1,"Дјечице моја, ово вам пишем да не сагријешите; и ако неко сагријеши, имамо Заступника код Оца, Исуса Христа Праведника."
1. Јованова,2,2,"А он је жртва помирења за гријехе наше, и не само за наше него и свега свијета."
1. Јованова,2,3,"И по томе знамо да смо га познали, ако заповијести његове држимо."
1. Јованова,2,4,"Онај који говори: Познао сам га, а заповијести његове не држи, лажа је, и у њему истине нема;"
1. Јованова,2,5,"А који држи ријеч његову, заиста је у њему љубав Божија достигла савршенство; по томе знамо да у њему јесмо."
1. Јованова,2,6,"Онај који говори да у њему пребива, дужан је да као што Он поживје и сам тако живи."
1. Јованова,2,7,"Браћо, не пишем вам заповијест нову, него заповијест стару коју имасте од почетка. Заповијест стара јесте ријеч коју чусте од почетка."
1. Јованова,2,8,"Опет вам пишем заповијест нову, оно што је истинито у њему и у вама: да тама пролази и свјетлост истинита већ сија."
1. Јованова,2,9,"Онај који говори да је у свјетлости, а мрзи брата својега, у тами је све до сада."
1. Јованова,2,10,"Онај који љуби брата својега, у свјетлости пребива, и саблазни у њему нема;"
1. Јованова,2,11,"А који мрзи брата својега, у тами је, и у тами ходи, и не зна куда иде, јер му тама заслијепи очи."
1. Јованова,2,12,"Пишем вам, дјечице, да су вам опроштени гријеси ради Имена његова."
1. Јованова,2,13,"Пишем вам, оци, јер сте познали Онога који је од почетка. Пишем вам, младићи, јер сте побиједили нечастивога. Писах вам, дјецо, јер сте познали Оца."
1. Јованова,2,14,"Писах вам, оци, јер сте познали Онога који је од почетка. Писах вам, младићи, јер сте јаки и ријеч Божија у вама пребива и побиједили сте нечастивога."
1. Јованова,2,15,"Не љубите свијета ни што је у свијету. Ако неко љуби свијет, љубави Очеве нема у њему;"
1. Јованова,2,16,"Јер све што је у свијету: похота тјелесна, и похота очију, и надменост живљења, није од Оца, него је од свијета."
1. Јованова,2,17,И свијет пролази и похота његова; а онај који твори вољу Божију остаје вавијек.
1. Јованова,2,18,"Дјецо, посљедњи је час, и као што чусте да Антихрист долази, и сада су се појавили многи антихристи; отуда знамо да је посљедњи час."
1. Јованова,2,19,"Од нас изиђоше, али не бијаху од нас; јер да бијаху од нас, остали би с нама; али да се покажу да нису сви од нас."
1. Јованова,2,20,А ви имате Помазање од Светога и знате све.
1. Јованова,2,21,"Не писах вам зато што не знате истину, него што је знате, и да никаква лаж није од истине."
1. Јованова,2,22,"Ко је лажљивац ако не онај ко пориче да Исус јесте Христос. Тај је антихрист, који одриче Оца и Сина."
1. Јованова,2,23,"Сваки који одриче Сина, ни Оца нема; а који признаје Сина, има и Оца."
1. Јованова,2,24,"Ви, дакле, што чусте од почетка, то у вама нека остане; ако у вама остане то што од почетка чусте, и ви ћете остати у Сину и у Оцу."
1. Јованова,2,25,"А ово је обећање које нам Он обећа, живот вјечни."
1. Јованова,2,26,Ово вам написах о онима који вас варају.
1. Јованова,2,27,"А ви, Помазање које примисте од Њега, у вама остаје, и нема потребе да вас ико учи; него како вас то исто Помазање учи о свему, и истинито је и није лаж, и као што вас научи, останите у њему."
1. Јованова,2,28,"И сада, дјечице, останите у њему да када се јави имамо свјетлост, и да се не постидимо пред њим о Доласку његовом."
1. Јованова,2,29,"Ако знате да је Он праведан, знајте да је сваки који твори правду од њега рођен."
1. Јованова,3,1,"Видите колику нам је љубав дао Отац, да се дјеца Божија назовемо и будемо; зато нас свијет не познаје, јер њега не позна."
1. Јованова,3,2,"Љубљени, сада смо дјеца Божија, и још се не откри шта ћемо бити; а знамо да када се открије, бићемо слични Њему, јер ћемо га видјети као што јесте."
1. Јованова,3,3,"И сваки који ову наду има у њега, очишћава себе, као Он што је чист."
1. Јованова,3,4,Сваки који чини гријех и безакоње чини; а гријех јесте безакоње.
1. Јованова,3,5,И знате да се Он јави да Гријехе наше узме; и гријеха у њему нема.
1. Јованова,3,6,Сваки који у њему пребива не гријеши; сваки који гријеши није га видио нити га је познао.
1. Јованова,3,7,"Дјечице, нико да вас не вара: који твори правду праведан је, као што је Он праведан;"
1. Јованова,3,8,"Онај који твори гријех од ђавола је, јер ђаво гријеши од почетка. Ради тога се јави Син Божији да разори дјела ђавоља."
1. Јованова,3,9,"Сваки који је рођен од Бога не чини гријех, јер сјеме Његово остаје у њему, и не може гријешити, јер је од Бога рођен."
1. Јованова,3,10,"По овоме се познају дјеца Божија и дјеца ђавоља: Сваки који не твори правду није од Бога, ни онај који не воли брата својега."
1. Јованова,3,11,"Јер ово је порука, коју чусте од почетка, да љубимо једни друге."
1. Јованова,3,12,"Не као што Каин бјеше од нечастивога и закла брата својега. А због чега га закла? Јер дјела његова бијаху зла, а брата му праведна."
1. Јованова,3,13,"Не чудите се, браћо моја, ако вас свијет мрзи."
1. Јованова,3,14,"Ми знамо да смо прешли из смрти у живот, јер љубимо браћу; јер ко не љуби брата остаје у смрти."
1. Јованова,3,15,Сваки који мрзи брата својега јесте човјекоубица; а знате да ниједан човјекоубица нема вјечни живот који остаје у њему.
1. Јованова,3,16,По томе смо познали љубав што Он за нас живот свој положи; и ми смо дужни полагати живот за браћу.
1. Јованова,3,17,"А који има богатства овога свијета, и види брата својега у невољи, и затвори срце своје од њега, како онда љубав Божија борави у њему?"
1. Јованова,3,18,"Дјечице моја, не љубимо ријечју ни језиком, него дјелом и истином."
1. Јованова,3,19,"И по томе знамо да смо од истине, и успокојићемо пред њим срца своја:"
1. Јованова,3,20,"Јер ако нас осуђује срце, Бог је већи од срца нашег и зна све."
1. Јованова,3,21,"Љубљени, ако нас срце наше не осуђује, смјелост имамо пред Богом;"
1. Јованова,3,22,"И што год иштемо, примамо од њега, јер заповијести његове држимо и чинимо што је угодно њему."
1. Јованова,3,23,"А ово је заповијест његова: да вјерујемо у име Сина његова Исуса Христа, и да љубимо једни друге као што нам је дао заповијест."
1. Јованова,3,24,"И онај који држи заповијести његове у њему пребива, и Он у њему. И по томе знамо да Он пребива у нама, по Духу којега нам је дао."
1. Јованова,4,1,"Љубљени, не вјерујте свакоме духу, него испитујте духове јесу ли од Бога; јер многи су лажни пророци изишли у свијет."
1. Јованова,4,2,"По овоме распознавајте Духа Божијег: Сваки дух који признаје да је Исус Христос у тијелу дошао, од Бога је;"
1. Јованова,4,3,"А сваки дух који не признаје да је Исус Христос у тијелу дошао, није од Бога; и то је дух Антихриста, за којега сте чули да долази, и сада је већ у свијету."
1. Јованова,4,4,"Ви сте од Бога, дјечице, и побиједили сте их, јер је већи Онај који је у вама неголи који је у свијету."
1. Јованова,4,5,"Они су од свијета, зато говоре од свијета, и свијет их слуша."
1. Јованова,4,6,"Ми смо од Бога; који познаје Бога слуша нас, који није од Бога не слуша нас. По овоме познајемо духа истине и духа обмане."
1. Јованова,4,7,"Љубљени, љубимо једни друге; јер је љубав од Бога, и сваки који љуби од Бога је рођен, и познаје Бога."
1. Јованова,4,8,Који не љуби не познаде Бога; јер Бог је љубав.
1. Јованова,4,9,У томе се показа љубав Божија према нама што је Бог Сина својега Јединороднога послао у свијет да живимо Њиме.
1. Јованова,4,10,"У томе је љубав, не што ми завољесмо Бога, него што Он завоље нас, и посла Сина својега, као жртву помирења за гријехе наше."
1. Јованова,4,11,"Љубљени, кад овако Бог заволи нас, и ми смо дужни љубити једни друге."
1. Јованова,4,12,"Бога нико никада није видио; ако љубимо једни Друге, Бог у нама пребива, и љубав је његова савршена у нама."
1. Јованова,4,13,"По овоме знамо да у Њему пребивамо, и Он у нама, што нам је дао од Духа својега."
1. Јованова,4,14,И ми смо видјели и свједочимо да је Отац послао Сина - Спаситеља свијета.
1. Јованова,4,15,"Који призна да је Исус Син Божији, Бог у њему пребива и он у Богу."
1. Јованова,4,16,"И ми смо познали и повјеровали љубав коју Бог има према нама. Бог је љубав, и који пребива у љубави, у Богу пребива и Бог у њему."
1. Јованова,4,17,"Тиме се љубав показала савршеном у нама, да бисмо имали смјелости на Дан суда; јер као што је Он, и ми смо у овоме свијету."
1. Јованова,4,18,"У љубави нема страха, него савршена љубав изгони страх напоље; јер је у страху мучење, а ко се боји, није се усавршио у љубави."
1. Јованова,4,19,"Ми љубимо њега, јер Он први заволи нас."
1. Јованова,4,20,"Ако ко рече: Љубим Бога, а мрзи брата својега, лажа је; јер који не љуби брата својега којега види, како може љубити Бога, којега није видио?"
1. Јованова,4,21,"И ову заповијест имамо од њега: Који љуби Бога, да љуби и брата својега."
1. Јованова,5,1,"Сваки који вјерује да Исус јесте Христос, од Бога је рођен; и сваки који љуби родитеља, љуби и рођеног од њега."
1. Јованова,5,2,По томе знамо да љубимо дјецу Божију кад Бога љубимо и заповијести његове држимо.
1. Јованова,5,3,Јер ово је љубав Божија - да заповијести његове држимо; а заповијести његове нису тешке.
1. Јованова,5,4,Јер све што је рођено од Бога побјеђује свијет; и ово је побједа која побиједи свијет - вјера наша.
1. Јованова,5,5,Ко је тај који побјеђује свијет до онај који вјерује да Исус јесте Син Божији?
1. Јованова,5,6,"Он је тај што дође водом и крвљу, Исус Христос; не само водом, него водом и крвљу; и Дух је онај који свједочи, јер Дух је истина."
1. Јованова,5,7,"Јер је троје што свједочи на небу: Отац, Логос (Ријеч), и Свети Дух; и ова тројица су једно."
1. Јованова,5,8,"И троје је што свједочи на земљи: дух, и вода, и крв; и ово троје су уједно."
1. Јованова,5,9,"Ако примамо свједочанство човјечије, свједочанство је Божије веће; јер ово је свједочанство Божије које је посвједочио о Сину својему."
1. Јованова,5,10,"Који вјерује у Сина Божијега има свједочанство у себи; који не вјерује Богу начинио га је лажом, јер није вјеровао свједочанству којим је Бог посвједочио о Сину својему."
1. Јованова,5,11,И ово је свједочанство да нам је Бог дао живот вјечни; и овај живот је у Сину његовом.
1. Јованова,5,12,Онај који има Сина има живот; ко нема Сина Божијега нема живота.
1. Јованова,5,13,"Ово написах вама који вјерујете у име Сина Божијега, да знате да имате живот вјечни и да вјерујете у име Сина Божијега."
1. Јованова,5,14,И ово је смјелост коју имамо према њему да нас послуша ако што молимо по вољи његовој.
1. Јованова,5,15,"И кад знамо да нас слуша што год молимо, знамо да имамо тражено што смо искали од њега."
1. Јованова,5,16,"Ако неко види брата својега гдје гријеши гријехом не на смрт, нека се моли, и даће му живот; онима који гријеше не на смрт. Има гријех на смрт, за њега не кажем да се моли."
1. Јованова,5,17,Свака неправда је гријех; а има гријех не на смрт.
1. Јованова,5,18,"Знамо да сваки рођени од Бога не гријеши, него који је рођен од Бога чува себе, и нечастиви га се не дотиче."
1. Јованова,5,19,"Знамо да смо од Бога, и да свијет сав у злу лежи."
1. Јованова,5,20,"А знамо да је Син Божији дошао и дао нам разум да познајемо Истинитога; и јесмо у Истинитоме, у Сину његовом Исусу Христу. Он је истинити Бог и живот вјечни."
1. Јованова,5,21,"Дјечице, сачувајте себе од идола! Амин."
2. Јованова,1,1,"Старјешина изабраној госпођи и дјеци њезиној, коју ја волим у истини, и не само ја, него и сви који су познали истину,"
2. Јованова,1,2,Ради истине која остаје у нама и с нама ће бити вавијек:
2. Јованова,1,3,"Да буде с вама благодат, милост, мир од Бога Оца и од Господа Исуса Христа, Сина Очева, у истини и љубави."
2. Јованова,1,4,"Обрадовах се веома што сам нашао неке од дјеце твоје да ходе у истини, као што примисмо заповијест од Оца."
2. Јованова,1,5,"А сад, молим те, госпођо, не као да ти нову заповијест пишем, него коју имадосмо од почетка, да љубимо једни друге."
2. Јованова,1,6,"А ово је љубав: да ходимо по заповијестима његовим. Ово је заповијест, како чусте од почетка, да по њој ходите."
2. Јованова,1,7,"Јер многе варалице изиђоше у свијет, који не признају Исуса Христа да је дошао у тијелу; такав је варалица и антихрист."
2. Јованова,1,8,"Чувајте се, да не изгубимо оно што урадисмо, него да примимо потпуну плату."
2. Јованова,1,9,"Сваки који преступа и не остаје у учењу Христовом, тај Бога нема; а који остаје у учењу Христовом, он има и Оца и Сина."
2. Јованова,1,10,"Ако неко долази к вама и ово учење не доноси, не примајте га у кућу и не поздрављајте се."
2. Јованова,1,11,"Јер ко се поздравља с њим, учествује у његовим злим дјелима."
2. Јованова,1,12,"Имао бих много да вам пишем, али не хтједох на хартији и мастилом, него се надам да ћу вам доћи и усмено вам говорити, да радост наша буде потпуна."
2. Јованова,1,13,Поздрављају те дјеца сестре твоје изабране. Амин.
3. Јованова,1,1,"Старјешина Гају љубљеноме, којега ја заиста љубим."
3. Јованова,1,2,"Љубљени, молим се да у свему добро напредујеш, и здрав да будеш, као што ти добро напредује душа."
3. Јованова,1,3,"Јер се обрадовах веома када дођоше браћа свједочећи о истини твојој, како ти у истини живиш."
3. Јованова,1,4,Од тога немам веће радости него да чујем како моја дјеца живе у истини.
3. Јованова,1,5,"Љубљени, вјерно чиниш што год радиш за браћу и за намјернике,"
3. Јованова,1,6,Који посвједочише твоју љубав пред Црквом; и добро ћеш учинити ако их испратиш достојно Бога.
3. Јованова,1,7,"Јер Имена његова ради изиђоше, не примајући ништа од незнабожаца."
3. Јованова,1,8,"Ми смо, дакле, дужни примати такве, да будемо сарадници Истини."
3. Јованова,1,9,"Писах Цркви; али Диотреф, који жели да буде први међу њима, не прима нас."
3. Јованова,1,10,"Зато, ако дођем, споменућу његова дјела која твори, ружећи нас злим ријечима; и није му то доста, него сам браће не прима, и забрањује онима који би хтјели да их примају, и изгони их из Цркве."
3. Јованова,1,11,"Љубљени, не угледај се на зло, него на добро. Који добро чини од Бога је, а који зло чини није видио Бога."
3. Јованова,1,12,"О Димитрију су посвједочили сви, и сама истина; а и ми свједочимо; и знате да је свједочанство наше истинито."
3. Јованова,1,13,"Много имадох да пишем, али нећу мастилом и пером да ти пишем;"
3. Јованова,1,14,Него се надам да ћу те ускоро видјети и усмено ћемо говорити.
3. Јованова,1,15,Мир ти! Поздрављају те пријатељи. Поздрави пријатеље по имену. Амин.
Јудина,1,1,"Јуда, слуга Исуса Христа, а брат Јаковљев, призванима, освећенима Богом Оцем и сачуванима Исусом Христом:"
Јудина,1,2,Милост и мир и љубав да вам се умножи.
Јудина,1,3,"Љубљени, старајући се на сваки начин да вам пишем о општем спасењу, имадох потребу да вам пишем молећи да се борите за вјеру једанпут предану светима."
Јудина,1,4,"Јер се увукоше неки људи одавно унапријед записани за ову осуду, безбожници који благодат Бога нашега изврћу на разврат, и одричу се јединога Владике и Господа нашега Исуса Христа."
Јудина,1,5,"А хоћу да вас подсјетим, што ви свакако знате, да Господ спасивши народ из земље египатске, погуби затим оне који не вјероваше;"
Јудина,1,6,"И анђеле који не одржаше своје достојанство, него напустише своје боравиште, оставио је за суд великога Дана у оковима вјечним под мраком,"
Јудина,1,7,"Као што Содом и Гомор, и градови око њих који се бјеху на њима сличан начин одали блуду и повели за другим тијелом, стоје као примјер, подвргнути осуди огња вјечнога."
Јудина,1,8,"Слично, дакле, и ове сањалице скрнаве тијело и презиру Господство (Божије), а на славе хуле."
Јудина,1,9,"А Михаило Арханђел, када препирући се са ђаволом говораше о Мојсејевом тијелу, не усуди се изрећи хулнога суда, него рече: Господ нека ти запријети!"
Јудина,1,10,"А ови хуле на оно што не знају; а што по природи као бесловесне животиње знају, у томе се развраћају."
Јудина,1,11,"Тешко њима, јер путем Каиновим пођоше и у пријевару Валаамове плате упадоше, и побуном Корејевом изгибоше."
Јудина,1,12,"Они су ругло на вашим вечерама љубави, једући с вама без зазора, себе напасајући; облаци безводни, које вјетрови витлају; дрвета јесења, бесплодна, двапут умрла, и из коријена ишчупана;"
Јудина,1,13,"Бијесни таласи морски који се пјенушају својим срамотама; звијезде луталице, за које се мрак таме чува занавијек."
Јудина,1,14,"Али и за ове пророкова Енох, седми од Адама, говорећи: Гле, иде Господ са хиљадама хиљада светих својих,"
Јудина,1,15,"Да учини суд над свима, и да покара све безбожнике за сва њихова безбожна дјела којима безбожност чинише, и за све дрске ријечи које безбожни грјешници говорише против Њега."
Јудина,1,16,"Ово су гунђала, роптачи, који ходе по жељама својим, и уста њихова говоре надувене ријечи, и ради користи ласкају људима."
Јудина,1,17,"А ви, љубљени, сјетите се ријечи које су већ казали апостоли Господа нашег Исуса Христа,"
Јудина,1,18,Јер вам говораху да ће се у посљедње вријеме појавити ругачи који ће ходити по својим безбожним жељама.
Јудина,1,19,"Ово су они који стварају раздоре, чулни су и Духа немају."
Јудина,1,20,"А ви, љубљени, изграђујте себе својом најсветијом вјером, молећи се у Духу Светоме,"
Јудина,1,21,"Одржите себе у љубави Божијој, очекујући милост Господа нашег Исуса Христа за живот вјечни."
Јудина,1,22,"И са расуђивањем једнима будите милостиви,"
Јудина,1,23,"А друге у страху спасавајте отимајући их из огња, а треће карајте са страхом, мрзећи и хаљину опогањену од тијела."
Јудина,1,24,"А Ономе који вас може сачувати безпријекорне и поставити пред славом својом непорочне у радости,"
Јудина,1,25,"Јединоме премудроме Богу, Спаситељу нашему, кроз Исуса Христа, Господа нашега, слава и величанство, моћ и власт прије свих вијекова, и сада, и у све вијекове! Амин."
Откривење,1,1,"Откривење Исуса Христа, које њему даде Бог, да покаже слугама својим шта се има збити ускоро; и објави га пославши га преко анђела својега слуги својему Јовану,"
Откривење,1,2,"Који посвједочи ријеч Божију и свједочанство Исуса Христа, све што видје."
Откривење,1,3,"Блажен је онај који чита и они који слушају ријечи пророчанства, и чувају оно што је написано у њему, јер вријеме је близу."
Откривење,1,4,"Од Јована на седам Цркава које су у Азији: Благодат вам и мир од Бога, Који јесте и Који бјеше и Који долази; и од седам духова, који су пред пријестолом његовим;"
Откривење,1,5,"И од Исуса Христа, који је Свједок вјерни, Првенац из мртвих, и Господар над царевима земаљским. Ономе који нас љуби и опра нас од гријеха наших крвљу својом,"
Откривење,1,6,"И учини нас царством, свештеницима Богу и Оцу својему, њему слава и моћ у вијекове вијекова. Амин."
Откривење,1,7,"Ево, Он долази са облацима, и угледаће га свако око, и они који га прободоше; и заплакаће због њега сва племена земаљска. Да! Амин."
Откривење,1,8,"Ја сам Алфа и Омега, говори Господ Бог, Који јесте и Који бјеше и Који долази, Сведржитељ."
Откривење,1,9,"Ја, Јован, брат ваш и заједничар у невољи и царству и трпљењу у Исусу Христу, бијах на острву званом Патмос због ријечи Божије и свједочења за Исуса Христа."
Откривење,1,10,"Бијах у Духу у дан Господњи, чух глас иза себе силан као труба, који говораше:"
Откривење,1,11,"Што видиш напиши у књигу, и пошаљи на седам Цркава: у Ефес, и у Смирну, и у Пергам, и у Тијатиру, и у Сард, и у Филаделфију, и у Лаодикију."
Откривење,1,12,"И обазрех се онамо да видим глас који говораше са мном, и обазрјевши се видјех седам свијећњака златних,"
Откривење,1,13,"И усред седам свијећњака Некога налик на Сина човјечијега, обучена у дугачку хаљину, и опасана по прсима појасом златним."
Откривење,1,14,"А глава његова и коса бијаше бијела као бијела вуна, као снијег, и очи његове као пламен огњени;"
Откривење,1,15,И ноге његове као сјајни бакар кад се зажари у пећи; и глас његов као хука великих вода.
Откривење,1,16,"И имаше у својој десној руци седам звијезда, и из уста његових излажаше мач оштар с обје стране, и лице његово бјеше као сунце што сија у сили својој."
Откривење,1,17,"И кад га видјех, падох к ногама његовим као мртав, и Он положи десну руку своју на ме, говорећи: Не бој се, ја сам Први и Посљедњи"
Откривење,1,18,"И Живи; и бијах мртав и ево жив сам у вијекове вијекова, и имам кључеве од смрти и од пакла."
Откривење,1,19,"Напиши, дакле, што си видио, и што јесте и што ће бити послије овога:"
Откривење,1,20,"Тајну седам звијезда које си видио на десници мојој, и седам свијећњака златних. Седам звијезда јесу анђели седам Цркава, а седам свијећњака јесу седам Цркава."
Откривење,2,1,"Анђелу Цркве у Ефесу напиши: Тако говори Онај који држи седам звијезда у десници својој, и који ходи посред седам свијећњака златних:"
Откривење,2,2,"Знам дјела твоја, и труд твој, и трпљење твоје, и да не можеш да подносиш зле, и провјерио си оне који говоре за себе да су апостоли а нису, и нашао си да су лажни."
Откривење,2,3,"И трпљење имаш, и намучио си се за Име моје, и ниси сустао."
Откривење,2,4,"Али ми је криво на тебе, што си ону прву љубав твоју оставио."
Откривење,2,5,"Сјети се, дакле, откуда си пао, и покај се, и она прва дјела чини; ако ли не, доћи ћу ти ускоро, и уклонићу свијећњак твој с мјеста његова ако се не покајеш."
Откривење,2,6,"Али ово имаш што мрзиш дјела николаита, која и ја мрзим."
Откривење,2,7,Ко има ухо нека чује што Дух говори Црквама. Ономе ко побиједи даћу му да једе од дрвета живота које је у рају Бога мога.
Откривење,2,8,"И анђелу Цркве у Смирни напиши: Тако говори Први и Посљедњи, који бјеше мртав и оживи:"
Откривење,2,9,"Знам дјела твоја, и невољу и сиромаштво - али си богат - и хулу оних који говоре да су Јудејци а нису, него синагога сатанина."
Откривење,2,10,"Не бој се нимало од онога што има да претрпиш. Гле, ђаво ће неке од вас бацити у тамницу, да би вас искушао, и имаћете невољу десет дана. Буди вјеран до саме смрти и даћу ти вијенац живота."
Откривење,2,11,Ко има ухо нека чује шта Дух говори Црквама. Ономе који побиједи неће наудити друга смрт.
Откривење,2,12,И анђелу Цркве у Пергаму напиши: Тако говори Онај који има мач оштар с обје стране:
Откривење,2,13,"Знам дјела твоја, и гдје обитаваш, ондје гдје је пријесто сатанин; и држиш Име моје, и ниси се одрекао вјере моје ни у оне дане у које је Антипа, вјерни свједок мој, убијен код вас, гдје сатана борави."
Откривење,2,14,"Али мало ми је криво на тебе, што имаш ту оних који се држе учења Валаама, који научи Валака да баци саблазан међу синове Израиљеве да једу жртве идолске и да блудниче."
Откривење,2,15,Исто тако имаш и ти оних који се држе учења николаита.
Откривење,2,16,"Покај се, дакле; ако ли не, доћи ћу ти ускоро, и војеваћу с њима мачем уста својих."
Откривење,2,17,"Ко има ухо нека чује шта Дух говори Црквама. Ономе који побиједи даћу да једе од мане сакривене, и даћу му камен бијели, и на камену ново Име написано, које нико не зна осим онога који га прима."
Откривење,2,18,"И анђелу Цркве у Тијатири напиши: Тако говори Син Божији, чије су очи као пламен огњени, а ноге као сјајни бакар:"
Откривење,2,19,"Знам дјела твоја, и љубав, и вјеру, и служење, и трпљење твоје, и садања дјела твоја су бројнија од ранијих."
Откривење,2,20,"Али мало ми је криво на тебе што допушташ жени Језавељи, која вели за себе да је пророчица, да учи и заводи слуге моје да блудниче и да једу жртве идолске."
Откривење,2,21,"И дадох јој вријеме да се покаје, али она неће да се покаје од блуда свога."
Откривење,2,22,"Ево бацам је у постељу болесничку, а оне који чине прељубу с њом у невољу велику, ако се не покају од дјела њених,"
Откривење,2,23,"И дјецу њезину погубићу смрћу; и познаће све Цркве да сам ја који испитује бубреге и срца, и даћу свакоме од вас по дјелима вашим."
Откривење,2,24,"А говорим вама осталим Тијатирцима, који не држе учење ово, који не познају дубине сатанине, као што говоре; нећу метнути на вас друго бреме,"
Откривење,2,25,Али оно које имате држите док не дођем.
Откривење,2,26,"И ономе који побиједи и одржи дјела моја до краја, даћу власт над незнабошцима;"
Откривење,2,27,"И владаће над њима гвозденом палицом, и они ће се разбити као судови лончарски;"
Откривење,2,28,Као и ја што примих од Оца мога; и даћу му звијезду јутарњу.
Откривење,2,29,Ко има ухо нека чује шта Дух говори Црквама.
Откривење,3,1,"И анђелу Цркве у Сарду напиши: Тако говори Онај што има седам духова Божијих и седам звијезда: Знам твоја дјела, имаш име да си жив, а мртав си."
Откривење,3,2,"Прени се и бди, па утврди остало што је готово да помре, јер не нађох твоја дјела да су савршена пред Богом мојим."
Откривење,3,3,"Памти, дакле, како си примио и чуо, држи то и покај се. Ако ли не будеш бдио, доћи ћу ти као лопов, и нећеш знати у који час ћу доћи на те."
Откривење,3,4,"Али имаш и у Сарду неколико њих, који не укаљаше хаљине своје, и ходиће са мном у бијелима, јер су достојни."
Откривење,3,5,"Тако ће онај који побиједи бити обучен у хаљине бијеле, и нећу избрисати име његово из Књиге живота, и признаћу име његово пред Оцем мојим и пред анђелима његовим."
Откривење,3,6,Ко има ухо нека чује шта Дух говори Црквама.
Откривење,3,7,"И анђелу Цркве у Филаделфији напиши: Тако говори Свети, Истинити, који има кључ Давидов, који отвара и нико неће затворити, и који затвара и нико неће отворити."
Откривење,3,8,"Знам дјела твоја; ево, отворио сам врата пред тобом која нико не може затворити; јер мало снаге имаш, а одржао си моју ријеч, и ниси се одрекао Имена мога."
Откривење,3,9,"Ево дајем ти из синагоге сатанине оне који говоре за себе да су Јудејци а нису, него лажу; ево, учинићу да они дођу и да се поклоне пред ногама твојим, и да знају да те ја љубим."
Откривење,3,10,"Зато што си одржао моју заповијест о трпљењу, и ја ћу тебе сачувати од часа искушења који ће доћи на васцијели свијет да искуша оне који живе на земљи."
Откривење,3,11,"Долазим ускоро; држи што имаш, да нико не узме вијенца твога."
Откривење,3,12,"Онога који побиједи учинићу стубом у храму Бога мога, и више неће изићи напоље; и написаћу на њему Име Бога мога, и име града Бога мога, новога Јерусалима, који силази с неба од Бога мога, и ново Име моје."
Откривење,3,13,Ко има ухо нека чује шта Дух говори црквама.
Откривење,3,14,"И анђелу Цркве у Лаодикији напиши: Тако говори Амин, Свједок вјерни и истинити, Зачетник творвине Божије:"
Откривење,3,15,"Знам дјела твоја, да ниси ни студен ни врућ. О, да си студен или врућ!"
Откривење,3,16,"Тако, пошто си млак, и ниси ни студен ни врућ, избљуваћу те из уста својих."
Откривење,3,17,"Јер говориш: Богат сам, и обогатио сам се, и ништа ми не треба; а не знаш да си несрећан, и јадан, и сиромашан, и слијеп, и наг."
Откривење,3,18,"Савјетујем ти да купиш од мене злата огњем жеженога, да се обогатиш; и бијеле хаљине, да се обучеш, те да се не покаже срамота голотиње твоје; и масти да помажеш очи своје, да видиш."
Откривење,3,19,"Ја оне које љубим карам и поправљам; зато ревнуј, и покај се."
Откривење,3,20,"Ево стојим на вратима и куцам; ако ко чује глас мој и отвори врата, ући ћу к њему и вечераћу с њим, и он са мном."
Откривење,3,21,"Ономе који побиједи даћу да сједи са мном на пријестолу моме, као и ја што побиједих и сједох са Оцем мојим на пријестолу његовом."
Откривење,3,22,Ко има ухо нека чује шта Дух говори Црквама.
Откривење,4,1,"Потом видјех: и гле, врата отворена на небу, и чух онај исти глас гдје збори са мном као труба и говори: Попни се амо, и показаћу ти шта има да буде послије овога."
Откривење,4,2,"И одмах бијах у Духу; и гле, пријесто стајаше на небу, и на пријестолу сјеђаше Неко,"
Откривење,4,3,По изгледу сличан камену јаспису и сарду; и около пријестола бијаше дуга на изглед као смарагд.
Откривење,4,4,"И около пријестола бијаху двадесет и четири пријестола, и на пријестолима видјех двадесет и четири старјешине гдје сједе, обучени у бијеле хаљине, и са вијенцима златним на главама својим."
Откривење,4,5,"И од пријестола излажаху муње и гласови и громови; и седам свијећњака огњених гораху пред пријестолом, а то су седам духова Божијих."
Откривење,4,6,"И пред пријестолом као море стаклено, слично кристалу; и насред пријестола и око пријестола четири жива бића, пуна очију сприједа и позади."
Откривење,4,7,"И прво биће бјеше слично лаву, и друго биће слично телету, и треће биће имаше лице као човјек, и четврто биће бјеше слично орлу у лету."
Откривење,4,8,"И свако од четири жива бића имађаше по шест крила, наоколо и изнутра пуна очију, и дан и ноћ не мирују говорећи: Свет, Свет, Свет Господ Бог Сведржитељ, Који бјеше и Који јесте и Који долази."
Откривење,4,9,"И када жива бића дадоше славу и част и хвалу Ономе који сједи на пријестолу, Који живи у вијекове вијекова,"
Откривење,4,10,"Падоше двадесет и четири старјешине пред Оним што сједи на пријестолу, и поклонише се Ономе што живи у вијекове вијекова, и положише вијенце своје пред пријестолом говорећи:"
Откривење,4,11,"Достојан си, Господе и Боже наш, да примиш славу и част и силу, јер си Ти створио све, и вољом твојом све настаде и сазда се."
Откривење,5,1,"И видјех у десници Онога који сјеђаше на пријестолу књигу исписану изнутра и споља, запечаћену са седам печата."
Откривење,5,2,И видјех анђела силна гдје објављује громким гласом: Ко је достојан да отвори књигу и разломи печате њене.
Откривење,5,3,"И нико не могаше ни на небу, ни на земљи, ни под земљом да отвори књигу нити да загледа у њу."
Откривење,5,4,"И ја плаках много што се не нађе нико достојан да отвори књигу, нити да загледа у њу."
Откривење,5,5,"И један од старјешина рече ми: Не плачи, ево, побиједио је Лав који је из племена Јудина, Изданак Давидов, и отвориће књигу и разломити седам печата њених."
Откривење,5,6,"И видјех посред пријестола и четири жива бића, између старјешина, Јагње гдје стајаше као заклано, и имађаше седам рогова и седам очију, а то су седам духова Божијих који се шаљу по свој земљи."
Откривење,5,7,И дође и узе књигу из деснице Онога који сјеђаше на пријестолу.
Откривење,5,8,"И кад узе књигу, четири жива бића и двадесет и четири старјешине падоше пред Јагњетом; сваки је имао гусле, и златне чаше пуне тамјана, а то су молитве светих."
Откривење,5,9,"И пјеваху пјесму нову, говорећи: Достојан си да узмеш књигу, и да отвориш печате њене: јер си био заклан и крвљу својом искупио си Богу нас из свакога рода и језика и народа и племена."
Откривење,5,10,И учинио си их Богу нашему царевима и свештеницима и цароваће на земљи.
Откривење,5,11,"И видјех и чух глас многих анђела око пријестола и живих бића и старјешина, и бјеше број њихов миријаде миријада и хиљаде хиљада."
Откривење,5,12,"Говорећи гласом громким: Достојно је Јагње које је заклано, да прими силу и богатство и премудрост и част и славу и благослов."
Откривење,5,13,"И чух гдје свако створење што је на небу и на земљи и под земљом и што је на мору, и све што је у њима, говори: Ономе што сједи на пријестолу, и Јагњету, благослов и част и слава и моћ у вијекове вијекова!"
Откривење,5,14,И четири жива бића рекоше: Амин. И старјешине падоше и поклонише се.
Откривење,6,1,"И видјех да Јагње отвори један од седам печата, и чух једно од четири жива бића гдје говори као глас грома: Дођи и види!"
Откривење,6,2,"И видјех, и гле, коњ бијели, и онај што сјеђаше на њему имађаше стријелу; и даде му се вијенац, и наступи побјеђујући, и да побиједи."
Откривење,6,3,"И кад отвори други печат, чух друго живо биће гдје говори: Дођи!"
Откривење,6,4,"И изиђе коњ риђ, и ономе што сјеђаше на њему даде се да узме мир са земље те да се људи међусобно кољу, и даде му се мач велики."
Откривење,6,5,"И кад отвори трећи печат, чух треће живо биће гдје говори: Дођи и види! И видјех, и гле, коњ вран, и онај што сјеђаше на њему имађаше мјерила у руци својој."
Откривење,6,6,"И чух као глас између четири жива бића гдје говори: Мјера пшенице за динар, и три мјере јечма за динар, а уље и вино немој ускратити."
Откривење,6,7,"И кад отвори четврти печат, чух глас четвртог живог бића гдје говори: Дођи и види!"
Откривење,6,8,"И видјех, и гле, коњ сивац, и јахач на њему коме је име Смрт, и пакао иђаше за њим; и даде му се власт над четвртином земље, да убија мачем и глађу и помором и звјерињем земаљским."
Откривење,6,9,"И кад отвори пети печат, видјех под жртвеником душе закланих за ријеч Божију и за свједочанство Јагњетово које имаху."
Откривење,6,10,"И повикаше гласом силним говорећи: Докле ћеш, Господару Свети и Истинити, одлагати да судиш и осветиш крв нашу на онима што живе на земљи?"
Откривење,6,11,"И свакоме од њих даде се хаљина бијела, и речено им би да почину још мало времена, докле се напуни и број сатрудника њихових и браће њихове, који има да буду побијени као и они."
Откривење,6,12,"И видјех, кад отвори шести печат, наста земљотрес велики, и сунце поста црно као врећа од костријети, и мјесец сав поста као крв;"
Откривење,6,13,"И звијезде небеске падоше на земљу, као што смоква одбацује заметке своје кад је заљуља велики вјетар;"
Откривење,6,14,"И небо се измаче као свитак кад се савије, и свака гора и острво покренуше се с мјеста својих."
Откривење,6,15,И цареви земаљски и великаши и војводе и богаташи и силни и сваки роб и слободњак сакрише се у пећине и стијене горске;
Откривење,6,16,"И говораху горама и стијенама: Падните на нас и сакријте нас од лица Онога што сједи на пријестолу и од гњева Јагњетова,"
Откривење,6,17,"Јер дође велики Дан гњева његова, и ко може опстати?"
Откривење,7,1,"И потом видјех четири анђела гдје стоје на четири угла земље, и држе четири вјетра земаљска, да не дува вјетар на земљу, ни на море, нити на икакво дрво."
Откривење,7,2,"И видјех другога анђела гдје се диже од истока сунца, који имаше печат Бога живога, и повика силним гласом четворици анђела којима бјеше дано да пустоше земљу и море, говорећи:"
Откривење,7,3,"Не кварите земље, ни мора, ни дрвећа, док не ставимо печат слугама Бога нашега на чела њихова."
Откривење,7,4,И чух број обиљежених печатом: сто и четрдесет и четири хиљаде оних са печатом из свију племена синова Израиљевих:
Откривење,7,5,Из племена Јудина дванаест хиљада са печатом; из племена Рувимова дванаест хиљада; из племена Гадова дванаест хиљада;
Откривење,7,6,Из племена Асирова дванаест хиљада; из племена Нефталимова дванаест хиљада; из племена Манасијина дванаест хиљада;
Откривење,7,7,Из племена Симеунова дванаест хиљада; из племена Левијева дванаест хиљада; из племена Исахарова дванаест хиљада;
Откривење,7,8,Из племена Завулонова дванаест хиљада; из племена Јосифова дванаест хиљада; из племена Венијаминова дванаест хиљада оних са печатом.
Откривење,7,9,"Потом видјех, и гле, мноштво народа којег не може нико избројати, од свакога племена и рода и народа и језика, стајаше пред пријестолом и пред Јагњетом, обучено у хаљине бијеле, и палме у рукама њиховим;"
Откривење,7,10,"И клицаху снажним гласом, говорећи: Спасење је у Богу нашему који сједи на пријестолу, и у Јагњету."
Откривење,7,11,"И сви анђели стајаху око пријестола и старјешина и четири жива бића, и падоше ничице пред пријестолом, и поклонише се Богу,"
Откривење,7,12,Говорећи: Амин! Благослов и слава и премудрост и благодарност и част и сила и моћ Богу нашему у вијекове вијекова. Амин!
Откривење,7,13,"И одговори један од старјешина, говорећи ми: Ови обучени у бијеле хаљине, ко су, и од куда дођоше?"
Откривење,7,14,"И рекох му: Господару мој, ти знаш. И рече ми: Ово су они који дођоше из невоље велике, и опраше хаљине своје и убијелише их у крви Јагњетовој."
Откривење,7,15,"Зато су пред пријестолом Божијим, и служе му дан и ноћ у храму његовом; и Онај који сједи на пријестолу обитаваће на њима."
Откривење,7,16,"Неће више огладњети, нити ће више ожедњети; и неће их пећи сунце, нити каква жега."
Откривење,7,17,"Јер Јагње, које је насред пријестола, напасаће их и водиће их на изворе вода живота; и убрисаће Бог сваку сузу са очију њихових."
Откривење,8,1,"И кад отвори седми печат, наста тишина на небу око пола часа."
Откривење,8,2,"И видјех седам анђела који стајаху пред Богом, и даде им се седам труба."
Откривење,8,3,"И други анђео дође, и стаде пред жртвеником држећи кадионицу златну, и бијаше му дано много тамјана да принесе са молитвама свих светих на златни жртвеник пред пријестолом."
Откривење,8,4,И узнесе се дим од тамјана са молитвама светих из руке анђелове пред Бога.
Откривење,8,5,И узе анђео кадионицу и напуни је огњем са жртвеника и баци на земљу. И насташе громови и јека и сијевање муња и земљотрес.
Откривење,8,6,"И седам анђела који имаху седам труба, припремише се да затрубе."
Откривење,8,7,"И први затруби, и наста град и огањ, помијешани са крвљу и то би бачено на земљу, и трећина земље изгорје, и трећина дрвећа изгорје, и сва трава зелена изгорје."
Откривење,8,8,"И други анђео затруби, и као велика гора огњем запаљена би бачена у море; и трећина мора поста крв,"
Откривење,8,9,И изгибе трећина живих створења у мору и трећина лађа пропаде.
Откривење,8,10,"И трећи анђео затруби, и паде с неба звијезда велика, која гораше као буктиња, и паде на трећину ријека и на изворе вода."
Откривење,8,11,"А име звијезди бјеше Пелен. И трећина вода поста пелен, и многи људи помријеше од вода, јер постадоше горке."
Откривење,8,12,"И четврти анђео затруби, и ударена би трећина сунца и трећина мјесеца и трећина звијезда, тако да се помрачи трећина њихова, и да трећина дана не свијетли, такође и ноћи."
Откривење,8,13,"И видјех и чух једнога орла гдје лети посред неба и говори снажним гласом: Авај, авај, авај онима који живе на земљи од осталих гласова трубних оне тројице анђела који ће тек затрубити."
Откривење,9,1,"И пети анђео затруби, и видјех звијезду гдје паде с неба на земљу и даде јој се кључ од дубине бездана,"
Откривење,9,2,"И отвори дубину бездана, и изиђе дим из дубине као дим зажарене пећи и помрачи се сунце и ваздух од дима из бездана."
Откривење,9,3,А из дима изиђоше скакавци на земљу и даде им се власт као што имају власт скорпије на земљи.
Откривење,9,4,"И речено им би, да не шкоде трави земаљској, нити икаквој зелени, нити икаквом дрвету, него само људима који немају печата Божијега на челима својим."
Откривење,9,5,"И даде им се не да их убијају, него да их муче пет мјесеци; и мучење њихово бијаше као мучење од скорпије кад уједе човјека."
Откривење,9,6,"И у те дане тражиће људи смрт, и неће је наћи; и пожељеће да умру, и смрт ће од њих бјежати."
Откривење,9,7,"А изглед скакаваца бијаше сличан коњима спремним за бој, и на главама њиховим бијаху као неки вијенци слични злату, и лица њихова као лица људска;"
Откривење,9,8,"И имаху косе као косе женске, и зуби њихови бијаху као зуби у лавова;"
Откривење,9,9,"И имаху оклопе као оклопе гвоздене, и шум крила њихових бијаше као бука многих коњских кола када јуре у бој."
Откривење,9,10,"И имаху репове сличне скорпијама, и жаоке, и у реповима својим моћ да шкоде људима пет мјесеци."
Откривење,9,11,"Они имаху цара над собом анђела бездана, коме је име на јеврејском Авадон, а на грчком Аполион."
Откривење,9,12,"Једно зло прође, ево иду још два зла за овим."
Откривење,9,13,"И шести анђео затруби, и чух један глас од четири рога златнога жртвеника који је пред Богом,"
Откривење,9,14,Гдје говори шестоме анђелу који имаше трубу: Одријеши четири анђела који су свезани на великој ријеци Еуфрату.
Откривење,9,15,"И бише одријешена четири анђела припремљена за час, и дан, и мјесец, и годину, да побију трећину људи."
Откривење,9,16,И број војске на коњима бијаше двије стотине милиона; и чух њихов број.
Откривење,9,17,"И тако видјех у виђењу коње и оне што сјеђаху на њима, који имаху оклопе огњене, плавичасте и сумпорасте; и главе коња бијаху као главе лавова, и из уста њихових излажаше огањ и дим и сумпор."
Откривење,9,18,"Од ова три зла погибе трећина људи, од огња и од дима и од сумпора што излажаше из уста њихових."
Откривење,9,19,"Јер је моћ коња у устима њиховим и у реповима њиховим, а репови су њихови слични змијама, имају главе и са њима шкоде."
Откривење,9,20,"А остали људи који не погибоше од ових зала, не покајаше се од дјела руку својих, да се не клањају демонима, ни идолима златним и сребрним и бронзаним и каменим и дрвеним, који нити могу видјети, ни чути, ни ходити;"
Откривење,9,21,"И не покајаше се за убиства своја, ни за гатања своја, ни за блуд свој, ни за крађе своје."
Откривење,10,1,"И видјех другога анђела силна гдје силази с неба, који бјеше одјевен у облак, и дуга бјеше на глави његовој, и лице његово бјеше као сунце. и ноге његове као стубови огњени:"
Откривење,10,2,"И он држаше у руци својој књижицу отворену, и стаде својом десном ногом на море а лијевом на земљу;"
Откривење,10,3,"И повика гласом громким као што риче лав. И кад он повика, проговорише седам громова гласовима својим"
Откривење,10,4,"А када проговорише седам громова, хтједох да пишем, но чух глас са неба који говори: Запечати оно што говорише седам громова, и то не пиши."
Откривење,10,5,"И анђео којега видјех гдје стоји на мору и на земљи, подиже своју десну руку према небу,"
Откривење,10,6,"И закле се Оним који живи у вијекове вијекова, Који сазда небо и што је на њему, и земљу и што је на њој, и море и што је у њему, да времена више бити неће;"
Откривење,10,7,"Него у дане гласа седмога анђела, када буде затрубио, онда ће се свршити тајна Божија, као што јави слугама својим пророцима."
Откривење,10,8,"И глас који чух са неба, опет проговори са мном и рече: Иди, узми књижицу отворену у руци анђела који стоји на мору и на земљи."
Откривење,10,9,"И отидох анђелу и рекох му да ми да књижицу. И рече ми: Узми и поједи је; и загорчаће ти утробу, али у устима твојим биће слатка као мед."
Откривење,10,10,"И узех књижицу из руке анђелове, и поједох је; и бјеше у устима мојим слатка као мед, а кад је поједох, постаде горка утроба моја."
Откривење,10,11,И рекоше ми: Треба опет да пророкујеш пред народима и племенима и језицима и царевима многима.
Откривење,11,1,"И даде ми трску сличну палици, говорећи: Устани и измјери храм Божији и жртвеник, и оне који се клањају у њему;"
Откривење,11,2,"А спољашње двориште храма изостави и њега немој мјерити, јер је дато незнабошцима, и они ће газити свети град четрдесет и два мјесеца."
Откривење,11,3,"И даћу двојици свједока мојих и прорицаће хиљаду и двјеста и шездесет дана, обучени у вреће."
Откривење,11,4,Ови су двије маслине и два свијећњака што стоје пред Господаром земље.
Откривење,11,5,"И ако им ко учини неправду, огањ излази из уста њихових и прождире непријатеље њихове; и ко им буде хтио учинити неправду, он мора тако погинути."
Откривење,11,6,"Ови имају власт да затворе небо, да не падне дажд на земљу у дане њихова пророковања; и имају власт над водама да их претварају у крв, и да ударе земљу сваком муком кад год буду хтјели."
Откривење,11,7,"И када сврше свједочење своје, звијер што излази из бездана учиниће рат с њима, и побиједиће их, и убиће их."
Откривење,11,8,"И тјелеса њихова оставиће на тргу великога града, који се духовно зове Содом и Египат, гдје и Господ њихов би распет."
Откривење,11,9,"И људи из народа и родова и језика и племена гледаће тјелеса њихова три и по дана, и неће допустити да се тијела њихова положе у гроб."
Откривење,11,10,"И становници земље радоваће се због њих и веселиће се и дарове ће слати једни другима, јер ова два пророка мучише становнике земље."
Откривење,11,11,"А послије три и по дана уђе у њих дух живота од Бога, и стадоше на ноге своје, и страх велики обузе оне који их гледаху."
Откривење,11,12,"И чуше силан глас са неба, који им говори: Узиђите овамо! И узиђоше на небо на облаку, и видјеше их непријатељи њихови."
Откривење,11,13,"И у онај час би земљотрес велики, и паде десети дио града, и погибе од земљотреса седам хиљада имена људских, а остали се уплашише и дадоше славу Богу небескоме."
Откривење,11,14,Зло друго прође; ево зло треће долази брзо.
Откривење,11,15,"И седми анђео затруби. и настадоше громки гласови на небу који говораху: Постаде царство свијета Царство Господа нашега и Христа његовог, и цароваће у вијекове вијекова."
Откривење,11,16,"И двадесет и четири старјешине, који сједе на пријестолима својим пред Богом, падоше на лица своја и поклонише се Богу,"
Откривење,11,17,"Говорећи: Благодаримо ти, Господе Боже Сведржитељу, Који јеси, и Који бјеше, и Који долазиш, што си примио силу своју велику, и зацарио се;"
Откривење,11,18,"И незнабошци се разгњевише, и дође гњев твој и вријеме да се мртвима суди, и да се даде плата слугама твојима, пророцима и светима и онима који се боје Имена твојега, малима и великима, и да се погубе они који кваре земљу."
Откривење,11,19,"И отвори се храм Божији на небу, и показа се ковчег завјета Господњег у храму његовом; и бише муње, и јека, и громови, и земљотреси, и град велики."
Откривење,12,1,"И знак велики показа се на небу: Жена обучена у сунце, и мјесец под ногама њезиним, и на глави њезиној вијенац од дванаест звијезда."
Откривење,12,2,"И она бјеше трудна, и викаше од болова мучећи се да роди."
Откривење,12,3,"И показа се други знак на небу, и гле, велика црвена аждаја која имаше седам глава и десет рогова; и на главама њезиним седам круна;"
Откривење,12,4,"И реп њезин вуче трећину звијезда небеских, и баци на земљу. И аждаја стаде пред женом која треба да роди, да када роди прождере дијете њено."
Откривење,12,5,"И роди мушко Дијете, које ће напасати све народе палицом гвозденом; и Дијете њезино би узето к Богу и пријестолу његову."
Откривење,12,6,"А жена утече у пустињу гдје имаше мјесто припремљено од Бога, да је ондје хране хиљаду и двјеста и шездесет дана."
Откривење,12,7,"И наста рат на небу; Михаил и анђели његови завојштише на аждају, и ратова аждаја и анђели њезини;"
Откривење,12,8,"И не одољеше, нити им се више нађе мјеста на небу."
Откривење,12,9,"И збачена би аждаја велика, стара змија, која се зове ђаво и сатана, која заводи сву васељену, и збачена би на земљу, и с њом збачени бише анђели њезини;"
Откривење,12,10,"И чух глас велики на небу који говори: Сада настаде спасење и сила и Царство Бога нашега и власт Христа његовог, јер је збачен опадач браће наше, који их опадаше пред Богом нашим дан и ноћ."
Откривење,12,11,"И они га побиједише крвљу Јагњетовом и ријечју свједочења својега, и не марише за живот свој до смрти."
Откривење,12,12,"Зато се веселите небеса, и ви који живите на њима! Тешко житељима земље и мора, јер сиђе к вама ђаво у јарости великој, знајући да мало времена има."
Откривење,12,13,"И кад видје аждаја да би збачена на земљу, поче прогонити жену која роди мушко Чедо."
Откривење,12,14,"И жени бише дата два крила орла великога да одлети у пустињу на мјесто своје, гдје ће се хранити вријеме и времена и пола времена, далеко од змије."
Откривење,12,15,"А змија испусти за женом из уста својих воду као ријеку, да би је ријека однијела."
Откривење,12,16,"И земља поможе жени, и отвори земља уста своја и прогута ријеку коју испусти аждаја из уста својих."
Откривење,12,17,"И разгњеви се аждаја на жену и отиде да ратује са осталима из сјемена њезиног, који држе заповијести Божије и имају свједочанство Исуса Христа."
Откривење,13,1,"И стадох на пијеску морскоме, и видјех звијер гдје излази из мора, која имаше десет рогова и седам глава, и на роговима њезиним десет круна, и на главама њезиним имена хулна."
Откривење,13,2,"И звијер коју видјех бијаше слична рису, и ноге јој као у медвједа, и уста њезина као уста лава. И даде јој аждаја силу своју и пријесто свој и власт велику."
Откривење,13,3,"И видјех једну од глава њезиних као на смрт заклану, и њезина смртна рана излијечи се. И сва земља дивећи се пође за звијери, и поклонише се аждаји која даде власт звијери;"
Откривење,13,4,И поклонише се звијери говорећи: Ко је као звијер? Ко може са њом ратовати?
Откривење,13,5,"И дана јој бише уста која говоре охоле ријечи и хуљења, и даде јој се власт да злотвори четрдесет и два мјесеца."
Откривење,13,6,"И отвори уста своја за хуљеље на Бога, да хули Име његово, и дом његов, и оне који станују на небу."
Откривење,13,7,И дано јој би да ратује са светима и да их побиједи; и дана јој би власт над сваким родом и народом и језиком и племеном.
Откривење,13,8,"И поклонише се њој сви они који живе на земљи, чије име није записано у Књизи живота Јагњета закланога од постања свијета."
Откривење,13,9,Ако ко има ухо нека чује.
Откривење,13,10,"Ко у ропство одводи, у ропство ће отићи; ко мачем убија, треба и он мачем да буде убијен. Овдје је трпљење и вјера светих."
Откривење,13,11,"И видјех другу звијер гдје излази из земље, и имаше два рога као у јагњета, и говораше као аждаја."
Откривење,13,12,"И сву власт прве звијери чињаше пред њом; и учини да се земља и који живе на њој поклоне првој звијери, чија се смртна рана исцијели."
Откривење,13,13,"И чињаше знамења велика, па учини да и огањ силази с неба на земљу пред људима."
Откривење,13,14,"И обмањује оне који живе на земљи чудесима, која јој бише дана да чини пред звијери, говорећи онима који живе на земљи да начине лик звијери, која имаде рану од мача и оста жива."
Откривење,13,15,"И би јој дано да лику звијери даде дух, да лик звијери и проговори и учини да буду побијени они који се не поклоне лику звијери."
Откривење,13,16,"И учини све, мале и велике, богате и сиромашне, слободњаке и робове, да им даду жиг на десној руци њиховој или на челу њиховом,"
Откривење,13,17,"Да нико не може ни купити ни продати, осим ко има жиг, име звијери или број имена њезина."
Откривење,13,18,"Овдје је мудрост. Ко има ум нека израчуна број звијери; јер је број човјеков, и број њезин је шест стотина шездесет и шест."
Откривење,14,1,"И видјех, и гле Јагње које стајаше на гори Сиону и са Њиме сто четрдесет и четири хиљаде, који имаху Име његово и Име Оца његовог написано на челима својим."
Откривење,14,2,"И чух глас са неба као глас вода многих, и као глас грома јаког; и глас који чух бјеше као гуслање гуслара у гусле своје."
Откривење,14,3,И пјеваху пјесму нову пред пријестолом и пред четири жива бића и пред старјешинама; и нико не могаше научити ову пјесму осим оних сто четрдесет и четири хиљаде који су откупљени са земље.
Откривење,14,4,"Ово су они који се не оскврнише са женама, јер су дјевственици: ово су они који иду за Јагњетом куда год пође; ови су откупљени између људи као првина Богу и Јагњету;"
Откривење,14,5,"И у њиховим устима не нађе се лаж, јер су без мане."
Откривење,14,6,"И видјех другога анђела који лети посред неба, који имаше вјечно Јеванђеље да благовијести онима који живе на земљи и свакоме племену и роду и језику и народу."
Откривење,14,7,"И говораше снажним гласом: Бојте се Бога, и подајте му славу, јер дође час суда његова; и поклоните се Ономе који створи небо и земљу и море и изворе водене."
Откривење,14,8,"И други анђео следоваше говорећи: Паде, паде Вавилон велики, који је жестоким вином блуда својега напојио све народе."
Откривење,14,9,"И трећи анђео следоваше за њима говорећи гласом громким: Ко год се поклони звијери и лику њезином, и прими жиг на чело своје или на руку своју,"
Откривење,14,10,"И он ће пити од вина гњева Божијег, које је непомијешано наточено у чашу гњева његовог, и биће мучен у огњу и сумпору пред анђелима светима и пред Јагњетом."
Откривење,14,11,"И дим мучења његовог уздизаће се у вијекове вијекова; и неће имати одмора дан и ноћ они који се клањају звијери и лику њезином, и ко год прима жиг имена њезина."
Откривење,14,12,"Овдје је трпљење светих, који држе заповијести Божије и вјеру Исусову."
Откривење,14,13,"И чух глас са неба који ми говори: Напиши: Блажени мртви који од сада умиру у Господу! Да, говори Дух, нека почину од трудова својих, а дјела њихова ће слиједити за њима."
Откривење,14,14,"И видјех, и гле облак бијели, и на облаку сјеђаше Неко сличан Сину човјечијему, који је имао на глави својој вијенац златан, а у руци својој срп оштар."
Откривење,14,15,"И други анђео изиђе из храма вичући снажним гласом Ономе што сједи на облаку: Замахни српом својим и жањи, јер дође вријеме да се жање, јер се жетва на земљи осуши."
Откривење,14,16,"И Онај што сјеђаше на облаку баци срп свој на земљу, и пожњевена би земља."
Откривење,14,17,"И други анђео изиђе из храма што је на небу, и он је имао срп оштар."
Откривење,14,18,"И други анђео изиђе из олтара, који је имао власт над огњем, и повика јаким гласом ономе који имаше срп оштри: Замахни српом својим оштрим, и одрежи грожђе винограда земаљског; јер сазреше гроздови његови."
Откривење,14,19,"И баци анђео срп свој на земљу, и обра виноград земаљски, и метну у велику кацу гњева Божијега."
Откривење,14,20,"И изгази се каца изван града, и изиђе крв из каце све до узда коњима у ширину од хиљаду и шест стотина стадија."
Откривење,15,1,"И видјех други знак на небу, велики и чудесни: седам анђела који имаху седам посљедњих зала, јер се у њима сврши гњев Божији."
Откривење,15,2,"И видјех као стаклено море смијешано са огњем, и оне који побјеђују звијер и лик њезин и број имена њезина, гдје стоје на мору стакленоме имајући гусле Божије."
Откривење,15,3,"И пјеваху пјесму Мојсеја, слуге Божијега, и пјесму Јагњета, говорећи: Велика су и чудесна дјела твоја, Господе Боже Сведржитељу; праведни су и истинити путеви твоји, Царе народа!"
Откривење,15,4,"Ко се неће побојати, Господе, и прославити Име твоје? Јер ти си једини Свет: јер ће сви народи доћи и поклонити се пред тобом; јер се судови твоји показаше."
Откривење,15,5,"И послије овога видјех, отвори се храм скиније свједочанства на небу."
Откривење,15,6,"И изиђоше седам анђела из храма, који имаху седам зала, који бјеху обучени у чисто и свијетло платно и опасани преко прсију појасима златним;"
Откривење,15,7,И једно од четири жива бића даде седморици анђела седам чаша златних напуњених гњевом Бога који живи у вијекове вијекова.
Откривење,15,8,И напуни се храм дима од славе Божије и од силе његове; и нико не могаше ући у храм док се не заврше седам зала седморице анђела.
Откривење,16,1,И чух громки глас из храма гдје говори седморици анђела: Идите и излијте седам чаша гњева Божијега на земљу.
Откривење,16,2,"И отиде први анђео, и изли чашу своју на земљу; и настадоше ране зле и љуте на људима који имају жиг звијерин и који се клањају лику њезином."
Откривење,16,3,"И други анђео изли чашу своју на море, и оно постаде крв као од убијенога, и све живо угину у мору."
Откривење,16,4,И трећи анђео изли чашу своју на ријеке и на изворе водене; и постаде крв.
Откривење,16,5,"И чух анђела вода који говори: Праведан си Ти, Који јеси и Који бјеше, и Свети, што си ово судио;"
Откривење,16,6,"Јер пролише крв светих и пророка, и крв си им дао да пију, јер су заслужили."
Откривење,16,7,"И чух жртвеник гдје говори: Заиста, Господе Боже Сведржитељу, истинити су и праведни судови твоји."
Откривење,16,8,"И четврти изли чашу своју на сунце, и дано му би да жеже људе огњем."
Откривење,16,9,"И сагореваху људи од велике жеге, и хулише на Име Бога који има власт над мукама овим, и не покајаше се да му даду славу."
Откривење,16,10,"И пети изли чашу своју на пријесто звијери; и царство њезино поста мрачно, и гризли су језике своје од бола,"
Откривење,16,11,"И хулише Бога небескога од болова и рана својих, и не покајаше се за дјела своја."
Откривење,16,12,"И шести изли чашу своју на велику ријеку Еуфрат; и пресахну вода њезина, да се приправи пут царева са истока сунчевога."
Откривење,16,13,И видјех гдје из уста аждаје и из уста звијери и из уста лажнога пророка излазе три нечиста духа као жабе;
Откривење,16,14,"Јер ово су духови демонски који чине чудеса, и одлазе царевима цијеле васељене да их скупе на бој за Дан онај велики Бога Сведржитеља."
Откривење,16,15,"Ево долазим као лопов; благо ономе који бди и који чува хаљине своје, да не ходи наг и не виде срамоту његову."
Откривење,16,16,"И сабра их на мјесто, које се јеврејски зове Армагедон."
Откривење,16,17,"И седми изли чашу своју на ваздух, и изиђе глас велики из храма небеског од пријестола, говорећи: Сврши се!"
Откривење,16,18,"И насташе муње и громови и гласови, и би велики земљотрес; такав земљотрес и тако велики какав не би откада су људи на земљи."
Откривење,16,19,"И град велики раздијели се на три дијела, и градови незнабожачки падоше; и Вавилон велики би споменут пред Богом да му се да чаша вина жестине гњева његовог."
Откривење,16,20,"И свако острво ишчезе, и горе се не нађоше."
Откривење,16,21,"И град велики као талант паде с неба на људе, и хулише људи на Бога због зла од града, јер је велико зло његово."
Откривење,17,1,"И дође један од седам анђела који имаху седам чаша, и говори са мном и рече ми: Ходи да ти покажем осуду блуднице која сједи на водама многим,"
Откривење,17,2,"С којом блудничише цареви земаљски, и становници земље опише се вином блуда њезина."
Откривење,17,3,И одведе ме у Духу у пустињу. И видјех жену гдје сједи на црвеној звијери која бјеше пуна имена хулних и имаше седам глава и десет рогова.
Откривење,17,4,"И жена бјеше обучена у порфиру и скерлет и накићена златом и драгим камењем и бисером, и имаше чашу златну у руци својој, пуну гнусоба и нечистота блуда свога."
Откривење,17,5,"И на челу њезину написано име, тајна: Вавилон велики, мати блудница и гнусоба земаљских."
Откривење,17,6,"И видјех жену гдје се опија од крви светих и од крви свједока Исусових. И видјевши је, зачудих се чудом великим."
Откривење,17,7,И рече ми анђео: Зашто се чудиш? Ја ћу ти казати тајну жене и звјери што је носи и има седам глава и десет рогова.
Откривење,17,8,"Звијер коју си видио бјеше и нема је, и изићи ће из бездана и отићи у пропаст; и зачудиће се они становници земље чија имена нису записана у Књигу живота од постања свијета, гледајући звијер, која бјеше и нема је, и појавиће се."
Откривење,17,9,"Овдје је ум који има мудрост. Седам глава, то су седам гора на којима жена сједи;"
Откривење,17,10,"И јесу седам царева: пет њих паде, и један јесте, а други још не дође, и кад дође мало треба да остане."
Откривење,17,11,"И звијер која бјеше и није, она је и осми, и од седморице је, и у пропаст иде."
Откривење,17,12,"И десет рогова које видје, то су десет царева који царство још не примише, него ће као цареви примити власт на један час са звијерју."
Откривење,17,13,"Ови једно мишљење имају, и своју силу и власт дају звијери."
Откривење,17,14,"Ови ће с Јагњетом заратити и Јагње ће их побиједити, јер је Господар над господарима и Цар над царевима; и они који су с Њим, позвани и изабрани и вјерни."
Откривење,17,15,"И рече ми: Воде што видје, гдје сједи блудница, то су народи и гомиле, племена и језици."
Откривење,17,16,"И десет рогова што видје, и звијер, они ће омрзнути блудницу, и опустошиће је и оголити, и месо ће њезино јести, и сажећи ће је огњем."
Откривење,17,17,"Јер је Бог дао у срца њихова да учине вољу његову, и да учине вољу једну, и да даду царство своје звијери, док се не сврше ријечи Божије."
Откривење,17,18,"И жена коју видје, јесте град велики, који има царство над царевима земаљским."
Откривење,18,1,"И послије овога видјех другога анђела гдје силази с неба, који имаше власт велику; и земља се засија од славе његове."
Откривење,18,2,"И повика снажним гласом, говорећи: Паде, паде Вавилон велики, и постаде станиште демонима и тамница свакоме духу нечистоме, и тамница свију птица нечистих и мрских; јер се жестоким вином блуда њезина напојише сви народи;"
Откривење,18,3,И цареви земаљски блудничише с њом и трговци земаљски обогатише се од силне страсти њезине.
Откривење,18,4,"И чух глас други с неба који говори: Изиђите из ње, народе мој, да не саучествујете у гријесима њезиним, и да вас не снађу зла њезина."
Откривење,18,5,"Јер гријеси њезини достигоше до неба, и Бог се опомену неправде њезине."
Откривење,18,6,"Узвратите јој као што је она вама узвратила, и удвојте јој двоструко по дјелима њезиним; у чашу коју је она наточила, наточите јој два пута онолико."
Откривење,18,7,"Колико је она себе славила и наслађивала се, толико јој дајте муке и жалости; јер у срцу својему говори: Сједим као царица, и удовица нисам, и жалости нећу видјети."
Откривење,18,8,"Зато ће у један дан доћи зла њезина: смрт и жалост и глад, и биће сажежена огњем; јер је силан Господ Бог који јој суди."
Откривење,18,9,"И заплакаће и зајаукати за њом цареви земаљски који блудничише и пироваше с њом када виде дим од пожара њезина,"
Откривење,18,10,"Стојећи издалека због страха од мучења њезина, и говорећи: Авај, авај, граде велики Вавилоне, граде моћни, како у једном часу дође суд твој!"
Откривење,18,11,"И трговци земаљски заплакаће и зајаукати за њом, што њихове товаре нико више не купује;"
Откривење,18,12,"Товаре злата и сребра и драгога камена и бисера и платна и порфире и свиле и скерлета, и сваког мирисног дрвета и свакојаког посуђа од слоноваче и свакојаких посуда од најскупљега дрвета, мједи и гвожђа и мермера,"
Откривење,18,13,"И цимета и балсама и тамјана и мириса и ливана, и вина и уља, и бијела брашна и пшенице, и говеда и оваца, и коња и кола, и тијела и душа људских."
Откривење,18,14,"И воће које жели душа твоја удаљи се од тебе, и све масно и сјајно отиде од тебе, и никад га више наћи нећеш."
Откривење,18,15,"Трговци ових ствари, који се обогатише од ње, стаће издалека због страха од мучења њезина плачући и јаучући,"
Откривење,18,16,"И говорећи: Авај, авај, граде велики, обучени у свилу и порфиру и скерлет и накићени златом и драгим камењем и бисером, јер у једном часу пропаде толико богатство!"
Откривење,18,17,"И сви кормилари лађа, и сви који некуда плове, и лађари, и они који раде на мору, стадоше издалека,"
Откривење,18,18,И викаху гледајући дим од пожара њезина гово рећи: Који град би као овај велики град?
Откривење,18,19,"И посуше прахом главе своје, и повикаше плачући и ридајући, говорећи: Авај, авај граде велики, у коме се обогатише богатством његовим сви који имају лађе на мору, јер у једном часу опустје!"
Откривење,18,20,"Весели се над њим, небо, и светитељи, и апостоли и пророци, јер изрече Бог суд ваш над њим."
Откривење,18,21,"И један анђео узе камен велики као воденични, и баци у море, говорећи: Тако ће са хуком бити бачен Вавилон град велики, и неће се више наћи;"
Откривење,18,22,"И глас гудача и пјевача и свирача и трубача неће се више чути у теби; и никакав мајстор ни од каква заната неће се више наћи у теби, и хука камена воденичнога неће се чути у теби;"
Откривење,18,23,"И свјетлост свјетиљке неће се више показати у теби, и глас женика и невјесте неће се више чути у теби; јер трговци твоји бијаху великаши земаљски, и од твојих мађија преварени бише сви народи,"
Откривење,18,24,И у њему се нађе крв пророка и светих и свих посјечених на земљи.
Откривење,19,1,И послије овога чух као глас силни народа многога на небу гдје говори: Алилуја! Спасење и слава и част и сила Богу нашему;
Откривење,19,2,"Јер су истинити и праведни судови његови, што осуди блудницу велику, која поквари земљу блудом својим, и освети крв слугу својих од руке њезине."
Откривење,19,3,И поново рекоше: Алилуја! И дим њезин дизаше се у вијекове вијекова.
Откривење,19,4,"И падоше двадесет и четири старјешине, и четири жива бића, и поклонише се Богу који сједи на пријестолу, говорећи: Амин! Алилуја!"
Откривење,19,5,"И од пријестола изиђе глас који говори: Хвалите Бога нашега све слуге његове, и који га се бојите, мали и велики."
Откривење,19,6,"И чух као глас народа многога, и као глас вода многих, и као глас громова силних, гдје говоре: Алилуја! Јер се зацари Господ Бог Сведржитељ."
Откривење,19,7,"Радујмо се и веселимо се и дајмо славу Њему, јер дође свадба Јагњетова и жена се његова припремила."
Откривење,19,8,"И дано јој би да се обуче у свилу чисту и свијетлу, јер свила означава праведна дјела светих."
Откривење,19,9,"И рече ми: Напиши, блажени су они који су позвани на свадбену вечеру Јагњетову. И рече ми: Ово су истините ријечи Божије."
Откривење,19,10,"И падох пред ноге његове да му се поклоним. И рече ми: Пази, немој! Ја сам слуга као и ти и као браћа твоја која имају свједочанство Исусово; Богу се поклони јер је свједочанство Исусово дух пророштва."
Откривење,19,11,"И видјех небо отворено, и гле, коњ бијели, и Онај који сједи на њему зове се Вјерни и Истинити, и по правди суди и ратује;"
Откривење,19,12,"А очи су му као пламен огњени, и на глави његовој круне многе, и има Име написано, које нико не зна до Он сам;"
Откривење,19,13,"И обучен је у хаљину црвену од крви, и Име се његово зове: Логос (Ријеч) Божији."
Откривење,19,14,"И војске небеске иђаху за Њим на коњима бијелим, обучене у свилу бијелу и чисту."
Откривење,19,15,"И из уста његових излази мач оштар с обје стране, да њиме порази незнабошце; и Он ће их напасати палицом гвозденом, и Он гази кацу вина љутога гњева Бога Сведржитеља."
Откривење,19,16,И има на хаљини и на бедру своме Име написано: Цар царева и Господар господара.
Откривење,19,17,"И видјех једнога анђела гдје стоји на сунцу и повика гласом силним, говорећи свима птицама које лете посред неба: Дођите и скупите се на велику вечеру Божију,"
Откривење,19,18,"Да једете меса од царева, и меса од војвода, и меса од јунака, и меса од коња и оних који сједе на њима, и меса од свих слободних и робова, и од малих и великих."
Откривење,19,19,И видјех звијер и цареве земаљске и војске њихове сакупљене да зарате са Оним што сједи на коњу и с војском његовом.
Откривење,19,20,"И би ухваћена звијер, и с њом лажни пророк који је чинио чудеса пред њом, којима превари оне што примише жиг звијери, и који се клањају лику њезииом; обоје живи бише бачени у језеро огњено, које гори сумпором."
Откривење,19,21,А остали бише побијени мачем који изиђе из уста Онога што сједи на коњу; и све се птице наситише од меса њихова.
Откривење,20,1,"И видјех анђела гдје силази с неба, који имаше кључ од бездана и ланац велики у руци својој."
Откривење,20,2,"И ухвати аждају, стару змију, која је ђаво и сатана, и свеза је на хиљаду година,"
Откривење,20,3,"И баци је у бездан, и закључа и запечати над њом, да више не вара народе, док се не наврши хиљаду година; послије тога треба да буде одријешена на кратко вријеме."
Откривење,20,4,"И видјех пријестоле и сједоше на њих, и даде им се суд; и душе посјечених за свједочанство Исусово и за ријеч Божију, који се не поклонише звијери и лику њезином, и не примише жига на челима својим и на руци својој; и оживјеше и цароваше са Христом хиљаду година."
Откривење,20,5,А остали мртваци не оживјеше док се не сврши хиљада година. Ово је прво васкрсење.
Откривење,20,6,"Блажен је и свет онај који има удјела у првом васкрсењу; над њима друга смрт нема власти, него ће бити свештеници Богу и Христу, и цароваће с Њим хиљаду година."
Откривење,20,7,"И кад се наврши хиљада година биће пуштен сатана из тамнице своје,"
Откривење,20,8,"И изићи ће да вара народе што су на четири краја земље, Гога и Магога, да их скупи за битку, чији је број као пијесак морски."
Откривење,20,9,"И изиђоше на ширину земље, и опколише стан светих, и град вољени; и сиђе огањ са неба од Бога, и поједе их."
Откривење,20,10,"И ђаво који их вараше би бачен у језеро огњено и сумпорно, гдје је и звијер и лажни пророк: и биће мучени дан и ноћ у вијекове вијекова."
Откривење,20,11,"И видјех велики, бијели пријесто, и Онога што сједи на њему, од чијега лица побјеже земља и небо, и мјеста им се не нађе."
Откривење,20,12,"И видјех мртве, велике и мале, гдје стоје пред пријестолом, и књиге се отворише, и друга се књига отвори, која је Књига живота; и бише суђени мртви по дјелима својим као што је записано у књигама."
Откривење,20,13,"И море даде мртве који су у њему, и смрт и пакао дадоше мртваце који бијаху у њима, и бише суђени сваки по дјелима својим."
Откривење,20,14,И смрт и пакао бише бачени у језеро огњено. Ова смрт је друга смрт.
Откривење,20,15,И ко се не нађе записан у Књизи живота бачен би у језеро огњено.
Откривење,21,1,"И видјех небо ново и земљу нову; јер прво небо и прва земља прођоше, и мора нема више."
Откривење,21,2,"И видјех Свети град, Јерусалим нови, гдје силази са неба од Бога, припремљен као невјеста украшена мужу својему."
Откривење,21,3,"И чух глас громки са неба који говори: Ево Скиније Божије међу људима, и Он ће становати с њима, и они ће бити народ његов, и сам Бог биће с њима;"
Откривење,21,4,"И Бог ће отрти сваку сузу из очију њихових, и смрти неће бити више, ни жалости ни јаука, ни бола неће бити више; јер прво прође."
Откривење,21,5,"И рече Онај што сједи на пријестолу: Ево све чиним новим. И рече ми: Напиши, јер су ове ријечи вјерне и истините."
Откривење,21,6,"И рече ми: Сврши се! Ја сам Алфа и Омега, Почетак и Свршетак. Ја ћу жедноме на дар дати са извора воде живота."
Откривење,21,7,"Који побиједи наслиједиће све ово, и бићу му Бог, и он ће ми бити син."
Откривење,21,8,"А страшљивима и невјернима и нечистима и убицама и блудницима и врачарима и идолопоклоницима и свима лажама, њима је удио у језеру које гори огњем и сумпором, што је друга смрт."
Откривење,21,9,"И дође један од седам анђела, који имаху седам чаша напуњених са седам посљедњих зала, и рече ми говорећи: Ходи да ти покажем Невјесту, Жену Јагњетову."
Откривење,21,10,"И одведе ме у Духу на гору велику и високу, и показа ми Град, свети Јерусалим, који силази са неба од Бога,"
Откривење,21,11,"И који има славу Божију, и свјетлост његова бијаше слична драгом камену, као камену јаспису који зрачи као кристал;"
Откривење,21,12,"И имаше зид велики и висок, и имаше дванаест врата, и на вратима дванаест анђела; и имена натписана, а то су имена дванаест племена синова Израиљевих."
Откривење,21,13,"Од истока троја врата, и од сјевера троја врата, и од југа троја врата, и од запада троја врата."
Откривење,21,14,"И зид Града имаше дванаест темеља, и на њима дванаест имена Дванаест апостола Јагњетових."
Откривење,21,15,"А онај што говораше са мном имаше метар, трску златну, да измјери Град и врата његова, и зид његов."
Откривење,21,16,"И Град лежи четвороугаоно, и дужина је његова колика и ширина. И измјери Град трском, на дванаест хиљада стадија: дужина и ширина и висина једнака је."
Откривење,21,17,"И измјери зид његов на сто четрдесет и четири лакта, по мјери човјечијој, која је и анђелова."
Откривење,21,18,"И бјеше грађа зида његова јаспис, а Град злато чисто, слично стаклу чистом."
Откривење,21,19,"И темељи зида Града бијаху украшени сваким драгим камељем: први темељ јаспис, други сапфир, трећи халкидон, четврти смарагд,"
Откривење,21,20,"Пети сардоникс, шести сард, седми хрисолит, осми вирил, девети топаз, десети хрисопрас, једанаести јакинт, дванаести аметист."
Откривење,21,21,"И дванаест врата дванаест бисера, свака врата бијаху од једнога бисера. И трг Града бијаше злато чисто као провидно стакло."
Откривење,21,22,"А храма не видјех у њему, јер храм је његов Господ Бог Сведржитељ, и Јагње."
Откривење,21,23,"И Град не потребује сунца ни мјесеца да му свијетле, јер га слава Божија освијетли, и свјетлост је његова Јагње."
Откривење,21,24,"И народи ће ходити у свјетлости његовој, и цареви земаљски донијеће славу и част своју у њега;"
Откривење,21,25,"И врата његова неће се затварати дању, јер ноћи ондје неће бити."
Откривење,21,26,И донијеће славу и част народа у њега.
Откривење,21,27,"И неће ући у њега ништа нечисто, ни који чини гадост и лаж, него само записани у Јагњетовој Књизи живота."
Откривење,22,1,"И показа ми ријеку воде живота, бистру као кристал, која извире од пријестола Божијег и Јагњетовог."
Откривење,22,2,"Насред трга његова и са обје стране ријеке Дрво живота, које рађа дванаест родова дајући свакога мјесеца свој род, и лишће од Дрвета бијаше за лијечење народа."
Откривење,22,3,"И више неће бити никаквога проклетства; и пријесто Божији и Јагњетов биће у њему, и слуге његове служиће Му,"
Откривење,22,4,"И гледаће лице Његово, и Име Његово биће на челима њиховим."
Откривење,22,5,"И ноћи више неће бити, и неће требати свјетиљке, ни свјетлости сунчане, јер ће их обасјавати Господ Бог, и цароваће у вијекове вијекова."
Откривење,22,6,"И рече ми: Ове су ријечи вјерне и истините, и Господ Бог светих пророка посла анђела својега да покаже слугама својим шта ће бити ускоро."
Откривење,22,7,И ево долазим ускоро. Блажен је који држи ријечи пророштва књиге ове.
Откривење,22,8,"И ја, Јован, чух и видјех ово. И када чух и видјех, клањајући се падох пред ноге анђела који ми ово показа."
Откривење,22,9,"И рече ми: Пази, немој! И ја сам слуга као и ти и као браћа твоја пророци и они који држе ријечи књиге ове. Богу се поклони."
Откривење,22,10,"И рече ми: Не запечати ријечи пророштва књиге ове, јер је вријеме близу."
Откривење,22,11,"Ко чини неправду нека још чини неправду, и нечисти нека се још прља; а ко је праведан нека још чини правду, и ко је свет нека се још освећује."
Откривење,22,12,"Ево долазим ускоро, и плата моја са мном, да дам свакоме по дјелима његовим."
Откривење,22,13,"Ја сам Алфа и Омега, Први и Посљедњи, Почетак и Свршетак."
Откривење,22,14,"Блажени су који творе заповијести његове, да имају право на Дрво живота, и да уђу на капије у Град."
Откривење,22,15,Напољу су пси и врачари и блудници и крвници и идолопоклоници и сваки који воли и чини лаж.
Откривење,22,16,"Ја, Исус, послах анђела својега да вам посвједочи ово у Црквама. Ја сам Изданак и Род Давидов, сјајна Звијезда Даница."
Откривење,22,17,"И Дух и Невјеста говоре: Дођи! И који чује нека каже: Дођи! И ко је жедан нека дође, и ко хоће нека узме воду живота на дар."
Откривење,22,18,"Ја свједочим свакоме који слуша ријечи пророштва књиге ове: ако ко дометне овоме, Бог ће на њега наметнути муке написане у књизи овој;"
Откривење,22,19,"И ако ко одузме од ријечи књиге пророштва овога, Бог ће одузети његов дио од Дрвета живота, и од Града светога, што је написано у књизи овој."
Откривење,22,20,"Говори Онај који свједочи ово: Да, доћи ћу скоро. Амин, да дођи, Господе Исусе!"
Откривење,22,21,Благодат Господа нашега Исуса Христа са свима светима. Амин.
